id,sales
3000888,3.702982735759181
3002670,3.702982735759181
3004452,3.702982735759181
3006234,5.180141249917881
3008016,5.180141249917881
3009798,4.429577210132258
3011580,4.009013680215521
3013362,3.2433049140467247
3015144,5.078429947301098
3016926,3.2433049140467247
3018708,3.62257824317165
3020490,3.62257824317165
3022272,4.522981163627904
3024054,5.911720382890618
3025836,5.290387936629542
3027618,5.290387936629542
3000889,0.8201961245294789
3002671,0.8201961245294789
3004453,0.8201961245294789
3006235,2.2973546386881805
3008017,2.2973546386881805
3009799,1.5276963310188085
3011581,1.1071328011020725
3013363,0.3605183028170225
3015145,1.0790627203285514
3016927,0.3605183028170225
3018709,0.7397916319419502
3020491,0.7397916319419502
3022273,1.6211002845144553
3024055,1.974348077404259
3025837,1.372109899026929
3027619,1.372109899026929
3000890,3.0216882071587907
3002672,3.0216882071587907
3004454,3.0216882071587907
3006236,4.498846721317488
3008018,4.498846721317488
3009800,3.7482826815318657
3011582,3.3277191516151303
3013364,2.5620103854463343
3015146,4.3971354187007075
3016928,2.5620103854463343
3018710,2.941283714571261
3020492,2.941283714571261
3022274,3.841686635027513
3024056,5.230425854290228
3025838,4.609093408029153
3027620,4.609093408029153
3000891,2017.7754560854492
3002673,2003.434734510212
3004455,2003.434734510212
3006237,2110.8691841394298
3008019,2080.4191811404467
3009801,2023.617411280191
3011583,1955.276477785518
3013365,1954.88500416731
3015147,1990.3660281631237
3016929,1903.7889282094934
3018711,1932.2051118231927
3020493,1956.0774763130905
3022275,1924.5485605078416
3024057,1954.7328380016024
3025839,1917.4306447867834
3027621,1903.0899232115462
3000892,0.22892229000241343
3002674,0.22892229000241343
3004456,0.22892229000241343
3006238,1.7060808041611135
3008020,1.7060808041611135
3009802,0.9364224964917435
3011584,0.5158589665750073
3013366,-0.2307555317100436
3015148,0.4877888858014859
3016930,-0.2307555317100436
3018712,0.14851779741488463
3020494,0.14851779741488463
3022276,1.0298264499873904
3024058,1.3830742428771934
3025840,0.7808360644998633
3027622,0.7808360644998633
3000893,398.2752036644979
3002675,398.2752036644979
3004457,398.2752036644979
3006239,405.30075168118645
3008021,405.30075168118645
3009803,395.7691108082674
3011585,381.36544767799376
3013367,380.83162628378443
3015149,396.4416501791146
3016931,380.83162628378443
3018713,381.680805264165
3020495,381.680805264165
3022277,381.2424792373349
3024059,377.7088655652557
3025841,379.5475646324133
3027623,379.5475646324133
3000894,16.210508062454043
3002676,16.210508062454043
3004458,16.210508062454043
3006240,17.687666576612745
3008022,17.687666576612745
3009804,16.93710253682712
3011586,16.51653900691038
3013368,15.750830240741585
3015150,17.58595527399596
3016932,15.750830240741585
3018714,16.130103569866517
3020496,16.130103569866517
3022278,17.030506490322765
3024060,18.419245709585482
3025842,18.21293056721953
3027624,18.21293056721953
3000895,835.2879731826445
3002677,835.2879731826445
3004459,835.2879731826445
3006241,845.7205457875062
3008023,845.7205457875062
3009805,833.438422530744
3011587,788.8006537030454
3013369,788.4091800848373
3015151,800.1064850771187
3016933,772.3274501303936
3018715,773.1278510739095
3020497,773.1278510739095
3022279,774.1153500880747
3024061,899.1630450484058
3025843,890.6547291359142
3027625,890.6547291359142
3000896,699.6822758248095
3002678,699.6822758248095
3004460,699.6822758248095
3006242,710.1148484296713
3008024,710.1148484296713
3009806,693.6068974136914
3011588,668.3479262976571
3013370,667.956452679449
3015152,675.1580492981423
3016934,660.9346419698686
3018716,661.7350429133845
3020498,661.7350429133845
3022280,655.2841248202947
3024062,787.7183384886264
3025844,789.6993853317853
3027626,789.6993853317853
3000897,112.32059099593943
3002679,112.32059099593943
3004461,112.32059099593943
3006243,114.09166243390995
3008025,114.09166243390995
3009807,112.81529809835307
3011589,112.39473456843632
3013371,111.86091317422698
3015153,120.55644183047828
3016935,111.86091317422698
3018717,112.53409942716372
3020499,112.53409942716372
3022281,112.90870205184872
3024063,115.70370147203973
3025845,115.93057370964887
3027627,115.93057370964887
3000898,172.37440802577143
3002680,172.37440802577143
3004462,172.37440802577143
3006244,174.14547946374196
3008026,174.14547946374196
3009808,173.66475810266795
3011590,169.88511284461546
3013372,169.35129145040614
3015154,183.2583519405086
3016936,169.35129145040614
3018718,170.0244777033429
3020500,170.0244777033429
3022282,171.19472330251077
3024064,171.7345790999251
3025846,172.13329863635553
3027628,172.13329863635553
3000899,111.07554206735949
3002681,111.07554206735949
3004463,111.07554206735949
3006245,112.84661350533001
3008027,112.84661350533001
3009809,109.35966134452825
3011591,108.9390978146115
3013373,108.40527642040216
3015155,117.10080507665346
3016937,108.40527642040216
3018719,109.0784626733389
3020501,109.0784626733389
3022283,114.04464060355888
3024065,116.83964002374988
3025847,116.86521225334339
3027629,116.86521225334339
3000900,2326.3091628957463
3002682,2311.968441320509
3004464,2311.968441320509
3006246,2462.1816731784847
3008028,2429.7815476623095
3009810,2326.3439260661653
3011592,2245.8914882161025
3013374,2245.5000145978943
3015156,2243.640924780126
3016938,2178.1228640420863
3018720,2234.7655537544206
3020502,2256.687795727126
3022284,2203.4740716459696
3024066,2155.4959024597783
3025848,2148.623607693616
3027630,2134.282886118379
3000901,26.296565892434234
3002683,26.296565892434234
3004465,26.296565892434234
3006247,27.773724406592937
3008029,27.773724406592937
3009811,26.773120648920504
3011593,26.352557119003766
3013375,25.836888070721777
3015157,27.865065469930638
3016939,25.836888070721777
3018721,26.216161399846705
3020503,26.216161399846705
3022285,26.86652460241615
3024067,28.255263821678867
3025849,28.29898839719972
3027631,28.29898839719972
3000902,2.277014824359095
3002684,2.277014824359095
3004466,2.277014824359095
3006248,3.754173338517795
3008030,3.754173338517795
3009812,3.0036092987321696
3011594,2.583045768815434
3013376,1.817337002646638
3015158,3.8455144018554956
3016940,1.817337002646638
3018722,2.196610331771566
3020504,2.196610331771566
3022286,3.0970132522278164
3024068,4.485752471490532
3025850,3.864420025229458
3027632,3.864420025229458
3000903,16.37230599236563
3002685,16.37230599236563
3004467,16.37230599236563
3006249,17.84946450652433
3008031,17.84946450652433
3009813,17.098900466738705
3011595,16.678336936821967
3013377,15.912628170653173
3015159,17.940805569862032
3016941,15.912628170653173
3018723,16.2919014997781
3020505,16.2919014997781
3022287,17.19230442023435
3024069,18.581043639497068
3025851,18.374728497131116
3027633,18.374728497131116
3000904,5.365066963118383
3002686,5.365066963118383
3004468,5.365066963118383
3006250,6.842225477277083
3008032,6.842225477277083
3009814,6.09166143749146
3011596,5.671097907574722
3013378,4.905389141405926
3015160,6.933566540614781
3016942,4.905389141405926
3018724,5.2846624705308525
3020506,5.2846624705308525
3022288,6.185065390987106
3024070,7.5738046102498195
3025852,6.952472163988744
3027634,6.952472163988744
3000905,-0.2405105654158176
3002687,-0.2405105654158176
3004469,-0.2405105654158176
3006251,1.236647948742883
3008033,1.236647948742883
3009815,0.4669896410735123
3011597,0.04642611115677567
3013379,-0.7001883871282745
3015161,0.2114083963377376
3016943,-0.7001883871282745
3018725,-0.3209150580033467
3020507,-0.3209150580033467
3022289,0.5603935945691588
3024071,0.9136413874589621
3025853,0.3114032090816322
3027635,0.3114032090816322
3000906,147.67951768140622
3002688,147.67951768140622
3004470,147.67951768140622
3006252,149.45058911937676
3008034,149.45058911937676
3009816,148.96986775830274
3011598,145.19022250025026
3013380,144.65640110604093
3015162,158.53853725147792
3016944,144.65640110604093
3018726,145.3295873589777
3020508,145.3295873589777
3022290,146.49983295814556
3024072,147.0396887555599
3025854,147.26656099316907
3027636,147.26656099316907
3000907,20.586055659218033
3002689,20.586055659218033
3004471,20.586055659218033
3006253,22.063214173376736
3008035,22.063214173376736
3009817,21.31265013359111
3011599,20.89208660367437
3013381,20.126377837505576
3015163,22.154555236714437
3016945,20.126377837505576
3018727,20.505651166630503
3020509,20.505651166630503
3022291,21.406054087086755
3024073,22.794793306349472
3025855,22.58847816398352
3027637,22.58847816398352
3000908,9.721678392845464
3002690,9.721678392845464
3004472,9.721678392845464
3006254,11.198836907004162
3008036,11.198836907004162
3009818,10.44827286721854
3011600,10.027709337301802
3013382,9.262000571133006
3015164,11.290177970341858
3016946,9.262000571133006
3018728,9.641273900257934
3020510,9.641273900257934
3022292,10.541676820714189
3024074,11.930416039976903
3025856,11.309083593715823
3027638,11.309083593715823
3000909,8.522569601666023
3002691,8.522569601666023
3004473,8.522569601666023
3006255,9.999728115824722
3008037,9.999728115824722
3009819,9.249164076039099
3011601,8.828600546122361
3013383,8.062891779953564
3015165,10.091069179162417
3016947,8.062891779953564
3018729,8.442165109078493
3020511,8.442165109078493
3022293,9.342568029534744
3024075,10.731307248797458
3025857,10.109974802536382
3027639,10.109974802536382
3000910,76.74211887854851
3002692,76.74211887854851
3004474,76.74211887854851
3006256,78.51319031651903
3008038,78.51319031651903
3009820,77.23682598096215
3011602,76.8162624510454
3013384,76.28244105683606
3015166,83.94023563076271
3016948,76.28244105683606
3018730,76.95562730977281
3020512,76.95562730977281
3022294,77.3302299344578
3024076,78.71896915372051
3025858,78.74454138331402
3027640,78.74454138331402
3000911,1.8158937968015982
3002693,1.8158937968015982
3004475,1.8158937968015982
3006257,3.4822432476030163
3008039,3.4822432476030163
3009821,2.5233940032909308
3011603,2.102830473374195
3013385,1.3562159750891423
3015167,2.76378518349013
3016949,1.3562159750891423
3018731,1.9246802408567867
3020513,1.9246802408567867
3022295,2.6167979567865776
3024077,3.440144356374863
3025859,2.837906177997531
3027641,2.837906177997531
3000912,358.78713186523197
3002694,358.78713186523197
3004476,358.78713186523197
3006258,365.81267988192053
3008040,365.81267988192053
3009822,356.28103900900146
3011604,341.87737587872783
3013386,341.3435544845185
3015168,356.9535783798487
3016950,341.3435544845185
3018732,342.19273346489905
3020514,342.19273346489905
3022296,341.754407438069
3024078,335.5217699587766
3025860,337.3604690259342
3027642,337.3604690259342
3000913,125.6114126157675
3002695,125.6114126157675
3004477,125.6114126157675
3006259,127.38248405373803
3008041,127.38248405373803
3009823,126.10611971818115
3011605,125.6855561882644
3013387,125.15173479405506
3015169,134.80203826820892
3016951,125.15173479405506
3018733,125.8249210469918
3020515,125.8249210469918
3022297,126.1995236716768
3024079,129.44468225326136
3025861,129.67155449087053
3027643,129.67155449087053
3000914,6.849763338233633
3002696,6.849763338233633
3004478,6.849763338233633
3006260,8.51611278903505
3008042,8.51611278903505
3009824,7.576357812606713
3011606,7.155794282689975
3013388,6.390085516521176
3015170,8.418262915730033
3016952,6.390085516521176
3018734,6.958549782288821
3020516,6.958549782288821
3022298,7.669761766102357
3024080,9.058500985365074
3025862,8.437168539103995
3027644,8.437168539103995
3000915,18.676742645614098
3002697,18.676742645614098
3004479,18.676742645614098
3006261,20.343092096415518
3008043,20.343092096415518
3009825,19.403337119987174
3011607,18.982773590070437
3013389,18.21706482390164
3015171,20.245242223110502
3016953,18.21706482390164
3018735,18.785529089669286
3020517,18.785529089669286
3022299,19.49674107348282
3024081,20.885480292745537
3025863,20.679165150379585
3027645,20.679165150379585
3000916,401.45993123364
3002698,401.45993123364
3004480,401.45993123364
3006262,410.5900935105997
3008044,410.5900935105997
3009826,398.9538383774095
3011608,384.5501752471359
3013390,384.01635385292656
3015172,401.73099200852783
3016954,384.01635385292656
3018736,386.9701470935782
3020518,386.9701470935782
3022300,384.42720680647705
3024082,378.19456932718464
3025864,380.03326839434226
3027646,380.03326839434226
3000917,92.30560095199819
3002699,92.30560095199819
3004481,92.30560095199819
3006263,94.0766723899687
3008045,94.0766723899687
3009827,92.80030805441183
3011609,92.37974452449508
3013391,91.84592313028574
3015173,100.04735581525786
3016955,91.84592313028574
3018737,92.51910938322249
3020519,92.51910938322249
3022301,92.89371200790748
3024083,95.68871142809849
3025865,95.714283657692
3027647,95.714283657692
3000918,725.0118680906667
3002700,629.7929311070486
3004482,615.1957245802694
3006264,986.1233127327793
3008046,1006.6190066981823
3009828,700.7019180140398
3011610,560.6435840090556
3013392,614.3847501011321
3015174,1131.139722700022
3016956,436.64048218247484
3018738,575.0950802039621
3020520,1369.893554562786
3022302,1107.8774662522699
3024084,1222.08779122604
3025866,1218.020550688901
3027648,1163.5091479170092
3000919,-0.2599671298727321
3002701,-0.2599671298727321
3004483,-0.2599671298727321
3006265,1.4063823209286859
3008047,1.4063823209286859
3009829,0.44753307661659786
3011611,0.026969546699861208
3013393,-0.7196449515851887
3015175,0.1919518318808231
3016957,-0.7196449515851887
3018739,-0.15118068581754357
3020521,-0.15118068581754357
3022303,0.5409370301122444
3024085,0.8941848230020476
3025867,0.2919466446247178
3027649,0.2919466446247178
3000920,46.854711315699866
3002702,46.854711315699866
3004484,46.854711315699866
3006266,48.521060766501286
3008048,48.521060766501286
3009830,47.34941841811349
3011612,46.92885488819675
3013394,46.39503349398741
3015176,49.59706109010486
3016958,46.39503349398741
3018740,46.96349775975506
3020522,46.96349775975506
3022304,47.44282237160913
3024086,48.83156159087184
3025868,48.85713382046535
3027650,48.85713382046535
3001251,7.164258999508764
3003033,7.164258999508764
3004815,7.164258999508764
3006597,8.641417513667465
3008379,8.641417513667465
3010161,7.890853473881844
3011943,7.470289943965105
3013725,6.704581177796307
3015507,8.539706211050682
3017289,6.704581177796307
3019071,7.0838545069212335
3020853,7.0838545069212335
3022635,7.984257427377491
3024417,9.372996646640205
3026199,8.751664200379128
3027981,8.751664200379128
3001252,0.8201961245294789
3003034,0.8201961245294789
3004816,0.8201961245294789
3006598,2.2973546386881805
3008380,2.2973546386881805
3010162,1.5276963310188085
3011944,1.1071328011020725
3013726,0.3605183028170225
3015508,1.0790627203285514
3017290,0.3605183028170225
3019072,0.7397916319419502
3020854,0.7397916319419502
3022636,1.6211002845144553
3024418,1.974348077404259
3026200,1.372109899026929
3027982,1.372109899026929
3001253,4.420541301259336
3003035,4.420541301259336
3004817,4.420541301259336
3006599,5.897699815418036
3008381,5.897699815418036
3010163,5.1471357756324085
3011945,4.72657224571567
3013727,3.9608634795468802
3015509,5.7959885128012525
3017291,3.9608634795468802
3019073,4.340136808671805
3020855,4.340136808671805
3022637,5.240539729128054
3024419,6.629278948390768
3026201,6.007946502129697
3027983,6.007946502129697
3001254,3007.363098845253
3003036,2912.1441618616354
3004818,2897.546955334856
3006600,3199.753591539117
3008382,3222.399209143871
3010164,3002.937248926862
3011946,2838.2516965358564
3013728,2837.860222917648
3015510,2920.8485249050264
3017292,2731.528712710854
3019074,2818.59363105201
3020856,2901.253552929396
3022638,2708.053744560794
3024420,2737.6085364600553
3026202,2717.296889496296
3027984,2622.0779525126786
3001255,0.22892229000241343
3003037,0.22892229000241343
3004819,0.22892229000241343
3006601,1.7060808041611135
3008383,1.7060808041611135
3010165,0.9364224964917435
3011947,0.5158589665750073
3013729,-0.2307555317100436
3015511,0.4877888858014859
3017293,-0.2307555317100436
3019075,0.14851779741488463
3020857,0.14851779741488463
3022639,1.0298264499873904
3024421,1.3830742428771934
3026203,0.7808360644998633
3027985,0.7808360644998633
3001256,381.7798480300123
3003038,381.7798480300123
3004820,381.7798480300123
3006602,388.8053960467009
3008384,388.8053960467009
3010166,379.2737551737818
3011948,364.8700920435082
3013730,364.33627064929885
3015512,388.73060153641444
3017294,364.33627064929885
3019076,365.1854496296794
3020858,365.1854496296794
3022640,364.74712360284934
3024422,361.2135099307701
3026204,363.0522089979277
3027986,363.0522089979277
3001257,6.995859545474585
3003039,6.995859545474585
3004821,6.995859545474585
3006603,8.473018059633283
3008385,8.473018059633283
3010167,7.722454019847661
3011949,7.301890489930925
3013731,6.536181723762128
3015513,8.3713067570165
3017295,6.536181723762128
3019077,6.915455052887054
3020859,6.915455052887054
3022641,7.81585797334331
3024423,9.204597192606027
3026205,8.583264746344947
3027987,8.583264746344947
3001258,939.340347846939
3003040,939.340347846939
3004822,939.340347846939
3006604,946.7536864653524
3008386,946.7536864653524
3010168,939.0750640834357
3011950,894.4372952557371
3013732,894.045821637529
3015514,936.6356538143073
3017296,874.1084867575897
3019078,874.9088877011056
3020860,874.9088877011056
3022642,875.8963867152709
3024424,843.6984330464775
3026206,842.6283514595602
3027988,842.6283514595602
3001259,856.8872428486484
3003041,856.8872428486484
3004823,856.8872428486484
3006605,867.3198154535102
3008387,867.3198154535102
3010169,855.0376921967479
3011951,810.3999233690494
3013733,810.0084497508412
3015515,856.453886853115
3017297,793.9267197963975
3019079,794.7271207399134
3020861,794.7271207399134
3022643,795.7146197540786
3024425,765.7875547361332
3026207,757.2792388236415
3027989,757.2792388236415
3001260,172.37440802577143
3003042,172.37440802577143
3004824,172.37440802577143
3006606,174.14547946374196
3008388,174.14547946374196
3010170,173.66475810266795
3011952,169.88511284461546
3013734,169.35129145040614
3015516,183.2583519405086
3017298,169.35129145040614
3019080,170.0244777033429
3020862,170.0244777033429
3022644,171.19472330251077
3024426,171.7345790999251
3026208,172.13329863635553
3027990,172.13329863635553
3001261,172.37440802577143
3003043,172.37440802577143
3004825,172.37440802577143
3006607,174.14547946374196
3008389,174.14547946374196
3010171,173.66475810266795
3011953,169.88511284461546
3013735,169.35129145040614
3015517,183.2583519405086
3017299,169.35129145040614
3019081,170.0244777033429
3020863,170.0244777033429
3022645,171.19472330251077
3024427,171.7345790999251
3026209,172.13329863635553
3027991,172.13329863635553
3001262,94.98831459206666
3003044,94.98831459206666
3004826,94.98831459206666
3006608,96.75938603003718
3008390,96.75938603003718
3010172,93.27243386923541
3011954,92.85187033931867
3013736,92.31804894510933
3015518,100.51948163008144
3017300,92.31804894510933
3019082,92.99123519804607
3020864,92.99123519804607
3022646,97.95741312826604
3024428,100.75241254845704
3026210,100.77798477805055
3027992,100.77798477805055
3001263,3347.0104068806613
3003045,3251.791469897044
3004827,3237.1942633702647
3006609,3583.25408555483
3008391,3603.749779520233
3010173,3354.674288996327
3011955,3180.3610430234653
3013737,3160.676316235904
3015519,3253.4340001126734
3017301,3037.0121438017545
3019083,3136.0466997251747
3020865,3216.55669796321
3022647,3102.14695085505
3024429,3161.7787110454074
3026211,3172.288436148513
3027993,3117.7770333766216
3001264,32.21731467911411
3003046,32.21731467911411
3004828,32.21731467911411
3006610,33.69447319327281
3008392,33.69447319327281
3010174,32.71202178152773
3011956,32.291458251611
3013738,31.757636857401657
3015520,34.9596644535191
3017302,31.757636857401657
3019084,32.136910186526585
3020866,32.136910186526585
3022648,32.80542573502338
3024430,34.19416495428609
3026212,34.219737183879595
3027994,34.219737183879595
3001265,2.277014824359095
3003047,2.277014824359095
3004829,2.277014824359095
3006611,3.754173338517795
3008393,3.754173338517795
3010175,3.0036092987321696
3011957,2.583045768815434
3013739,1.817337002646638
3015521,3.8455144018554956
3017303,1.817337002646638
3019085,2.196610331771566
3020867,2.196610331771566
3022649,3.0970132522278164
3024431,4.485752471490532
3026213,3.864420025229458
3027995,3.864420025229458
3001266,33.80172721608355
3003048,33.80172721608355
3004830,33.80172721608355
3006612,35.27888573024225
3008394,35.27888573024225
3010176,34.29643431849717
3011958,33.875870788580436
3013740,33.342049394371095
3015522,36.54407699048854
3017304,33.342049394371095
3019086,33.72132272349602
3020868,33.72132272349602
3022650,34.389838271992815
3024432,35.778577491255525
3026214,35.80414972084903
3027996,35.80414972084903
3001267,19.13721091136325
3003049,19.13721091136325
3004831,19.13721091136325
3006613,20.614369425521954
3008395,20.614369425521954
3010177,19.863805385736327
3011959,19.44324185581959
3013741,18.677533089650794
3015523,20.705710488859655
3017305,18.677533089650794
3019087,19.05680641877572
3020869,19.05680641877572
3022651,19.957209339231973
3024433,21.34594855849469
3026215,21.13963341612874
3027997,21.13963341612874
3001268,1.690924656063658
3003050,1.690924656063658
3004832,1.690924656063658
3006614,3.168083170222358
3008396,3.168083170222358
3010178,2.3984248625529903
3011960,1.9778613326362537
3013742,1.2312468343512017
3015524,2.6388160427521896
3017306,1.2312468343512017
3019088,1.6105201634761297
3020870,1.6105201634761297
3022652,2.491828816048637
3024434,3.3151752156369225
3026216,2.7129370372595907
3027998,2.7129370372595907
3001269,224.5567474012016
3003051,224.5567474012016
3004833,224.5567474012016
3006615,226.32781883917212
3008397,226.32781883917212
3010179,225.8470974780981
3011961,218.9640283342022
3013743,218.43020693999287
3015525,230.58725820269322
3017307,218.43020693999287
3019089,219.10339319292964
3020871,219.10339319292964
3022653,220.2736387920975
3024435,220.81349458951183
3026217,221.21221412594227
3027999,221.21221412594227
3001270,22.16147009682276
3003052,22.16147009682276
3004834,22.16147009682276
3006616,23.638628610981463
3008398,23.638628610981463
3010180,22.638024853309037
3011962,22.2174613233923
3013744,21.701792275110304
3015526,23.729969674319165
3017308,21.701792275110304
3019090,22.08106560423523
3020872,22.08106560423523
3022654,22.731428806804683
3024436,24.1201680260674
3026218,24.16389260158825
3028000,24.16389260158825
3001271,9.721678392845464
3003053,9.721678392845464
3004835,9.721678392845464
3006617,11.198836907004162
3008399,11.198836907004162
3010181,10.44827286721854
3011963,10.027709337301802
3013745,9.262000571133006
3015527,11.290177970341858
3017309,9.262000571133006
3019091,9.641273900257934
3020873,9.641273900257934
3022655,10.541676820714189
3024437,11.930416039976903
3026219,11.309083593715823
3028001,11.309083593715823
3001272,11.283603284423494
3003054,11.283603284423494
3004836,11.283603284423494
3006618,12.760761798582193
3008400,12.760761798582193
3010182,12.01019775879657
3011964,11.589634228879833
3013746,10.823925462711037
3015528,12.852102861919892
3017310,10.823925462711037
3019092,11.203198791835964
3020874,11.203198791835964
3022656,12.10360171229222
3024438,13.492340931554933
3026220,12.871008485293856
3028002,12.871008485293856
3001273,49.30184833515297
3003055,49.30184833515297
3004837,49.30184833515297
3006619,50.96819778595439
3008401,50.96819778595439
3010183,49.79655543756659
3011965,49.375991907649855
3013747,48.842170513440514
3015529,52.04419810955796
3017311,48.842170513440514
3019093,49.41063477920816
3020875,49.41063477920816
3022657,49.889959391062234
3024439,51.278698610324945
3026221,51.30427083991845
3028003,51.30427083991845
3001274,2.8999537374890965
3003056,2.8999537374890965
3004838,2.8999537374890965
3006620,4.566303188290514
3008402,4.566303188290514
3010184,3.6265482118621692
3011966,3.205984681945433
3013748,2.44027591577664
3015530,4.468453314985495
3017312,2.44027591577664
3019094,3.0087401815442845
3020876,3.0087401815442845
3022658,3.7199521653578174
3024440,5.108691384620531
3026222,4.487358938359457
3028004,4.487358938359457
3001275,509.83359905024093
3003057,509.83359905024093
3004839,509.83359905024093
3006621,520.5495988852309
3008403,520.5495988852309
3010185,503.90056841512404
3011967,483.89953941128624
3013749,483.3657180170769
3015531,513.1568083021774
3017313,483.3657180170769
3019095,489.5545036683705
3020877,489.5545036683705
3022659,483.7765709706274
3024441,464.83980854571746
3026223,466.6785076128751
3028005,466.6785076128751
3001276,224.5567474012016
3003058,224.5567474012016
3004840,224.5567474012016
3006622,226.32781883917212
3008404,226.32781883917212
3010186,225.8470974780981
3011968,218.9640283342022
3013750,218.43020693999287
3015532,230.58725820269322
3017314,218.43020693999287
3019096,219.10339319292964
3020878,219.10339319292964
3022660,220.2736387920975
3024442,220.81349458951183
3026224,221.21221412594227
3028006,221.21221412594227
3001277,10.007265976781271
3003059,10.007265976781271
3004841,10.007265976781271
3006623,11.673615427582687
3008405,11.673615427582687
3010187,10.733860451154351
3011969,10.313296921237614
3013751,9.547588155068814
3015533,11.57576555427767
3017315,9.547588155068814
3019097,10.116052420836459
3020879,10.116052420836459
3022661,10.827264404649997
3024443,12.21600362391271
3026225,11.594671177651634
3028007,11.594671177651634
3001278,6.849763338233633
3003060,6.849763338233633
3004842,6.849763338233633
3006624,8.51611278903505
3008406,8.51611278903505
3010188,7.576357812606713
3011970,7.155794282689975
3013752,6.390085516521176
3015534,8.418262915730033
3017316,6.390085516521176
3019098,6.958549782288821
3020880,6.958549782288821
3022662,7.669761766102357
3024444,9.058500985365074
3026226,8.437168539103995
3028008,8.437168539103995
3001279,524.4504263186662
3003061,524.4504263186662
3004843,524.4504263186662
3006625,536.5338409904382
3008407,536.5338409904382
3010189,518.5173956835494
3011971,498.5163666797108
3013753,497.9825452855015
3015535,529.8782498308733
3017317,497.9825452855015
3019099,500.43378829592774
3020881,500.43378829592774
3022663,492.4743759119288
3024445,470.8385896798057
3026227,472.6772887469633
3028009,472.6772887469633
3001280,110.2513680087273
3003062,110.2513680087273
3004844,110.2513680087273
3006626,112.02243944669782
3008408,112.02243944669782
3010190,110.74607511114094
3011972,110.32551158122419
3013754,109.79169018701485
3015536,118.48721884326618
3017318,109.79169018701485
3019100,110.4648764399516
3020882,110.4648764399516
3022664,110.83947906463659
3024446,113.6344784848276
3026228,113.86135072243674
3028010,113.86135072243674
3001281,1069.7373464984828
3003063,974.5184095148652
3004845,959.921202988086
3006627,1385.1306817461164
3008409,1405.6263757115191
3010191,963.0181969573082
3011973,802.4421501413486
3013755,856.1833162334251
3015537,919.9326685231591
3017319,703.5108122122408
3019101,881.695024709126
3020883,1538.2572662175767
3022665,1706.6728367688625
3024447,1686.691339143033
3026229,1697.2010642461385
3028011,1642.6896614742468
3001282,-0.2599671298727321
3003064,-0.2599671298727321
3004846,-0.2599671298727321
3006628,1.4063823209286859
3008410,1.4063823209286859
3010192,0.44753307661659786
3011974,0.026969546699861208
3013756,-0.7196449515851887
3015538,0.1919518318808231
3017320,-0.7196449515851887
3019102,-0.15118068581754357
3020884,-0.15118068581754357
3022666,0.5409370301122444
3024448,0.8941848230020476
3026230,0.2919466446247178
3028012,0.2919466446247178
3001283,31.788156214911815
3003065,31.788156214911815
3004847,31.788156214911815
3006629,33.454505665713235
3008411,33.454505665713235
3010193,32.282863317325436
3011975,31.862299787408702
3013757,31.328478393199354
3015539,34.53050598931681
3017321,31.328478393199354
3019103,31.896942658967006
3020885,31.896942658967006
3022667,32.37626727082108
3024449,33.76500649008379
3026231,33.7905787196773
3028013,33.7905787196773
3001614,6.363396392377554
3003396,6.363396392377554
3005178,6.363396392377554
3006960,7.840554906536254
3008742,7.840554906536254
3010524,7.089990866750632
3012306,6.669427336833894
3014088,5.903718570665097
3015870,7.738843603919472
3017652,5.903718570665097
3019434,6.282991899790024
3021216,6.282991899790024
3022998,7.183394820246278
3024780,8.572134039508999
3026562,7.950801593247917
3028344,7.950801593247917
3001615,0.8201961245294789
3003397,0.8201961245294789
3005179,0.8201961245294789
3006961,2.2973546386881805
3008743,2.2973546386881805
3010525,1.5276963310188085
3012307,1.1071328011020725
3014089,0.3605183028170225
3015871,1.0790627203285514
3017653,0.3605183028170225
3019435,0.7397916319419502
3021217,0.7397916319419502
3022999,1.6211002845144553
3024781,1.974348077404259
3026563,1.372109899026929
3028345,1.372109899026929
3001616,2.4355980388633505
3003398,2.4355980388633505
3005180,2.4355980388633505
3006962,3.91275655302205
3008744,3.91275655302205
3010526,3.14309824535268
3012308,2.722534715435944
3014090,1.9759202171508934
3015872,3.190437059597398
3017654,1.9759202171508934
3019436,2.355193546275821
3021218,2.355193546275821
3023000,3.2365021988483265
3024782,4.059848598436613
3026564,3.457610420059282
3028346,3.457610420059282
3001617,4986.0479690384
3003399,4843.367160019562
3005181,4877.531095548817
3006963,6187.738188606318
3008745,6254.082418186147
3010527,5047.355905700738
3012309,4802.953272002
3014091,4714.075049427902
3015873,5615.814967306285
3017655,4563.488075455066
3019437,5583.786267355344
3021219,5900.101628000782
3023001,4699.133710833822
3024783,4865.023315229183
3026565,4830.526176243387
3028347,4812.199666985349
3001618,0.22892229000241343
3003400,0.22892229000241343
3005182,0.22892229000241343
3006964,1.7060808041611135
3008746,1.7060808041611135
3010528,0.9364224964917435
3012310,0.5158589665750073
3014092,-0.2307555317100436
3015874,0.4877888858014859
3017656,-0.2307555317100436
3019438,0.14851779741488463
3021220,0.14851779741488463
3023002,1.0298264499873904
3024784,1.3830742428771934
3026566,0.7808360644998633
3028348,0.7808360644998633
3001619,883.7446248082341
3003401,883.7446248082341
3005183,883.7446248082341
3006965,894.1771974130959
3008747,894.1771974130959
3010529,881.8950741563336
3012311,837.2573053286351
3014093,836.865831710427
3015875,883.3112688127007
3017657,820.7841017559832
3019439,821.5845026994991
3021221,821.5845026994991
3023003,822.5720017136643
3024785,792.6449366957189
3026567,784.1366207832273
3028349,784.1366207832273
3001620,27.394729631387012
3003402,27.394729631387012
3005184,27.394729631387012
3006966,28.871888145545714
3008748,28.871888145545714
3010530,27.87128438787328
3012312,27.450720857956544
3014094,26.935051809674555
3015876,30.13707940579201
3017658,26.935051809674555
3019440,27.314325138799482
3021222,27.314325138799482
3023004,27.964688341368927
3024786,29.353427560631644
3026568,29.3971521361525
3028350,29.3971521361525
3001621,1647.9802845660843
3003403,1633.639562990847
3005185,1633.639562990847
3006967,1702.73309669885
3008749,1672.2830936998669
3010531,1653.822239760826
3012313,1590.2206391972613
3014095,1589.8291655790533
3015877,1690.890136677395
3017659,1538.7330896212368
3019441,1528.8083573137214
3021223,1552.6807218036192
3023005,1559.492721919585
3024787,1589.6769994133458
3026569,1573.2275204747182
3028351,1558.886798899481
3001622,1784.7409774595849
3003404,1770.4002558843476
3005186,1770.4002558843476
3006968,1839.4937895923506
3008750,1809.0437865933675
3010532,1790.5829326543267
3012314,1726.981332090762
3014096,1726.589858472554
3015878,1821.7390141112094
3017660,1675.4937825147374
3019442,1665.569050207222
3021224,1689.4414146971199
3023006,1696.2534148130856
3024788,1726.4376923068464
3026570,1709.9882133682188
3028352,1695.6474917929816
3001623,276.87191795730365
3003405,276.87191795730365
3005187,276.87191795730365
3006969,278.6429893952742
3008751,278.6429893952742
3010533,276.0198951106693
3012315,266.98587765829615
3014097,266.4520562640868
3015879,279.18666656148815
3017661,266.4520562640868
3019443,266.3368948255636
3021225,266.3368948255636
3023007,268.2954881161915
3024789,260.4108472039551
3026571,260.8095667403855
3028353,260.8095667403855
3001624,495.06727040359686
3003406,495.06727040359686
3005188,495.06727040359686
3006970,505.78327023858645
3008752,505.78327023858645
3010534,489.13423976848
3012316,469.1332107646422
3014098,468.59938937043285
3015880,498.39047965553294
3017662,468.59938937043285
3019444,474.7881750217265
3021226,474.7881750217265
3023008,469.01024232398333
3024790,450.0734798990734
3026572,451.912178966231
3028354,451.912178966231
3001625,261.6556372192725
3003407,261.6556372192725
3005189,261.6556372192725
3006971,263.426708657243
3008753,263.426708657243
3010535,258.59302654739326
3012317,251.7099574034974
3014099,251.1761360092881
3015881,262.7895491609428
3017663,251.1761360092881
3019445,251.84932226222486
3021227,251.84932226222486
3023009,257.61114316692766
3024791,250.97766896561063
3026573,251.37638850204107
3028355,251.37638850204107
3001626,5753.856420591152
3003408,5641.819494774129
3005190,5627.222288247351
3006972,6067.873916097263
3008754,6134.218145677092
3010536,5809.357165229166
3012318,5526.076378209055
3014100,5437.198155634957
3015882,6327.157091723498
3017664,5252.212848209913
3019446,5331.024436668432
3021228,5669.224931800251
3023010,5410.567317748421
3024792,5614.718526828711
3026574,5610.651286291572
3028356,5539.321894686276
3001627,44.795328695221365
3003409,44.795328695221365
3005191,44.795328695221365
3006973,46.27248720938007
3008755,46.27248720938007
3010537,45.290035797634985
3012319,44.86947226771825
3014101,44.33565087350891
3015883,47.53767846962636
3017665,44.33565087350891
3019447,44.71492420263384
3021229,44.71492420263384
3023011,45.38343975113063
3024793,46.77217897039334
3026575,46.79775119998685
3028357,46.79775119998685
3001628,-0.2405105654158176
3003410,-0.2405105654158176
3005192,-0.2405105654158176
3006974,1.236647948742883
3008756,1.236647948742883
3010538,0.4669896410735123
3012320,0.04642611115677567
3014102,-0.7001883871282745
3015884,0.2114083963377376
3017666,-0.7001883871282745
3019448,-0.3209150580033467
3021230,-0.3209150580033467
3023012,0.5603935945691588
3024794,0.9136413874589621
3026576,0.3114032090816322
3028358,0.3114032090816322
3001629,29.119989238263965
3003411,29.119989238263965
3005193,29.119989238263965
3006975,30.597147752422668
3008757,30.597147752422668
3010539,29.614696340677582
3012321,29.194132810760845
3014103,28.660311416551508
3015885,31.862339012668965
3017667,28.660311416551508
3019449,29.039584745676436
3021231,29.039584745676436
3023013,29.708100294173228
3024795,31.096839513435942
3026577,31.12241174302945
3028359,31.12241174302945
3001630,24.053422057019066
3003412,24.053422057019066
3005194,24.053422057019066
3006976,25.53058057117777
3008758,25.53058057117777
3010540,24.529976813505336
3012322,24.109413283588598
3014104,23.59374423530661
3015886,25.62192163451547
3017668,23.59374423530661
3019450,23.973017564431537
3021232,23.973017564431537
3023014,24.62338076700098
3024796,26.0121199862637
3026578,26.055844561784554
3028360,26.055844561784554
3001631,4.414643947047863
3003413,4.414643947047863
3005195,4.414643947047863
3006977,5.891802461206563
3008759,5.891802461206563
3010541,5.141238421420937
3012323,4.720674891504198
3014105,3.9549661253354076
3015887,5.983143524544262
3017669,3.9549661253354076
3019451,4.334239454460333
3021233,4.334239454460333
3023015,5.234642374916582
3024797,6.623381594179296
3026579,6.002049147918224
3028361,6.002049147918224
3001632,410.63726807521886
3003414,410.63726807521886
3005196,410.63726807521886
3006978,417.6628160919074
3008760,417.6628160919074
3010542,408.13117521898835
3012324,393.7275120887147
3014106,393.1936906945054
3015888,417.588021581621
3017670,393.1936906945054
3019452,394.04286967488594
3021234,394.04286967488594
3023016,393.6045436480559
3024798,390.07092997597664
3026580,391.90962904313426
3028362,391.90962904313426
3001633,50.997828606499304
3003415,50.997828606499304
3005197,50.997828606499304
3006979,52.47498712065801
3008761,52.47498712065801
3010543,51.492535708912925
3012325,51.07197217899619
3014107,50.53815078478685
3015889,53.7401783809043
3017671,50.53815078478685
3019453,50.91742411391178
3021235,50.91742411391178
3023017,51.58593966240857
3024799,52.97467888167128
3026581,53.00025111126479
3028363,53.00025111126479
3001634,20.586055659218033
3003416,20.586055659218033
3005198,20.586055659218033
3006980,22.063214173376736
3008762,22.063214173376736
3010544,21.31265013359111
3012326,20.89208660367437
3014108,20.126377837505576
3015890,22.154555236714437
3017672,20.126377837505576
3019454,20.505651166630503
3021236,20.505651166630503
3023018,21.406054087086755
3024800,22.794793306349472
3026582,22.58847816398352
3028364,22.58847816398352
3001635,33.80172721608355
3003417,33.80172721608355
3005199,33.80172721608355
3006981,35.27888573024225
3008763,35.27888573024225
3010545,34.29643431849717
3012327,33.875870788580436
3014109,33.342049394371095
3015891,36.54407699048854
3017673,33.342049394371095
3019455,33.72132272349602
3021237,33.72132272349602
3023019,34.389838271992815
3024801,35.778577491255525
3026583,35.80414972084903
3028365,35.80414972084903
3001636,125.6114126157675
3003418,125.6114126157675
3005200,125.6114126157675
3006982,127.38248405373803
3008764,127.38248405373803
3010546,126.10611971818115
3012328,125.6855561882644
3014110,125.15173479405506
3015892,134.80203826820892
3017674,125.15173479405506
3019456,125.8249210469918
3021238,125.8249210469918
3023020,126.1995236716768
3024802,129.44468225326136
3026584,129.67155449087053
3028366,129.67155449087053
3001637,14.616003231033131
3003419,14.616003231033131
3005201,14.616003231033131
3006983,16.28235268183455
3008765,16.28235268183455
3010547,15.342597705406208
3012329,14.92203417548947
3014111,14.156325409320674
3015893,16.184502808529533
3017675,14.156325409320674
3019457,14.724789675088319
3021239,14.724789675088319
3023021,15.436001658901857
3024803,16.82474087816457
3026585,16.203408431903497
3028367,16.203408431903497
3001638,676.7000465555755
3003420,676.7000465555755
3005202,676.7000465555755
3006984,687.1326191604372
3008766,687.1326191604372
3010548,670.6246681444574
3012330,645.365697028423
3014112,644.9742234102149
3015894,674.7118581114953
3017676,637.9524127006346
3019458,638.7528136441505
3021240,638.7528136441505
3023022,632.3018955510606
3024804,604.0211628200741
3026586,606.002209663233
3028368,606.002209663233
3001639,304.55805216445975
3003421,304.55805216445975
3005203,304.55805216445975
3006985,313.6882144414194
3008767,313.6882144414194
3010549,300.0383075937416
3012331,287.6482961779556
3014113,287.1144747837463
3015895,313.61341993113297
3017677,287.1144747837463
3019459,291.33917019776374
3021241,291.33917019776374
3023023,288.957906635851
3024805,281.29269025800437
3026587,283.131389325162
3028369,283.131389325162
3001640,11.206374767960716
3003422,11.206374767960716
3005204,11.206374767960716
3006986,12.872724218762132
3008768,12.872724218762132
3010550,11.932969242333792
3012332,11.512405712417054
3014114,10.746696946248258
3015896,12.77487434545711
3017678,10.746696946248258
3019460,11.315161212015903
3021242,11.315161212015903
3023024,12.026373195829438
3024806,13.415112415092151
3026588,12.793779968831075
3028370,12.793779968831075
3001641,33.670994903563766
3003423,33.670994903563766
3005205,33.670994903563766
3006987,35.337344354365186
3008769,35.337344354365186
3010551,34.16570200597739
3012333,33.74513847606065
3014115,33.21131708185131
3015897,36.41334467796876
3017679,33.21131708185131
3019461,33.77978134761896
3021243,33.77978134761896
3023025,34.25910595947303
3024807,35.64784517873574
3026589,35.67341740832925
3028371,35.67341740832925
3001642,980.2154640648098
3003424,980.2154640648098
3005206,1001.6714084187618
3006988,1013.5233619833526
3008770,1013.7231631055112
3010552,979.0477166665464
3012334,911.4627872326029
3014116,911.0713136143947
3015898,976.8391213692407
3017680,912.5899230884074
3019462,917.8289389781008
3021244,918.0287401002594
3023026,892.9218786921366
3024808,860.3607901435812
3026590,843.9113112049532
3028372,843.9113112049532
3001643,340.94314824420854
3003425,340.94314824420854
3005207,340.94314824420854
3006989,350.0733105211682
3008771,350.0733105211682
3010553,338.43705538797803
3012335,324.0333922577044
3014117,323.4995708634951
3015899,349.99851601088176
3017681,323.4995708634951
3019463,326.4533641041467
3021245,326.4533641041467
3023027,323.91042381704557
3024809,317.67778633775316
3026591,319.5164854049108
3028373,319.5164854049108
3001644,5431.742390484815
3003426,5237.617048114797
3005208,5311.384024144863
3006990,7338.956780756158
3008772,8021.10967225275
3010554,5451.050194562289
3012336,5275.7214871369715
3014118,5260.269157442512
3015900,6284.25647845263
3017682,5047.71724978793
3019464,6778.902938504791
3021246,7957.15118378259
3023028,5177.080403065078
3024810,5489.7711971951085
3026592,5485.70395665797
3028374,5512.303458968473
3001645,-0.2599671298727321
3003427,-0.2599671298727321
3005209,-0.2599671298727321
3006991,1.4063823209286859
3008773,1.4063823209286859
3010555,0.44753307661659786
3012337,0.026969546699861208
3014119,-0.7196449515851887
3015901,0.1919518318808231
3017683,-0.7196449515851887
3019465,-0.15118068581754357
3021247,-0.15118068581754357
3023029,0.5409370301122444
3024811,0.8941848230020476
3026593,0.2919466446247178
3028375,0.2919466446247178
3001646,109.24596706844193
3003428,109.24596706844193
3005210,109.24596706844193
3006992,111.01703850641245
3008774,111.01703850641245
3010556,109.74067417085557
3012338,109.32011064093882
3014120,108.78628924672948
3015902,118.43659272088328
3017684,108.78628924672948
3019466,109.45947549966623
3021248,109.45947549966623
3023030,109.83407812435122
3024812,113.07923670593577
3026594,113.30610894354491
3028376,113.30610894354491
3001977,5.370964317329848
3003759,5.370964317329848
3005541,5.370964317329848
3007323,6.848122831488547
3009105,6.848122831488547
3010887,6.097558791702926
3012669,5.676995261786187
3014451,4.91128649561739
3016233,6.746411528871764
3018015,4.91128649561739
3019797,5.290559824742317
3021579,5.290559824742317
3023361,6.190962745198571
3025143,7.579701964461285
3026925,6.958369518200208
3028707,6.958369518200208
3001978,0.8201961245294789
3003760,0.8201961245294789
3005542,0.8201961245294789
3007324,2.2973546386881805
3009106,2.2973546386881805
3010888,1.5276963310188085
3012670,1.1071328011020725
3014452,0.3605183028170225
3016234,1.0790627203285514
3018016,0.3605183028170225
3019798,0.7397916319419502
3021580,0.7397916319419502
3023362,1.6211002845144553
3025144,1.974348077404259
3026926,1.372109899026929
3028708,1.372109899026929
3001979,3.702982735759181
3003761,3.702982735759181
3005543,3.702982735759181
3007325,5.180141249917881
3009107,5.180141249917881
3010889,4.429577210132258
3012671,4.009013680215521
3014453,3.2433049140467247
3016235,5.078429947301098
3018017,3.2433049140467247
3019799,3.62257824317165
3021581,3.62257824317165
3023363,4.522981163627904
3025145,5.911720382890618
3026927,5.290387936629542
3028709,5.290387936629542
3001980,2000.5129060150177
3003762,1986.1721844397805
3005544,1986.1721844397805
3007326,2093.6066340689986
3009108,2063.156631070016
3010890,2006.3548612097595
3012672,1938.0139277150865
3014454,1937.6224540968785
3016236,2035.1274475739792
3018018,1886.526378139062
3019800,1914.9425617527613
3021582,1938.814926242659
3023364,1907.2860104374101
3025146,1937.470287931171
3026928,1900.168094716352
3028710,1885.8273731411148
3001981,0.22892229000241343
3003763,0.22892229000241343
3005545,0.22892229000241343
3007327,1.7060808041611135
3009109,1.7060808041611135
3010891,0.9364224964917435
3012673,0.5158589665750073
3014455,-0.2307555317100436
3016237,0.4877888858014859
3018019,-0.2307555317100436
3019801,0.14851779741488463
3021583,0.14851779741488463
3023365,1.0298264499873904
3025147,1.3830742428771934
3026929,0.7808360644998633
3028711,0.7808360644998633
3001982,304.7518644838766
3003764,304.7518644838766
3005546,304.7518644838766
3007328,311.77741250056516
3009110,311.77741250056516
3010892,300.23211991315844
3012674,287.84210849737246
3014456,287.30828710316314
3016238,311.7026179902787
3018020,287.30828710316314
3019802,289.4283682569095
3021584,289.4283682569095
3023366,289.1517189552678
3025148,281.4865025774212
3026930,283.32520164457884
3028712,283.32520164457884
3001983,6.0380563625262855
3003765,6.0380563625262855
3005547,6.0380563625262855
3007329,7.515214876684985
3009111,7.515214876684985
3010893,6.764650836899365
3012675,6.344087306982627
3014457,5.578378540813828
3016239,7.413503574068201
3018021,5.578378540813828
3019803,5.957651869938755
3021585,5.957651869938755
3023367,6.858054790395012
3025149,8.246794009657723
3026931,7.625461563396648
3028713,7.625461563396648
3001984,741.07303462711
3003766,741.07303462711
3005548,741.07303462711
3007330,751.5056072319718
3009112,751.5056072319718
3010894,737.1400291395229
3012676,707.2944983539068
3014458,706.9030247356986
3016240,746.0997971466131
3018022,699.8812140261183
3019804,700.6816149696342
3021586,700.6816149696342
3023368,694.2306968765444
3025150,677.4572203644021
3026932,679.438267207561
3028714,679.438267207561
3001985,744.9284660029649
3003767,744.9284660029649
3005549,744.9284660029649
3007331,755.3610386078267
3009113,755.3610386078267
3010895,740.9954605153778
3012677,713.3008780382388
3014459,712.9094044200307
3016241,748.7507945459205
3018023,705.8875937104503
3019805,706.6879946539663
3021587,706.6879946539663
3023369,700.2370765608764
3025151,686.1570220872813
3026933,688.1380689304402
3028715,688.1380689304402
3001986,155.6393751490539
3003768,155.6393751490539
3005550,155.6393751490539
3007332,157.41044658702444
3009114,157.41044658702444
3010896,156.92972522595042
3012678,153.15007996789794
3014460,152.6162585736886
3016242,164.1362077612847
3018024,152.6162585736886
3019806,153.28944482662538
3021588,153.28944482662538
3023370,154.45969042579324
3025152,154.99954622320757
3026934,155.22641846081675
3028716,155.22641846081675
3001987,130.41460872190493
3003769,130.41460872190493
3005551,130.41460872190493
3007333,132.18568015987546
3009115,132.18568015987546
3010897,130.9093158243185
3012679,130.48875229440176
3014461,129.95493090019244
3016243,139.60523437434625
3018025,129.95493090019244
3019807,130.6281171531292
3021589,130.6281171531292
3023371,131.00271977781412
3025153,134.2478783593987
3026935,134.47475059700787
3028717,134.47475059700787
3001988,78.46847312644654
3003770,78.46847312644654
3005552,78.46847312644654
3007334,80.23954456441706
3009116,80.23954456441706
3010898,76.7525924036153
3012680,76.33202887369855
3014462,75.79820747948921
3016244,83.45600205341586
3018026,75.79820747948921
3019808,76.47139373242595
3021590,76.47139373242595
3023372,81.43757166264592
3025154,82.82631088190863
3026936,82.85188311150213
3028718,82.85188311150213
3001989,2788.1610205833786
3003771,2729.676481712454
3005553,2715.0792751856748
3007335,2961.6805822049964
3009117,2929.2804566888212
3010899,2773.5985772270183
3012681,2636.8449742443395
3014463,2636.4535006261312
3016245,2689.6445976690597
3018027,2524.932532774636
3019809,2593.1217061577568
3021591,2636.929082616844
3023373,2527.9164638114503
3025155,2516.31817681985
3026937,2522.7778568642293
3028719,2464.2933179933048
3001990,33.83274336674914
3003772,33.83274336674914
3005554,33.83274336674914
3007336,35.309901880907844
3009118,35.309901880907844
3010900,34.32745046916276
3012682,33.90688693924603
3014464,33.37306554503669
3016246,36.575093141154134
3018028,33.37306554503669
3019810,33.752338874161616
3021592,33.752338874161616
3023374,34.42085442265841
3025156,35.80959364192112
3026938,35.835165871514626
3028720,35.835165871514626
3001991,-0.2405105654158176
3003773,-0.2405105654158176
3005555,-0.2405105654158176
3007337,1.236647948742883
3009119,1.236647948742883
3010901,0.4669896410735123
3012683,0.04642611115677567
3014465,-0.7001883871282745
3016247,0.2114083963377376
3018029,-0.7001883871282745
3019811,-0.3209150580033467
3021593,-0.3209150580033467
3023375,0.5603935945691588
3025157,0.9136413874589621
3026939,0.3114032090816322
3028721,0.3114032090816322
3001992,8.522569601666023
3003774,8.522569601666023
3005556,8.522569601666023
3007338,9.999728115824722
3009120,9.999728115824722
3010902,9.249164076039099
3012684,8.828600546122361
3014466,8.062891779953564
3016248,10.091069179162417
3018030,8.062891779953564
3019812,8.442165109078493
3021594,8.442165109078493
3023376,9.342568029534744
3025158,10.731307248797458
3026940,10.109974802536382
3028722,10.109974802536382
3001993,4.414643947047863
3003775,4.414643947047863
3005557,4.414643947047863
3007339,5.891802461206563
3009121,5.891802461206563
3010903,5.141238421420937
3012685,4.720674891504198
3014467,3.9549661253354076
3016249,5.983143524544262
3018031,3.9549661253354076
3019813,4.334239454460333
3021595,4.334239454460333
3023377,5.234642374916582
3025159,6.623381594179296
3026941,6.002049147918224
3028723,6.002049147918224
3001994,1.690924656063658
3003776,1.690924656063658
3005558,1.690924656063658
3007340,3.168083170222358
3009122,3.168083170222358
3010904,2.3984248625529903
3012686,1.9778613326362537
3014468,1.2312468343512017
3016250,2.6388160427521896
3018032,1.2312468343512017
3019814,1.6105201634761297
3021596,1.6105201634761297
3023378,2.491828816048637
3025160,3.3151752156369225
3026942,2.7129370372595907
3028724,2.7129370372595907
3001995,209.04473268688398
3003777,209.04473268688398
3005559,209.04473268688398
3007341,210.8158041248545
3009123,210.8158041248545
3010905,210.3350827637805
3012687,203.45201361988458
3014469,202.91819222567526
3016251,215.0752434883756
3018033,202.91819222567526
3019815,203.59137847861203
3021597,203.59137847861203
3023379,204.76162407777989
3025161,205.30147987519422
3026943,205.70019941162465
3028725,205.70019941162465
3001996,48.678909422022976
3003778,48.678909422022976
3005560,48.678909422022976
3007342,50.15606793618168
3009124,50.15606793618168
3010906,49.173616524436596
3012688,48.75305299451986
3014470,48.21923160031052
3016252,51.42125919642797
3018034,48.21923160031052
3019816,48.59850492943545
3021598,48.59850492943545
3023380,49.26702047793224
3025162,50.65575969719495
3026944,50.68133192678846
3028726,50.68133192678846
3001997,16.37230599236563
3003779,16.37230599236563
3005561,16.37230599236563
3007343,17.84946450652433
3009125,17.84946450652433
3010907,17.098900466738705
3012689,16.678336936821967
3014471,15.912628170653173
3016253,17.940805569862032
3018035,15.912628170653173
3019817,16.2919014997781
3021599,16.2919014997781
3023381,17.19230442023435
3025163,18.581043639497068
3026945,18.374728497131116
3028727,18.374728497131116
3001998,4.414643947047863
3003780,4.414643947047863
3005562,4.414643947047863
3007344,5.891802461206563
3009126,5.891802461206563
3010908,5.141238421420937
3012690,4.720674891504198
3014472,3.9549661253354076
3016254,5.983143524544262
3018036,3.9549661253354076
3019818,4.334239454460333
3021600,4.334239454460333
3023382,5.234642374916582
3025164,6.623381594179296
3026946,6.002049147918224
3028728,6.002049147918224
3001999,33.670994903563766
3003781,33.670994903563766
3005563,33.670994903563766
3007345,35.337344354365186
3009127,35.337344354365186
3010909,34.16570200597739
3012691,33.74513847606065
3014473,33.21131708185131
3016255,36.41334467796876
3018037,33.21131708185131
3019819,33.77978134761896
3021601,33.77978134761896
3023383,34.25910595947303
3025165,35.64784517873574
3026947,35.67341740832925
3028729,35.67341740832925
3002000,2.8999537374890965
3003782,2.8999537374890965
3005564,2.8999537374890965
3007346,4.566303188290514
3009128,4.566303188290514
3010910,3.6265482118621692
3012692,3.205984681945433
3014474,2.44027591577664
3016256,4.468453314985495
3018038,2.44027591577664
3019820,3.0087401815442845
3021602,3.0087401815442845
3023384,3.7199521653578174
3025166,5.108691384620531
3026948,4.487358938359457
3028730,4.487358938359457
3002001,337.66815690462255
3003783,337.66815690462255
3005565,337.66815690462255
3007347,344.6937049213111
3009129,344.6937049213111
3010911,335.16206404839204
3012693,320.7584009181184
3014475,320.2245795239091
3016257,344.6189104110247
3018039,320.2245795239091
3019821,321.07375850428963
3021603,321.07375850428963
3023385,320.6354324774596
3025167,314.40279499816717
3026949,316.2414940653248
3028731,316.2414940653248
3002002,180.00888711122394
3003784,180.00888711122394
3005566,180.00888711122394
3007348,181.77995854919448
3009130,181.77995854919448
3010912,181.29923718812046
3012694,176.0725894747069
3014476,175.53876808049756
3016258,189.4458285706
3018040,175.53876808049756
3019822,176.21195433343433
3021604,176.21195433343433
3023386,177.3821999326022
3025168,177.92205573001652
3026950,178.32077526644696
3028732,178.32077526644696
3002003,5.403029119998675
3003785,5.403029119998675
3005567,5.403029119998675
3007349,7.069378570800093
3009131,7.069378570800093
3010913,6.129623594371752
3012695,5.709060064455014
3014477,4.943351298286218
3016259,6.971528697495073
3018041,4.943351298286218
3019823,5.511815564053863
3021605,5.511815564053863
3023387,6.223027547867398
3025169,7.611766767130112
3026951,6.990434320869036
3028733,6.990434320869036
3002004,17.85700236748088
3003786,17.85700236748088
3005568,17.85700236748088
3007350,19.5233518182823
3009132,19.5233518182823
3010914,18.583596841853957
3012696,18.16303331193722
3014478,17.397324545768424
3016260,19.425501944977285
3018042,17.397324545768424
3019824,17.96578881153607
3021606,17.96578881153607
3023388,18.677000795349603
3025170,20.06574001461232
3026952,19.859424872246368
3028734,19.859424872246368
3002005,388.0505427651741
3003787,388.0505427651741
3005569,388.0505427651741
3007351,397.18070504213375
3009133,397.18070504213375
3010915,385.5444499089436
3012697,371.14078677866996
3014479,370.60696538446064
3016261,397.1059105318473
3018043,370.60696538446064
3019825,373.5607586251122
3021607,373.5607586251122
3023389,371.0178183380111
3025171,364.7851808587187
3026953,366.62387992587634
3028735,366.62387992587634
3002006,107.44635061635176
3003788,107.44635061635176
3005570,107.44635061635176
3007352,109.21742205432228
3009134,109.21742205432228
3010916,107.9410577187654
3012698,107.52049418884866
3014480,106.98667279463932
3016262,115.68220145089063
3018044,106.98667279463932
3019826,107.65985904757606
3021608,107.65985904757606
3023390,108.03446167226106
3025172,110.82946109245206
3026954,110.85503332204557
3028736,110.85503332204557
3002007,1893.664548330972
3003789,1798.4456113473543
3005571,1783.848404820575
3007353,2179.037177120873
3009135,2199.7326722084345
3010917,1769.0484747314174
3012699,1637.543705610345
3014481,1710.5781248717744
3016263,1762.6079727549254
3018045,1575.2382830779452
3019827,1755.2853375151371
3021609,2412.0473801457447
3023391,2494.382107736746
3025173,2485.924768549335
3026955,2482.103602213249
3028737,2386.8846652296315
3002008,-0.2599671298727321
3003790,-0.2599671298727321
3005572,-0.2599671298727321
3007354,1.4063823209286859
3009136,1.4063823209286859
3010918,0.44753307661659786
3012700,0.026969546699861208
3014482,-0.7196449515851887
3016264,0.1919518318808231
3018046,-0.7196449515851887
3019828,-0.15118068581754357
3021610,-0.15118068581754357
3023392,0.5409370301122444
3025174,0.8941848230020476
3026956,0.2919466446247178
3028738,0.2919466446247178
3002009,28.04159717521655
3003791,28.04159717521655
3005573,28.04159717521655
3007355,29.707946626017968
3009137,29.707946626017968
3010919,28.518151931702818
3012701,28.09758840178608
3014483,27.58191935350409
3016265,30.783946949621548
3018047,27.58191935350409
3019829,28.150383619271736
3021611,28.150383619271736
3023393,28.611555885198463
3025175,30.00029510446118
3026957,30.044019679982036
3028739,30.044019679982036
3002340,3.702982735759181
3004122,3.702982735759181
3005904,3.702982735759181
3007686,5.180141249917881
3009468,5.180141249917881
3011250,4.429577210132258
3013032,4.009013680215521
3014814,3.2433049140467247
3016596,5.078429947301098
3018378,3.2433049140467247
3020160,3.62257824317165
3021942,3.62257824317165
3023724,4.522981163627904
3025506,5.911720382890618
3027288,5.290387936629542
3029070,5.290387936629542
3002341,0.8201961245294789
3004123,0.8201961245294789
3005905,0.8201961245294789
3007687,2.2973546386881805
3009469,2.2973546386881805
3011251,1.5276963310188085
3013033,1.1071328011020725
3014815,0.3605183028170225
3016597,1.0790627203285514
3018379,0.3605183028170225
3020161,0.7397916319419502
3021943,0.7397916319419502
3023725,1.6211002845144553
3025507,1.974348077404259
3027289,1.372109899026929
3029071,1.372109899026929
3002342,4.420541301259336
3004124,4.420541301259336
3005906,4.420541301259336
3007688,5.897699815418036
3009470,5.897699815418036
3011252,5.1471357756324085
3013034,4.72657224571567
3014816,3.9608634795468802
3016598,5.7959885128012525
3018380,3.9608634795468802
3020162,4.340136808671805
3021944,4.340136808671805
3023726,5.240539729128054
3025508,6.629278948390768
3027290,6.007946502129697
3029072,6.007946502129697
3002343,1753.5126892869164
3004125,1739.1719677116791
3005907,1739.1719677116791
3007689,1816.7281369516108
3009471,1786.2781339526277
3011253,1759.3546444816582
3013035,1695.7530439180935
3014817,1695.3615702998854
3016599,1790.5107259385409
3018381,1644.265494342069
3020163,1642.8033975664823
3021945,1666.67576205638
3023727,1665.025126640417
3025509,1695.209404134178
3027291,1678.7599251955503
3029073,1664.419203620313
3002344,0.22892229000241343
3004126,0.22892229000241343
3005908,0.22892229000241343
3007690,1.7060808041611135
3009472,1.7060808041611135
3011254,0.9364224964917435
3013036,0.5158589665750073
3014818,-0.2307555317100436
3016600,0.4877888858014859
3018382,-0.2307555317100436
3020164,0.14851779741488463
3021946,0.14851779741488463
3023728,1.0298264499873904
3025510,1.3830742428771934
3027292,0.7808360644998633
3029074,0.7808360644998633
3002345,378.319263669938
3004127,378.319263669938
3005909,378.319263669938
3007691,385.34481168662654
3009473,385.34481168662654
3011255,379.2737551737818
3013037,364.8700920435082
3014819,364.33627064929885
3016601,388.73060153641444
3018383,364.33627064929885
3020165,365.1854496296794
3021947,365.1854496296794
3023729,364.74712360284934
3025511,361.2135099307701
3027293,363.0522089979277
3029075,363.0522089979277
3002346,20.97100455398757
3004128,20.97100455398757
3005910,20.97100455398757
3007692,22.448163068146272
3009474,22.448163068146272
3011256,21.697599028360646
3013038,21.277035498443908
3014820,20.511326732275112
3016602,22.346451765529487
3018384,20.511326732275112
3020166,20.89060006140004
3021948,20.89060006140004
3023730,21.79100298185629
3025512,23.17974220111901
3027294,22.973427058753057
3029076,22.973427058753057
3002347,897.273918905089
3004129,897.273918905089
3005911,897.273918905089
3007693,907.7064915099508
3009475,907.7064915099508
3011257,895.4243682531885
3013039,850.78659942549
3014821,850.3951258072818
3016603,896.8405629095556
3018385,834.3133958528381
3020167,835.113796796354
3021949,835.113796796354
3023731,836.1012958105192
3025513,806.1742307925738
3027295,797.6659148800821
3029077,797.6659148800821
3002348,544.8686380470696
3004130,544.8686380470696
3005912,544.8686380470696
3007694,553.4733948293848
3009476,553.4733948293848
3011258,542.396191772027
3013040,522.3951627681892
3014822,521.8613413739798
3016604,551.6524316590799
3018386,521.8613413739798
3020168,520.8339264949492
3021950,520.8339264949492
3023732,516.3531720004071
3025514,497.4164095754968
3027296,499.2551086426544
3029078,499.2551086426544
3002349,208.93691032620802
3004131,208.93691032620802
3005913,208.93691032620802
3007695,210.70798176417856
3009477,210.70798176417856
3011259,210.22726040310454
3013041,203.34419125920863
3014823,202.8103698649993
3016605,214.96742112769965
3018387,202.8103698649993
3020169,203.48355611793608
3021951,203.48355611793608
3023733,204.65380171710393
3025515,205.19365751451826
3027297,205.5923770509487
3029079,205.5923770509487
3002350,116.9055466154537
3004132,116.9055466154537
3005914,116.9055466154537
3007696,118.67661805342422
3009478,118.67661805342422
3011260,117.40025371786734
3013042,116.9796901879506
3014824,116.44586879374125
3016606,126.09617226789504
3018388,116.44586879374125
3020170,117.119055046678
3021952,117.119055046678
3023734,117.493657671363
3025516,120.73881625294754
3027298,120.96568849055669
3029080,120.96568849055669
3002351,94.98831459206666
3004133,94.98831459206666
3005915,94.98831459206666
3007697,96.75938603003718
3009479,96.75938603003718
3011261,93.27243386923541
3013043,92.85187033931867
3014825,92.31804894510933
3016607,100.51948163008144
3018389,92.31804894510933
3020171,92.99123519804607
3021953,92.99123519804607
3023735,97.95741312826604
3025517,100.75241254845704
3027299,100.77798477805055
3029081,100.77798477805055
3002352,3015.770017841196
3004134,2920.5510808575787
3005916,2880.264107675419
3007698,3196.3032234022503
3009480,3216.998718489812
3011262,2979.8472092431016
3013044,2868.0767081754134
3014826,2867.685234557205
3016608,2948.7234140273913
3018390,2761.353724350411
3020172,2862.2511222141375
3021954,2942.960921574331
3023736,2742.470331505886
3025518,2813.626250134662
3027300,2809.8050837985757
3029082,2714.5861468149583
3002353,6.862174593974312
3004135,6.862174593974312
3005917,6.862174593974312
3007699,8.339333108133012
3009481,8.339333108133012
3011263,7.588769068347392
3013045,7.168205538430653
3014827,6.402496772261855
3016609,8.430674171470713
3018391,6.402496772261855
3020173,6.7817701013867815
3021955,6.7817701013867815
3023737,7.682173021843037
3025519,9.070912241105754
3027301,8.449579794844675
3029083,8.449579794844675
3002354,1.690924656063658
3004136,1.690924656063658
3005918,1.690924656063658
3007700,3.168083170222358
3009482,3.168083170222358
3011264,2.3984248625529903
3013046,1.9778613326362537
3014828,1.2312468343512017
3016610,2.6388160427521896
3018392,1.2312468343512017
3020174,1.6105201634761297
3021956,1.6105201634761297
3023738,2.491828816048637
3025520,3.3151752156369225
3027302,2.7129370372595907
3029084,2.7129370372595907
3002355,16.37230599236563
3004137,16.37230599236563
3005919,16.37230599236563
3007701,17.84946450652433
3009483,17.84946450652433
3011265,17.098900466738705
3013047,16.678336936821967
3014829,15.912628170653173
3016611,17.940805569862032
3018393,15.912628170653173
3020175,16.2919014997781
3021957,16.2919014997781
3023739,17.19230442023435
3025521,18.581043639497068
3027303,18.374728497131116
3029085,18.374728497131116
3002356,28.030891136352356
3004138,28.030891136352356
3005920,28.030891136352356
3007702,29.508049650511058
3009484,29.508049650511058
3011266,28.507445892838625
3013048,28.086882362921887
3014830,27.5712133146399
3016612,30.773240910757355
3018394,27.5712133146399
3020176,27.950486643764826
3021958,27.950486643764826
3023740,28.60084984633427
3025522,29.989589065596988
3027304,30.033313641117843
3029086,30.033313641117843
3002357,-0.2405105654158176
3004139,-0.2405105654158176
3005921,-0.2405105654158176
3007703,1.236647948742883
3009485,1.236647948742883
3011267,0.4669896410735123
3013049,0.04642611115677567
3014831,-0.7001883871282745
3016613,0.2114083963377376
3018395,-0.7001883871282745
3020177,-0.3209150580033467
3021959,-0.3209150580033467
3023741,0.5603935945691588
3025523,0.9136413874589621
3027305,0.3114032090816322
3029087,0.3114032090816322
3002358,209.04473268688398
3004140,209.04473268688398
3005922,209.04473268688398
3007704,210.8158041248545
3009486,210.8158041248545
3011268,210.3350827637805
3013050,203.45201361988458
3014832,202.91819222567526
3016614,215.0752434883756
3018396,202.91819222567526
3020178,203.59137847861203
3021960,203.59137847861203
3023742,204.76162407777989
3025524,205.30147987519422
3027306,205.70019941162465
3029088,205.70019941162465
3002359,11.283603284423494
3004141,11.283603284423494
3005923,11.283603284423494
3007705,12.760761798582193
3009487,12.760761798582193
3011269,12.01019775879657
3013051,11.589634228879833
3014833,10.823925462711037
3016615,12.852102861919892
3018397,10.823925462711037
3020179,11.203198791835964
3021961,11.203198791835964
3023743,12.10360171229222
3025525,13.492340931554933
3027307,12.871008485293856
3029089,12.871008485293856
3002360,2.277014824359095
3004142,2.277014824359095
3005924,2.277014824359095
3007706,3.754173338517795
3009488,3.754173338517795
3011270,3.0036092987321696
3013052,2.583045768815434
3014834,1.817337002646638
3016616,3.8455144018554956
3018398,1.817337002646638
3020180,2.196610331771566
3021962,2.196610331771566
3023744,3.0970132522278164
3025526,4.485752471490532
3027308,3.864420025229458
3029090,3.864420025229458
3002361,16.37230599236563
3004143,16.37230599236563
3005925,16.37230599236563
3007707,17.84946450652433
3009489,17.84946450652433
3011271,17.098900466738705
3013053,16.678336936821967
3014835,15.912628170653173
3016617,17.940805569862032
3018399,15.912628170653173
3020181,16.2919014997781
3021963,16.2919014997781
3023745,17.19230442023435
3025527,18.581043639497068
3027309,18.374728497131116
3029091,18.374728497131116
3002362,30.604685613379218
3004144,30.604685613379218
3005926,30.604685613379218
3007708,32.27103506418063
3009490,32.27103506418063
3011272,31.099392715792835
3013054,30.678829185876097
3014836,30.14500779166676
3016618,33.347035387784196
3018400,30.14500779166676
3020182,30.713472057434405
3021964,30.713472057434405
3023746,31.19279666928848
3025528,32.58153588855118
3027310,32.60710811814469
3029092,32.60710811814469
3002363,7.684550667553132
3004145,7.684550667553132
3005927,7.684550667553132
3007709,9.35090011835455
3009491,9.35090011835455
3011273,8.41114514192621
3013055,7.990581612009471
3014837,7.224872845840675
3016619,9.253050245049529
3018401,7.224872845840675
3020183,7.793337111608318
3021965,7.793337111608318
3023747,8.504549095421856
3025529,9.89328831468457
3027311,9.271955868423493
3029093,9.271955868423493
3002364,295.3002575630573
3004146,295.3002575630573
3005928,295.3002575630573
3007710,302.32580557974586
3009492,302.32580557974586
3011274,294.2410973524135
3013056,281.8510859366275
3014838,281.3172645424182
3016620,305.71159542953376
3018402,281.3172645424182
3020184,283.4373456961645
3021966,283.4373456961645
3023748,283.16069639452286
3025530,275.49548001667625
3027312,277.3341790838339
3029094,277.3341790838339
3002365,258.33919876328514
3004147,258.33919876328514
3005929,258.33919876328514
3007711,260.1102702012558
3009493,260.1102702012558
3011275,257.48717591665087
3013057,250.60410677275513
3014839,250.0702853785458
3016621,261.6836985302005
3018403,250.0702853785458
3020185,250.74347163148258
3021967,250.74347163148258
3023749,251.91371723065043
3025531,245.28024302933343
3027313,245.67896256576387
3029095,245.67896256576387
3002366,4.369568906403189
3004148,4.369568906403189
3005930,4.369568906403189
3007712,6.035918357204607
3009494,6.035918357204607
3011276,5.0961633807762645
3013058,4.675599850859526
3014840,3.909891084690734
3016622,5.938068483899588
3018404,3.909891084690734
3020186,4.478355350458377
3021968,4.478355350458377
3023750,5.18956733427191
3025532,6.578306553534624
3027314,5.95697410727355
3029096,5.95697410727355
3002367,5.403029119998675
3004149,5.403029119998675
3005931,5.403029119998675
3007713,7.069378570800093
3009495,7.069378570800093
3011277,6.129623594371752
3013059,5.709060064455014
3014841,4.943351298286218
3016623,6.971528697495073
3018405,4.943351298286218
3020187,5.511815564053863
3021969,5.511815564053863
3023751,6.223027547867398
3025533,7.611766767130112
3027315,6.990434320869036
3029097,6.990434320869036
3002368,258.33919876328514
3004150,258.33919876328514
3005932,258.33919876328514
3007714,260.1102702012558
3009496,260.1102702012558
3011278,257.48717591665087
3013060,250.60410677275513
3014842,250.0702853785458
3016624,261.6836985302005
3018406,250.0702853785458
3020188,250.74347163148258
3021970,250.74347163148258
3023752,251.91371723065043
3025534,245.28024302933343
3027316,245.67896256576387
3029098,245.67896256576387
3002369,99.80599622845477
3004151,99.80599622845477
3005933,99.80599622845477
3007715,101.5770676664253
3009497,101.5770676664253
3011279,100.30070333086842
3013061,99.88013980095167
3014843,99.34631840674233
3016625,108.04184706299361
3018407,99.34631840674233
3020189,100.01950465967907
3021971,100.01950465967907
3023753,100.39410728436407
3025535,103.18910670455507
3027317,103.21467893414858
3029099,103.21467893414858
3002370,1586.916842776448
3004152,1704.8288481045304
3005934,1869.9721661911171
3007716,2099.335054622557
3009498,2066.934929106382
3011280,1592.7587979711898
3013062,1526.210903306238
3014844,1525.81942968803
3016626,1718.237036254869
3018408,1755.8383241221288
3020190,1891.6306704079273
3021972,1913.5529123806327
3023754,1787.1667389749855
3025536,1739.188569788794
3027318,1732.316275022632
3029100,1850.2282803507144
3002371,-0.2599671298727321
3004153,-0.2599671298727321
3005935,-0.2599671298727321
3007717,1.4063823209286859
3009499,1.4063823209286859
3011281,0.44753307661659786
3013063,0.026969546699861208
3014845,-0.7196449515851887
3016627,0.1919518318808231
3018409,-0.7196449515851887
3020191,-0.15118068581754357
3021973,-0.15118068581754357
3023755,0.5409370301122444
3025537,0.8941848230020476
3027319,0.2919466446247178
3029101,0.2919466446247178
3002372,18.188356919860542
3004154,18.188356919860542
3005936,18.188356919860542
3007718,19.85470637066196
3009500,19.85470637066196
3011282,18.91495139423362
3013064,18.49438786431688
3014846,17.728679098148085
3016628,19.756856497356946
3018410,17.728679098148085
3020192,18.29714336391573
3021974,18.29714336391573
3023756,19.008355347729264
3025538,20.39709456699198
3027320,20.19077942462603
3029102,20.19077942462603
3002538,4.420541301259336
3004320,4.420541301259336
3006102,4.420541301259336
3007884,5.897699815418036
3009666,5.897699815418036
3011448,5.1471357756324085
3013230,4.72657224571567
3015012,3.9608634795468802
3016794,5.7959885128012525
3018576,3.9608634795468802
3020358,4.340136808671805
3022140,4.340136808671805
3023922,5.240539729128054
3025704,6.629278948390768
3027486,6.007946502129697
3029268,6.007946502129697
3002539,0.8201961245294789
3004321,0.8201961245294789
3006103,0.8201961245294789
3007885,2.2973546386881805
3009667,2.2973546386881805
3011449,1.5276963310188085
3013231,1.1071328011020725
3015013,0.3605183028170225
3016795,1.0790627203285514
3018577,0.3605183028170225
3020359,0.7397916319419502
3022141,0.7397916319419502
3023923,1.6211002845144553
3025705,1.974348077404259
3027487,1.372109899026929
3029269,1.372109899026929
3002540,6.363396392377554
3004322,6.363396392377554
3006104,6.363396392377554
3007886,7.840554906536254
3009668,7.840554906536254
3011450,7.089990866750632
3013232,6.669427336833894
3015014,5.903718570665097
3016796,7.738843603919472
3018578,5.903718570665097
3020360,6.282991899790024
3022142,6.282991899790024
3023924,7.183394820246278
3025706,8.572134039508999
3027488,7.950801593247917
3029270,7.950801593247917
3002541,2991.922516710821
3004323,2896.7035797272038
3006105,2882.1063732004245
3007887,3184.3130094046855
3009669,3206.958627009439
3011451,2987.4966667924305
3013233,2822.8111144014247
3015015,2822.4196407832164
3016797,2905.4079427705947
3018579,2716.0881305764224
3020361,2803.1530489175784
3022143,2885.8129707949643
3023925,2692.613162426362
3025707,2741.047253276695
3027489,2706.796188491952
3029271,2611.5772515083345
3002542,0.22892229000241343
3004324,0.22892229000241343
3006106,0.22892229000241343
3007888,1.7060808041611135
3009670,1.7060808041611135
3011452,0.9364224964917435
3013234,0.5158589665750073
3015016,-0.2307555317100436
3016798,0.4877888858014859
3018580,-0.2307555317100436
3020362,0.14851779741488463
3022144,0.14851779741488463
3023926,1.0298264499873904
3025708,1.3830742428771934
3027490,0.7808360644998633
3029272,0.7808360644998633
3002543,500.55633962510416
3004325,500.55633962510416
3006107,500.55633962510416
3007889,511.27233946009375
3009671,511.27233946009375
3011453,494.62330898998727
3013235,474.62227998614947
3015017,474.08845859194014
3016799,503.87954887704024
3018581,474.08845859194014
3020363,480.2772442432338
3022145,480.2772442432338
3023927,474.4993115454906
3025709,455.5625491205807
3027491,457.4012481877383
3029273,457.4012481877383
3002544,6.194996938343374
3004326,6.194996938343374
3006108,6.194996938343374
3007890,7.672155452502074
3009672,7.672155452502074
3011454,6.921591412716454
3013236,6.501027882799716
3015018,5.735319116630917
3016800,7.57044414988529
3018582,5.735319116630917
3020364,6.114592445755844
3022146,6.114592445755844
3023928,7.0149953662121
3025710,8.403734585474812
3027492,7.782402139213737
3029274,7.782402139213737
3002545,1074.8270505171072
3004327,1074.8270505171072
3006109,1074.8270505171072
3007891,1121.540066262309
3009673,1091.0900632633259
3011455,1073.6593031188434
3013237,1021.7618983721115
3015019,1021.3704247539034
3016801,1089.088355025942
3018583,1001.4330898739646
3020365,990.7138310165406
3022147,1014.5861955064383
3023929,1003.2209898316457
3025711,985.6864422605407
3027493,969.2369633219128
3029275,969.2369633219128
3002546,969.1433856898992
3004328,969.1433856898992
3006110,969.1433856898992
3007892,974.3214817160431
3009674,974.3214817160431
3011456,967.9756382916358
3013238,924.7389376396358
3015020,924.3474640214276
3016802,956.810300606274
3018584,904.4101291414884
3020366,902.9752874927348
3022148,902.9752874927348
3023930,906.1980290991695
3025712,876.7891899071021
3027494,874.2791287894577
3029276,874.2791287894577
3002547,259.2967785286186
3004329,259.2967785286186
3006111,259.2967785286186
3007893,261.0678499665891
3009675,261.0678499665891
3011457,258.44475568198425
3013239,251.56168653808842
3015021,251.0278651438791
3016803,262.64127829553377
3018585,251.0278651438791
3020367,251.70105139681587
3022149,251.70105139681587
3023931,252.87129699598373
3025713,246.23782279466667
3027495,246.6365423310971
3029277,246.6365423310971
3002548,172.37440802577143
3004330,172.37440802577143
3006112,172.37440802577143
3007894,174.14547946374196
3009676,174.14547946374196
3011458,173.66475810266795
3013240,169.88511284461546
3015022,169.35129145040614
3016804,183.2583519405086
3018586,169.35129145040614
3020368,170.0244777033429
3022150,170.0244777033429
3023932,171.19472330251077
3025714,171.7345790999251
3027496,172.13329863635553
3029278,172.13329863635553
3002549,165.40959644106803
3004331,165.40959644106803
3006113,165.40959644106803
3007895,167.18066787903857
3009677,167.18066787903857
3011459,164.48935869271966
3013241,160.70971343466718
3015023,160.17589204045785
3016805,174.0829525305603
3018587,160.17589204045785
3020369,160.84907829339463
3022151,160.84907829339463
3023933,166.61089919809746
3025715,167.1507549955118
3027497,167.54947453194222
3029279,167.54947453194222
3002550,3854.5894185901857
3004332,3723.7505770922103
3006114,3709.153370565431
3007896,4060.8797238716047
3009678,4081.3754178370077
3011460,3862.2533007058514
3013242,3643.435605610582
3015024,3623.7508788230207
3016806,3941.0793459473057
3018588,3439.395037977041
3020370,3558.6484011521925
3022152,3777.394632240601
3023934,3553.970560818898
3025716,3710.013119392239
3027498,3705.9458788550996
3029280,3615.81457156885
3002551,33.83274336674914
3004333,33.83274336674914
3006115,33.83274336674914
3007897,35.309901880907844
3009679,35.309901880907844
3011461,34.32745046916276
3013243,33.90688693924603
3015025,33.37306554503669
3016807,36.575093141154134
3018589,33.37306554503669
3020371,33.752338874161616
3022153,33.752338874161616
3023935,34.42085442265841
3025717,35.80959364192112
3027499,35.835165871514626
3029281,35.835165871514626
3002552,-0.2405105654158176
3004334,-0.2405105654158176
3006116,-0.2405105654158176
3007898,1.236647948742883
3009680,1.236647948742883
3011462,0.4669896410735123
3013244,0.04642611115677567
3015026,-0.7001883871282745
3016808,0.2114083963377376
3018590,-0.7001883871282745
3020372,-0.3209150580033467
3022154,-0.3209150580033467
3023936,0.5603935945691588
3025718,0.9136413874589621
3027500,0.3114032090816322
3029282,0.3114032090816322
3002553,11.283603284423494
3004335,11.283603284423494
3006117,11.283603284423494
3007899,12.760761798582193
3009681,12.760761798582193
3011463,12.01019775879657
3013245,11.589634228879833
3015027,10.823925462711037
3016809,12.852102861919892
3018591,10.823925462711037
3020373,11.203198791835964
3022155,11.203198791835964
3023937,12.10360171229222
3025719,13.492340931554933
3027501,12.871008485293856
3029283,12.871008485293856
3002554,5.365066963118383
3004336,5.365066963118383
3006118,5.365066963118383
3007900,6.842225477277083
3009682,6.842225477277083
3011464,6.09166143749146
3013246,5.671097907574722
3015028,4.905389141405926
3016810,6.933566540614781
3018592,4.905389141405926
3020374,5.2846624705308525
3022156,5.2846624705308525
3023938,6.185065390987106
3025720,7.5738046102498195
3027502,6.952472163988744
3029284,6.952472163988744
3002555,2.277014824359095
3004337,2.277014824359095
3006119,2.277014824359095
3007901,3.754173338517795
3009683,3.754173338517795
3011465,3.0036092987321696
3013247,2.583045768815434
3015029,1.817337002646638
3016811,3.8455144018554956
3018593,1.817337002646638
3020375,2.196610331771566
3022157,2.196610331771566
3023939,3.0970132522278164
3025721,4.485752471490532
3027503,3.864420025229458
3029285,3.864420025229458
3002556,224.5567474012016
3004338,224.5567474012016
3006120,224.5567474012016
3007902,226.32781883917212
3009684,226.32781883917212
3011466,225.8470974780981
3013248,218.9640283342022
3015030,218.43020693999287
3016812,230.58725820269322
3018594,218.43020693999287
3020376,219.10339319292964
3022158,219.10339319292964
3023940,220.2736387920975
3025722,220.81349458951183
3027504,221.21221412594227
3029286,221.21221412594227
3002557,32.18629852844852
3004339,32.18629852844852
3006121,32.18629852844852
3007903,33.66345704260722
3009685,33.66345704260722
3011467,32.68100563086214
3013249,32.260442100945404
3015031,31.726620706736064
3016813,34.92864830285351
3018595,31.726620706736064
3020377,32.10589403586099
3022159,32.10589403586099
3023941,32.774409584357784
3025723,34.163148803620494
3027505,34.188721033214
3029287,34.188721033214
3002558,4.414643947047863
3004340,4.414643947047863
3006122,4.414643947047863
3007904,5.891802461206563
3009686,5.891802461206563
3011468,5.141238421420937
3013250,4.720674891504198
3015032,3.9549661253354076
3016814,5.983143524544262
3018596,3.9549661253354076
3020378,4.334239454460333
3022160,4.334239454460333
3023942,5.234642374916582
3025724,6.623381594179296
3027506,6.002049147918224
3029288,6.002049147918224
3002559,2.277014824359095
3004341,2.277014824359095
3006123,2.277014824359095
3007905,3.754173338517795
3009687,3.754173338517795
3011469,3.0036092987321696
3013251,2.583045768815434
3015033,1.817337002646638
3016815,3.8455144018554956
3018597,1.817337002646638
3020379,2.196610331771566
3022161,2.196610331771566
3023943,3.0970132522278164
3025725,4.485752471490532
3027507,3.864420025229458
3029289,3.864420025229458
3002560,44.1090455186908
3004342,44.1090455186908
3006124,44.1090455186908
3007906,45.77539496949222
3009688,45.77539496949222
3011470,44.60375262110442
3013252,44.183189091187685
3015034,43.649367696978345
3016816,46.85139529309579
3018598,43.649367696978345
3020380,44.21783196274599
3022162,44.21783196274599
3023944,44.697156574600065
3025726,46.085895793862775
3027508,46.11146802345628
3029290,46.11146802345628
3002561,-0.1155414246778773
3004343,-0.1155414246778773
3006125,-0.1155414246778773
3007907,1.550808026123541
3009689,1.550808026123541
3011471,0.5919587818114528
3013253,0.1713952518947161
3015035,-0.5752192463903341
3016817,0.336377537075678
3018599,-0.5752192463903341
3020381,-0.006754980622688783
3022163,-0.006754980622688783
3023945,0.6853627353070991
3025727,1.0386105281969027
3027509,0.4363723498195726
3029291,0.4363723498195726
3002562,322.0607021793434
3004344,322.0607021793434
3006126,322.0607021793434
3007908,329.086250196032
3009690,329.086250196032
3011472,317.54095760862526
3013254,305.1509461928393
3015036,304.61712479862996
3016818,329.01145568574555
3018600,304.61712479862996
3020382,305.4663037790105
3022164,305.4663037790105
3023946,306.46055665073465
3025728,298.79534027288804
3027510,300.63403934004566
3029292,300.63403934004566
3002563,200.89144661136228
3004345,200.89144661136228
3006127,200.89144661136228
3007909,202.66251804933282
3009691,202.66251804933282
3011473,202.1817966882588
3013255,195.2987275443629
3015037,194.76490615015356
3016819,206.9219574128539
3018601,194.76490615015356
3020383,195.43809240309034
3022165,195.43809240309034
3023947,196.6083380022582
3025729,197.14819379967253
3027511,197.54691333610296
3029293,197.54691333610296
3002564,8.642353850501431
3004346,8.642353850501431
3006128,8.642353850501431
3007910,10.308703301302847
3009692,10.308703301302847
3011474,9.368948324874507
3013256,8.94838479495777
3015038,8.182676028788974
3016820,10.21085342799783
3018602,8.182676028788974
3020384,8.751140294556619
3022166,8.751140294556619
3023948,9.462352278370156
3025730,10.85109149763287
3027512,10.229759051371794
3029294,10.229759051371794
3002565,7.684550667553132
3004347,7.684550667553132
3006129,7.684550667553132
3007911,9.35090011835455
3009693,9.35090011835455
3011475,8.41114514192621
3013257,7.990581612009471
3015039,7.224872845840675
3016821,9.253050245049529
3018603,7.224872845840675
3020385,7.793337111608318
3022167,7.793337111608318
3023949,8.504549095421856
3025731,9.89328831468457
3027513,9.271955868423493
3029295,9.271955868423493
3002566,560.8415275589836
3004348,560.8415275589836
3006130,560.8415275589836
3007912,574.752758053302
3009694,574.752758053302
3011476,554.7661491478655
3013258,534.7651201440276
3015040,534.3736465258195
3016822,566.215895487371
3018604,534.3736465258195
3020386,538.6527053587921
3022168,538.6527053587921
3023950,528.7231293762455
3025732,507.08734314412163
3027514,509.0683899872805
3029296,509.0683899872805
3002567,111.58296646905922
3004349,111.58296646905922
3006131,111.58296646905922
3007913,113.35403790702973
3009695,113.35403790702973
3011477,112.07767357147286
3013259,111.65711004155611
3015041,111.12328864734677
3016823,120.77359212150058
3018605,111.12328864734677
3020387,111.79647490028351
3022169,111.79647490028351
3023951,112.17107752496851
3025733,115.41623610655306
3027515,115.6431083441622
3029297,115.6431083441622
3002568,1307.5680335307309
3004350,1355.1965091015823
3006132,1577.2813708132212
3007914,1653.709340133321
3009696,1621.3092146171455
3011478,1313.4099887254727
3013260,1234.1208634746965
3015042,1233.7293898564885
3016824,1406.603431678113
3018606,1466.6873727563996
3020388,1464.097076060981
3022170,1486.0193180336864
3023952,1203.3929461970201
3025734,1233.577223690781
3027516,1217.1277447521534
3029298,1264.7562203230048
3002569,-0.2599671298727321
3004351,-0.2599671298727321
3006133,-0.2599671298727321
3007915,1.4063823209286859
3009697,1.4063823209286859
3011479,0.44753307661659786
3013261,0.026969546699861208
3015043,-0.7196449515851887
3016825,0.1919518318808231
3018607,-0.7196449515851887
3020389,-0.15118068581754357
3022171,-0.15118068581754357
3023953,0.5409370301122444
3025735,0.8941848230020476
3027517,0.2919466446247178
3029299,0.2919466446247178
3002570,28.721846924727263
3004352,28.721846924727263
3006134,28.721846924727263
3007916,30.388196375528683
3009698,30.388196375528683
3011480,29.21655402714088
3013262,28.795990497224143
3015044,28.262169103014806
3016826,31.464196699132255
3018608,28.262169103014806
3020390,28.83063336878245
3022172,28.83063336878245
3023954,29.309957980636526
3025736,30.698697199899243
3027518,30.72426942949275
3029300,30.72426942949275
3002571,9.728279916968058
3004353,9.728279916968058
3006135,9.728279916968058
3007917,11.205438431126757
3009699,11.205438431126757
3011481,10.454874391341134
3013263,10.034310861424396
3015045,9.2686020952556
3016827,11.103727128509973
3018609,9.2686020952556
3020391,9.647875424380528
3022173,9.647875424380528
3023955,10.548278344836783
3025737,11.937017564099497
3027519,11.31568511783842
3029301,11.31568511783842
3002572,0.8201961245294789
3004354,0.8201961245294789
3006136,0.8201961245294789
3007918,2.2973546386881805
3009700,2.2973546386881805
3011482,1.5276963310188085
3013264,1.1071328011020725
3015046,0.3605183028170225
3016828,1.0790627203285514
3018610,0.3605183028170225
3020392,0.7397916319419502
3022174,0.7397916319419502
3023956,1.6211002845144553
3025738,1.974348077404259
3027520,1.372109899026929
3029302,1.372109899026929
3002573,3.0216882071587907
3004355,3.0216882071587907
3006137,3.0216882071587907
3007919,4.498846721317488
3009701,4.498846721317488
3011483,3.7482826815318657
3013265,3.3277191516151303
3015047,2.5620103854463343
3016829,4.3971354187007075
3018611,2.5620103854463343
3020393,2.941283714571261
3022175,2.941283714571261
3023957,3.841686635027513
3025739,5.230425854290228
3027521,4.609093408029153
3029303,4.609093408029153
3002574,3607.477646063562
3004356,3512.2587090799448
3006138,3497.6615025531655
3007920,4021.107073370238
3009702,4041.602767335641
3011484,3620.948720203551
3013266,3419.3943365139216
3015048,3399.70960972636
3016830,3497.5543355455743
3018612,3274.2666438587894
3020394,3565.23922454484
3022176,3645.749222782875
3023958,3334.8098756065497
3025740,3363.082974680399
3027522,3343.1628013348477
3029304,3288.6513985629567
3002575,0.22892229000241343
3004357,0.22892229000241343
3006139,0.22892229000241343
3007921,1.7060808041611135
3009703,1.7060808041611135
3011485,0.9364224964917435
3013267,0.5158589665750073
3015049,-0.2307555317100436
3016831,0.4877888858014859
3018613,-0.2307555317100436
3020395,0.14851779741488463
3022177,0.14851779741488463
3023959,1.0298264499873904
3025741,1.3830742428771934
3027523,0.7808360644998633
3029305,0.7808360644998633
3002576,604.5264227053501
3004358,604.5264227053501
3006140,604.5264227053501
3007922,614.9589953102119
3009704,614.9589953102119
3011486,598.451044294232
3013268,578.4500152903942
3015050,578.058541672186
3016832,607.7961763734664
3018614,578.058541672186
3020396,578.858942615702
3022178,578.858942615702
3023960,572.4080245226121
3025742,553.4712620977019
3027524,555.4523089408608
3029306,555.4523089408608
3002577,9.55988046293388
3004359,9.55988046293388
3006141,9.55988046293388
3007923,11.037038977092578
3009705,11.037038977092578
3011487,10.286474937306956
3013269,9.865911407390218
3015051,9.100202641221422
3016833,10.935327674475792
3018615,9.100202641221422
3020397,9.47947597034635
3022179,9.47947597034635
3023961,10.379878890802601
3025743,11.768618110065315
3027525,11.147285663804238
3029307,11.147285663804238
3002578,952.5860730849399
3004360,952.5860730849399
3006142,952.5860730849399
3007924,957.7641691110838
3009706,957.7641691110838
3011488,947.9913879077901
3013270,904.75468725579
3015052,904.3632136375819
3016834,936.8260502224283
3018616,884.4258787576426
3020398,882.991037108889
3022180,882.991037108889
3023962,886.2137787153238
3025744,846.5547258038839
3027526,844.0446646862395
3029308,844.0446646862395
3002579,1324.1724406302828
3004361,1324.1724406302828
3006143,1324.1724406302828
3007925,1370.8854563754846
3009707,1340.4354533765015
3011489,1330.0143958250246
3013271,1276.3652305974829
3015053,1275.9737569792749
3016835,1350.6391618842545
3018617,1247.8778942709591
3020399,1237.1586354135347
3022181,1261.0309999034325
3023963,1245.377727579431
3025745,1244.2657807846686
3027527,1227.816301846041
3029309,1227.816301846041
3002580,164.2095304255899
3004362,164.2095304255899
3006144,164.2095304255899
3007926,165.98060186356042
3009708,165.98060186356042
3011490,165.4998805024864
3013272,161.72023524443392
3015054,161.1864138502246
3016836,175.09347434032705
3018618,161.1864138502246
3020400,161.85960010316137
3022182,161.85960010316137
3023964,163.02984570232923
3025746,163.56970149974356
3027528,163.79657373735273
3029310,163.79657373735273
3002581,287.5949587252659
3004363,287.5949587252659
3006145,287.5949587252659
3007927,289.3660301632364
3009709,289.3660301632364
3011491,286.74293587863156
3013273,275.75399263854405
3015055,275.2201712443347
3016837,290.60408715526114
3018619,275.2201712443347
3020401,275.1050098058115
3022183,275.1050098058115
3023965,277.0636030964394
3025747,265.6893420680833
3027529,266.0880616045137
3029311,266.0880616045137
3002582,188.71071243953065
3004364,188.71071243953065
3006146,188.71071243953065
3007928,190.4817838775012
3009710,190.4817838775012
3011492,187.79047469118228
3013274,180.90740554728637
3015056,180.37358415307705
3016838,192.5306354157774
3018620,180.37358415307705
3020402,181.04677040601382
3022184,181.04677040601382
3023966,186.80859131071665
3025748,187.34844710813098
3027530,187.74716664456142
3029312,187.74716664456142
3002583,3320.609376874052
3004365,3225.3904398904347
3006147,3210.7932333636554
3007929,3556.8530555482207
3009711,3577.3487495136237
3011493,3328.2732589897178
3013275,3153.960013016856
3015057,3134.2752862292946
3016839,3227.032970106064
3018621,3010.6111137951452
3020403,3109.6456697185654
3022185,3190.1556679566006
3023967,3075.7459208484406
3025749,3135.377681038798
3027531,3145.8874061419037
3029313,3091.3760033700128
3002584,50.997828606499304
3004366,50.997828606499304
3006148,50.997828606499304
3007930,52.47498712065801
3009712,52.47498712065801
3011494,51.492535708912925
3013276,51.07197217899619
3015058,50.53815078478685
3016840,53.7401783809043
3018622,50.53815078478685
3020404,50.91742411391178
3022186,50.91742411391178
3023968,51.58593966240857
3025750,52.97467888167128
3027532,53.00025111126479
3029314,53.00025111126479
3002585,3.3811837334523727
3004367,3.3811837334523727
3006149,3.3811837334523727
3007931,4.8583422476110725
3009713,4.8583422476110725
3011495,4.10777820782545
3013277,3.687214677908711
3015059,2.9215059117399163
3016841,4.949683310948772
3018623,2.9215059117399163
3020405,3.3007792408648418
3022187,3.3007792408648418
3023969,4.201182161321094
3025751,5.589921380583808
3027533,4.968588934322734
3029315,4.968588934322734
3002586,6.35679486825497
3004368,6.35679486825497
3006150,6.35679486825497
3007932,7.83395338241367
3009714,7.83395338241367
3011496,7.083389342628046
3013278,6.662825812711308
3015060,5.897117046542513
3016842,7.9252944457513665
3018624,5.897117046542513
3020406,6.2763903756674395
3022188,6.2763903756674395
3023970,7.176793296123692
3025752,8.56553251538641
3027534,7.94420006912533
3029316,7.94420006912533
3002587,9.721678392845464
3004369,9.721678392845464
3006151,9.721678392845464
3007933,11.198836907004162
3009715,11.198836907004162
3011497,10.44827286721854
3013279,10.027709337301802
3015061,9.262000571133006
3016843,11.290177970341858
3018625,9.262000571133006
3020407,9.641273900257934
3022189,9.641273900257934
3023971,10.541676820714189
3025753,11.930416039976903
3027535,11.309083593715823
3029317,11.309083593715823
3002588,-0.2405105654158176
3004370,-0.2405105654158176
3006152,-0.2405105654158176
3007934,1.236647948742883
3009716,1.236647948742883
3011498,0.4669896410735123
3013280,0.04642611115677567
3015062,-0.7001883871282745
3016844,0.2114083963377376
3018626,-0.7001883871282745
3020408,-0.3209150580033467
3022190,-0.3209150580033467
3023972,0.5603935945691588
3025754,0.9136413874589621
3027536,0.3114032090816322
3029318,0.3114032090816322
3002589,209.04473268688398
3004371,209.04473268688398
3006153,209.04473268688398
3007935,210.8158041248545
3009717,210.8158041248545
3011499,210.3350827637805
3013281,203.45201361988458
3015063,202.91819222567526
3016845,215.0752434883756
3018627,202.91819222567526
3020409,203.59137847861203
3022191,203.59137847861203
3023973,204.76162407777989
3025755,205.30147987519422
3027537,205.70019941162465
3029319,205.70019941162465
3002590,2.277014824359095
3004372,2.277014824359095
3006154,2.277014824359095
3007936,3.754173338517795
3009718,3.754173338517795
3011500,3.0036092987321696
3013282,2.583045768815434
3015064,1.817337002646638
3016846,3.8455144018554956
3018628,1.817337002646638
3020410,2.196610331771566
3022192,2.196610331771566
3023974,3.0970132522278164
3025756,4.485752471490532
3027538,3.864420025229458
3029320,3.864420025229458
3002591,16.37230599236563
3004373,16.37230599236563
3006155,16.37230599236563
3007937,17.84946450652433
3009719,17.84946450652433
3011501,17.098900466738705
3013283,16.678336936821967
3015065,15.912628170653173
3016847,17.940805569862032
3018629,15.912628170653173
3020411,16.2919014997781
3022193,16.2919014997781
3023975,17.19230442023435
3025757,18.581043639497068
3027539,18.374728497131116
3029321,18.374728497131116
3002592,20.586055659218033
3004374,20.586055659218033
3006156,20.586055659218033
3007938,22.063214173376736
3009720,22.063214173376736
3011502,21.31265013359111
3013284,20.89208660367437
3015066,20.126377837505576
3016848,22.154555236714437
3018630,20.126377837505576
3020412,20.505651166630503
3022194,20.505651166630503
3023976,21.406054087086755
3025758,22.794793306349472
3027540,22.58847816398352
3029322,22.58847816398352
3002593,86.7574272599242
3004375,86.7574272599242
3006157,86.7574272599242
3007939,88.52849869789472
3009721,88.52849869789472
3011503,87.25213436233784
3013285,86.8315708324211
3015067,86.29774943821175
3016849,93.9555440121384
3018631,86.29774943821175
3020413,86.9709356911485
3022195,86.9709356911485
3023977,87.3455383158335
3025759,88.7342775350962
3027541,88.7598497646897
3029323,88.7598497646897
3002594,5.403029119998675
3004376,5.403029119998675
3006158,5.403029119998675
3007940,7.069378570800093
3009722,7.069378570800093
3011504,6.129623594371752
3013286,5.709060064455014
3015068,4.943351298286218
3016850,6.971528697495073
3018632,4.943351298286218
3020414,5.511815564053863
3022196,5.511815564053863
3023978,6.223027547867398
3025760,7.611766767130112
3027542,6.990434320869036
3029324,6.990434320869036
3002595,410.63726807521886
3004377,410.63726807521886
3006159,410.63726807521886
3007941,417.6628160919074
3009723,417.6628160919074
3011505,408.13117521898835
3013287,393.7275120887147
3015069,393.1936906945054
3016851,417.588021581621
3018633,393.1936906945054
3020415,394.04286967488594
3022197,394.04286967488594
3023979,393.6045436480559
3025761,390.07092997597664
3027543,391.90962904313426
3029325,391.90962904313426
3002596,174.75761384425056
3004378,174.75761384425056
3006160,174.75761384425056
3007942,176.5286852822211
3009724,176.5286852822211
3011506,176.04796392114707
3013288,172.2683186630946
3015070,171.73449726888526
3016852,185.64155775898772
3018634,171.73449726888526
3020416,172.40768352182204
3022198,172.40768352182204
3023980,173.5779291209899
3025762,174.11778491840423
3027544,174.51650445483466
3029326,174.51650445483466
3002597,7.84149124337022
3004379,7.84149124337022
3006161,7.84149124337022
3007943,9.50784069417164
3009725,9.50784069417164
3011507,8.5680857177433
3013289,8.147522187826562
3015071,7.381813421657764
3016853,9.409990820866618
3018635,7.381813421657764
3020417,7.950277687425408
3022199,7.950277687425408
3023981,8.661489671238945
3025763,10.050228890501659
3027545,9.428896444240582
3029327,9.428896444240582
3002598,11.206374767960716
3004380,11.206374767960716
3006162,11.206374767960716
3007944,12.872724218762132
3009726,12.872724218762132
3011508,11.932969242333792
3013290,11.512405712417054
3015072,10.746696946248258
3016854,12.77487434545711
3018636,10.746696946248258
3020418,11.315161212015903
3022200,11.315161212015903
3023982,12.026373195829438
3025764,13.415112415092151
3027546,12.793779968831075
3029328,12.793779968831075
3002599,726.9660434706847
3004381,726.9660434706847
3006163,731.3197144301546
3007945,745.2309449244731
3009727,745.2309449244731
3011509,723.0330379830975
3013291,687.4484844224835
3015073,687.0570108042754
3016855,725.0030151904363
3018637,684.388871054165
3020419,688.6679298871376
3022201,688.6679298871376
3023983,674.3846829451211
3025765,651.8654182432716
3027547,653.8464650864305
3029329,653.8464650864305
3002600,171.19166900350967
3004382,171.19166900350967
3006164,171.19166900350967
3007946,172.9627404414802
3009728,172.9627404414802
3011510,172.4820190804062
3013292,168.7023738223537
3015074,168.16855242814438
3016856,182.07561291824683
3018638,168.16855242814438
3020420,168.84173868108115
3022202,168.84173868108115
3023984,170.011984280249
3025766,170.55184007766334
3027548,170.95055961409378
3029330,170.95055961409378
3002601,2398.878020023206
3004383,2268.0391785252305
3006165,2253.441971998451
3007947,2706.414710421429
3009729,2726.910404386832
3011511,2401.8994457643857
3013293,2234.5097359415954
3015075,2288.2509020336715
3016857,3053.7260196478774
3018639,2055.455347340639
3020421,2201.956109209435
3022203,2713.640515188809
3023985,2433.061913799109
3025767,2680.430718431795
3027549,2676.3634778946557
3029331,2586.2321706084067
3002602,-0.2599671298727321
3004384,-0.2599671298727321
3006166,-0.2599671298727321
3007948,1.4063823209286859
3009730,1.4063823209286859
3011512,0.44753307661659786
3013294,0.026969546699861208
3015076,-0.7196449515851887
3016858,0.1919518318808231
3018640,-0.7196449515851887
3020422,-0.15118068581754357
3022204,-0.15118068581754357
3023986,0.5409370301122444
3025768,0.8941848230020476
3027550,0.2919466446247178
3029332,0.2919466446247178
3002603,36.45723190953433
3004385,36.45723190953433
3006167,36.45723190953433
3007949,38.12358136033575
3009731,38.12358136033575
3011513,36.95193901194795
3013295,36.531375482031216
3015077,35.997554087821875
3016859,39.19958168393932
3018641,35.997554087821875
3020423,36.56601835358952
3022205,36.56601835358952
3023987,37.045342965443595
3025769,38.434082184706305
3027551,38.45965441429981
3029333,38.45965441429981
3002604,3.702982735759181
3004386,3.702982735759181
3006168,3.702982735759181
3007950,5.180141249917881
3009732,5.180141249917881
3011514,4.429577210132258
3013296,4.009013680215521
3015078,3.2433049140467247
3016860,5.078429947301098
3018642,3.2433049140467247
3020424,3.62257824317165
3022206,3.62257824317165
3023988,4.522981163627904
3025770,5.911720382890618
3027552,5.290387936629542
3029334,5.290387936629542
3002605,0.8201961245294789
3004387,0.8201961245294789
3006169,0.8201961245294789
3007951,2.2973546386881805
3009733,2.2973546386881805
3011515,1.5276963310188085
3013297,1.1071328011020725
3015079,0.3605183028170225
3016861,1.0790627203285514
3018643,0.3605183028170225
3020425,0.7397916319419502
3022207,0.7397916319419502
3023989,1.6211002845144553
3025771,1.974348077404259
3027553,1.372109899026929
3029335,1.372109899026929
3002606,4.420541301259336
3004388,4.420541301259336
3006170,4.420541301259336
3007952,5.897699815418036
3009734,5.897699815418036
3011516,5.1471357756324085
3013298,4.72657224571567
3015080,3.9608634795468802
3016862,5.7959885128012525
3018644,3.9608634795468802
3020426,4.340136808671805
3022208,4.340136808671805
3023990,5.240539729128054
3025772,6.629278948390768
3027554,6.007946502129697
3029336,6.007946502129697
3002607,3281.536366019581
3004389,3186.3174290359634
3006171,3171.720222509184
3007953,3503.947565171179
3009735,3524.443259136582
3011517,3295.00744015957
3013299,3120.694194186708
3015081,3101.0094673991466
3016863,3193.767151275916
3018645,2977.3452949649973
3020427,3062.547371365847
3022209,3143.0573696038823
3023991,3037.8885267127575
3025773,3074.798459124672
3027555,3054.8782857791207
3029337,3000.3668830072293
3002608,0.22892229000241343
3004390,0.22892229000241343
3006172,0.22892229000241343
3007954,1.7060808041611135
3009736,1.7060808041611135
3011518,0.9364224964917435
3013300,0.5158589665750073
3015082,-0.2307555317100436
3016864,0.4877888858014859
3018646,-0.2307555317100436
3020428,0.14851779741488463
3022210,0.14851779741488463
3023992,1.0298264499873904
3025774,1.3830742428771934
3027556,0.7808360644998633
3029338,0.7808360644998633
3002609,551.6155484346324
3004391,551.6155484346324
3006173,551.6155484346324
3007955,560.2203052169476
3009737,560.2203052169476
3011519,545.6825177995155
3013301,525.6814887956776
3015083,525.1476674014683
3016865,554.9387576865684
3018647,525.1476674014683
3020429,524.1202525224377
3022211,524.1202525224377
3023993,519.6394980278956
3025775,500.70273560298546
3027557,502.5414346701431
3029339,502.5414346701431
3002610,12.969508926006295
3004392,12.969508926006295
3006174,12.969508926006295
3007956,14.446667440164994
3009738,14.446667440164994
3011520,13.696103400379371
3013302,13.275539870462634
3015084,12.509831104293838
3016866,14.34495613754821
3018648,12.509831104293838
3020430,12.889104433418765
3022212,12.889104433418765
3023994,13.789507353875017
3025776,15.17824657313773
3027558,14.556914126876654
3029340,14.556914126876654
3002611,1135.9641900418665
3004393,1135.9641900418665
3006175,1135.9641900418665
3007957,1182.6772057870683
3009739,1152.2272027880852
3011521,1135.5752244089035
3013303,1082.89903789687
3015085,1082.507564278662
3016867,1150.2254945507011
3018649,1062.5702293987229
3020431,1051.8509705412985
3022213,1075.7233350311963
3023995,1065.1369111217048
3025777,1047.6023635505999
3027559,1031.1528846119722
3029341,1031.1528846119722
3002612,1149.699178492146
3004394,1149.699178492146
3006176,1149.699178492146
3007958,1196.4121942373479
3009740,1165.9621912383648
3011522,1149.3102128591831
3013304,1096.6340263471495
3015086,1096.2425527289415
3016868,1155.801955172604
3018650,1068.1466900206258
3020432,1057.4274311632014
3022214,1081.2997956530992
3023996,1070.7133717436077
3025778,1062.7733571259712
3027560,1046.3238781873436
3029342,1046.3238781873436
3002613,187.5106464240525
3004395,187.5106464240525
3006177,187.5106464240525
3007959,189.28171786202304
3009741,189.28171786202304
3011523,188.80099650094903
3013305,181.91792735705312
3015087,181.3841059628438
3016869,193.54115722554414
3018651,181.3841059628438
3020433,182.05729221578056
3022215,182.05729221578056
3023997,183.22753781494842
3025779,183.76739361236275
3027561,184.1661131487932
3029343,184.1661131487932
3002614,257.07258372743365
3004396,257.07258372743365
3006178,257.07258372743365
3007960,258.8436551654042
3009742,258.8436551654042
3011524,256.22056088079927
3013306,249.33749173690344
3015088,248.80367034269412
3016870,260.4170834943489
3018652,248.80367034269412
3020434,249.4768565956309
3022216,249.4768565956309
3023998,250.64710219479875
3025780,244.01362799348175
3027562,244.41234752991218
3029344,244.41234752991218
3002615,127.20744328911171
3004397,127.20744328911171
3006179,127.20744328911171
3007961,128.97851472708223
3009743,128.97851472708223
3011525,125.49156256628049
3013307,125.07099903636372
3015089,124.53717764215438
3016871,134.18748111630825
3018653,124.53717764215438
3020435,125.21036389509112
3022217,125.21036389509112
3023999,130.17654182531106
3025781,133.42170040689567
3027563,133.64857264450484
3029345,133.64857264450484
3002616,3360.265669668583
3004398,3265.0467326849657
3006180,3250.4495261581865
3007962,3596.5093483427518
3009744,3617.0050423081548
3011526,3367.929551784249
3013308,3193.616305811387
3015090,3173.9315790238256
3016872,3266.689262900595
3018654,3050.2674065896763
3020436,3149.3019625130964
3022218,3229.8119607511317
3024000,3115.4022136429717
3025782,3175.033973833329
3027564,3185.543698936435
3029346,3131.0322961645434
3002617,43.486106605560806
3004399,43.486106605560806
3006181,43.486106605560806
3007963,44.96326511971951
3009745,44.96326511971951
3011527,43.98081370797443
3013309,43.56025017805769
3015091,43.02642878384835
3016873,46.2284563799658
3018655,43.02642878384835
3020437,43.40570211297328
3022219,43.40570211297328
3024001,44.07421766147007
3025783,45.46295688073278
3027565,45.48852911032629
3029347,45.48852911032629
3002618,-0.2405105654158176
3004400,-0.2405105654158176
3006182,-0.2405105654158176
3007964,1.236647948742883
3009746,1.236647948742883
3011528,0.4669896410735123
3013310,0.04642611115677567
3015092,-0.7001883871282745
3016874,0.2114083963377376
3018656,-0.7001883871282745
3020438,-0.3209150580033467
3022220,-0.3209150580033467
3024002,0.5603935945691588
3025784,0.9136413874589621
3027566,0.3114032090816322
3029348,0.3114032090816322
3002619,8.522569601666023
3004401,8.522569601666023
3006183,8.522569601666023
3007965,9.999728115824722
3009747,9.999728115824722
3011529,9.249164076039099
3013311,8.828600546122361
3015093,8.062891779953564
3016875,10.091069179162417
3018657,8.062891779953564
3020439,8.442165109078493
3022221,8.442165109078493
3024003,9.342568029534744
3025785,10.731307248797458
3027567,10.109974802536382
3029349,10.109974802536382
3002620,6.35679486825497
3004402,6.35679486825497
3006184,6.35679486825497
3007966,7.83395338241367
3009748,7.83395338241367
3011530,7.083389342628046
3013312,6.662825812711308
3015094,5.897117046542513
3016876,7.9252944457513665
3018658,5.897117046542513
3020440,6.2763903756674395
3022222,6.2763903756674395
3024004,7.176793296123692
3025786,8.56553251538641
3027568,7.94420006912533
3029350,7.94420006912533
3002621,3.3811837334523727
3004403,3.3811837334523727
3006185,3.3811837334523727
3007967,4.8583422476110725
3009749,4.8583422476110725
3011531,4.10777820782545
3013313,3.687214677908711
3015095,2.9215059117399163
3016877,4.949683310948772
3018659,2.9215059117399163
3020441,3.3007792408648418
3022223,3.3007792408648418
3024005,4.201182161321094
3025787,5.589921380583808
3027569,4.968588934322734
3029351,4.968588934322734
3002622,251.71338161561278
3004404,251.71338161561278
3006186,251.71338161561278
3007968,253.4844530535833
3009750,253.4844530535833
3011532,250.8613587689784
3013314,243.97828962508248
3015096,243.44446823087316
3016878,255.05788138252802
3018660,243.44446823087316
3020442,244.11765448380993
3022224,244.11765448380993
3024006,245.28790008297779
3025788,238.65442588166079
3027570,239.05314541809122
3029352,239.05314541809122
3002623,44.795328695221365
3004405,44.795328695221365
3006187,44.795328695221365
3007969,46.27248720938007
3009751,46.27248720938007
3011533,45.290035797634985
3013315,44.86947226771825
3015097,44.33565087350891
3016879,47.53767846962636
3018661,44.33565087350891
3020443,44.71492420263384
3022225,44.71492420263384
3024007,45.38343975113063
3025789,46.77217897039334
3027571,46.79775119998685
3029353,46.79775119998685
3002624,9.721678392845464
3004406,9.721678392845464
3006188,9.721678392845464
3007970,11.198836907004162
3009752,11.198836907004162
3011534,10.44827286721854
3013316,10.027709337301802
3015098,9.262000571133006
3016880,11.290177970341858
3018662,9.262000571133006
3020444,9.641273900257934
3022226,9.641273900257934
3024008,10.541676820714189
3025790,11.930416039976903
3027572,11.309083593715823
3029354,11.309083593715823
3002625,19.13721091136325
3004407,19.13721091136325
3006189,19.13721091136325
3007971,20.614369425521954
3009753,20.614369425521954
3011535,19.863805385736327
3013317,19.44324185581959
3015099,18.677533089650794
3016881,20.705710488859655
3018663,18.677533089650794
3020445,19.05680641877572
3022227,19.05680641877572
3024009,19.957209339231973
3025791,21.34594855849469
3027573,21.13963341612874
3029355,21.13963341612874
3002626,101.41712188140869
3004408,101.41712188140869
3006190,101.41712188140869
3007972,103.18819331937921
3009754,103.18819331937921
3011536,101.91182898382233
3013318,101.49126545390558
3015100,100.95744405969624
3016882,109.65297271594751
3018664,100.95744405969624
3020446,101.63063031263299
3022228,101.63063031263299
3024010,102.00523293731798
3025792,104.80023235750899
3027574,104.8258045871025
3029356,104.8258045871025
3002627,8.642353850501431
3004409,8.642353850501431
3006191,8.642353850501431
3007973,10.308703301302847
3009755,10.308703301302847
3011537,9.368948324874507
3013319,8.94838479495777
3015101,8.182676028788974
3016883,10.21085342799783
3018665,8.182676028788974
3020447,8.751140294556619
3022229,8.751140294556619
3024011,9.462352278370156
3025793,10.85109149763287
3027575,10.229759051371794
3029357,10.229759051371794
3002628,410.63726807521886
3004410,410.63726807521886
3006192,410.63726807521886
3007974,417.6628160919074
3009756,417.6628160919074
3011538,408.13117521898835
3013320,393.7275120887147
3015102,393.1936906945054
3016884,417.588021581621
3018666,393.1936906945054
3020448,394.04286967488594
3022230,394.04286967488594
3024012,393.6045436480559
3025794,390.07092997597664
3027576,391.90962904313426
3029358,391.90962904313426
3002629,187.61846878472846
3004411,187.61846878472846
3006193,187.61846878472846
3007975,189.389540222699
3009757,189.389540222699
3011539,188.90881886162498
3013321,182.02574971772907
3015103,181.49192832351974
3016885,193.6489795862201
3018667,181.49192832351974
3020449,182.16511457645652
3022231,182.16511457645652
3024013,183.33536017562437
3025795,183.8752159730387
3027577,184.27393550946914
3029359,184.27393550946914
3002630,11.206374767960716
3004412,11.206374767960716
3006194,11.206374767960716
3007976,12.872724218762132
3009758,12.872724218762132
3011540,11.932969242333792
3013322,11.512405712417054
3015104,10.746696946248258
3016886,12.77487434545711
3018668,10.746696946248258
3020450,11.315161212015903
3022232,11.315161212015903
3024014,12.026373195829438
3025796,13.415112415092151
3027578,12.793779968831075
3029360,12.793779968831075
3002631,17.85700236748088
3004413,17.85700236748088
3006195,17.85700236748088
3007977,19.5233518182823
3009759,19.5233518182823
3011541,18.583596841853957
3013323,18.16303331193722
3015105,17.397324545768424
3016887,19.425501944977285
3018669,17.397324545768424
3020451,17.96578881153607
3022233,17.96578881153607
3024015,18.677000795349603
3025797,20.06574001461232
3027579,19.859424872246368
3029361,19.859424872246368
3002632,578.0315341622419
3004414,578.0315341622419
3006196,578.0315341622419
3007978,591.9427646565604
3009760,591.9427646565604
3011542,571.9561557511238
3013324,551.9551267472859
3015106,551.5636531290778
3016888,583.4059020906293
3018670,551.5636531290778
3020452,555.8427119620504
3022234,555.8427119620504
3024016,545.9131359795039
3025798,524.2773497473805
3027580,526.2583965905394
3029362,526.2583965905394
3002633,161.32697839424068
3004415,161.32697839424068
3006197,161.32697839424068
3007979,163.09804983221122
3009761,163.09804983221122
3011543,162.6173284711372
3013325,158.83768321308472
3015107,158.3038618188754
3016889,172.21092230897784
3018671,158.3038618188754
3020453,158.97704807181216
3022235,158.97704807181216
3024017,160.14729367098002
3025799,160.68714946839435
3027581,160.91402170600352
3029363,160.91402170600352
3002634,1374.308434291203
3004416,1279.0894973075854
3006198,1264.4922907808061
3007980,1689.7017695388367
3009762,1710.1974635042395
3011544,1267.5892847500281
3013326,1107.0132379340685
3015108,1160.7544040261455
3016890,1224.5037563158796
3018672,1008.081900004961
3020454,1186.2661125018462
3022236,1842.8283540102964
3024018,2011.2439245615822
3025800,1991.2624269357532
3027582,2001.7721520388586
3029364,1947.260749266967
3002635,-0.2599671298727321
3004417,-0.2599671298727321
3006199,-0.2599671298727321
3007981,1.4063823209286859
3009763,1.4063823209286859
3011545,0.44753307661659786
3013327,0.026969546699861208
3015109,-0.7196449515851887
3016891,0.1919518318808231
3018673,-0.7196449515851887
3020455,-0.15118068581754357
3022237,-0.15118068581754357
3024019,0.5409370301122444
3025801,0.8941848230020476
3027583,0.2919466446247178
3029365,0.2919466446247178
3002636,26.27625578063284
3004418,26.27625578063284
3006200,26.27625578063284
3007982,27.94260523143426
3009764,27.94260523143426
3011546,26.75281053711911
3013328,26.332247007202373
3015110,25.816577958920384
3016892,29.01860555503784
3018674,25.816577958920384
3020456,26.38504222468803
3022238,26.38504222468803
3024020,26.846214490614756
3025802,28.234953709877473
3027584,28.27867828539833
3029366,28.27867828539833
3002637,5.07681877229057
3004419,5.07681877229057
3006201,5.07681877229057
3007983,6.55397728644927
3009765,6.55397728644927
3011547,5.8034132466636486
3013329,5.38284971674691
3015111,4.617140950578113
3016893,6.452265983832487
3018675,4.617140950578113
3020457,4.99641427970304
3022239,4.99641427970304
3024021,5.896817200159294
3025803,7.285556419422008
3027585,6.664223973160931
3029367,6.664223973160931
3002638,0.5260505794902023
3004420,0.5260505794902023
3006202,0.5260505794902023
3007984,2.0032090936489024
3009766,2.0032090936489024
3011548,1.2335507859795316
3013330,0.8129872560627953
3015112,0.06637275777774544
3016894,0.7849171752892745
3018676,0.06637275777774544
3020458,0.4456460869026734
3022240,0.4456460869026734
3024022,1.3269547394751786
3025804,1.6802025323649818
3027586,1.077964353987652
3029368,1.077964353987652
3002639,3.408837190719904
3004421,3.408837190719904
3006203,3.408837190719904
3007985,4.885995704878603
3009767,4.885995704878603
3011549,4.135431665092982
3013331,3.7148681351762427
3015113,2.9491593690074476
3016895,4.784284402261821
3018677,2.9491593690074476
3020459,3.3284326981323744
3022241,3.3284326981323744
3024023,4.2288356185886276
3025805,5.617574837851341
3027587,4.996242391590265
3029369,4.996242391590265
3002640,2220.7480170829235
3004422,2206.4072955076863
3006204,2206.4072955076863
3007986,2335.202299203891
3009768,2304.752296204908
3011550,2226.5899722776658
3013332,2161.8250591148144
3015114,2161.433585496606
3016896,2223.548587677317
3018678,2094.056434940798
3020460,2129.2808964913615
3022242,2153.153260981259
3024024,2114.8160672391464
3025806,2066.837898052955
3027588,2029.5357048381368
3029370,2015.194983262898
3002641,-0.06522325503686353
3004423,-0.06522325503686353
3006205,-0.06522325503686353
3007987,1.4119352591218373
3009769,1.4119352591218373
3011551,0.6422769514524664
3013333,0.22171342153573032
3015115,-0.5249010767493201
3016897,0.19364334076220918
3018679,-0.5249010767493201
3020461,-0.14562774762439235
3022243,-0.14562774762439235
3024025,0.735680904948113
3025807,1.0889286978379167
3027589,0.48669051946058645
3029371,0.48669051946058645
3002642,524.4977382438733
3004424,524.4977382438733
3006206,524.4977382438733
3007988,535.2137380788627
3009770,535.2137380788627
3011552,518.5647076087565
3013334,498.56367860491844
3015116,498.0298572107091
3016898,527.8209474958093
3018680,498.0298572107091
3020462,504.21864286200275
3022244,504.21864286200275
3024026,498.4407101642596
3025808,479.50394773934966
3027590,481.3426468065073
3029372,481.3426468065073
3002643,19.655748609213408
3004425,19.655748609213408
3006207,19.655748609213408
3007989,21.13290712337211
3009771,21.13290712337211
3011553,20.382343083586484
3013335,19.961779553669746
3015117,19.19607078750095
3016899,21.031195820755325
3018681,19.19607078750095
3020463,19.575344116625878
3022245,19.575344116625878
3024027,20.47574703708213
3025809,21.864486256344847
3027591,21.658171113978895
3029373,21.658171113978895
3002644,1270.7503330465777
3004426,1270.7503330465777
3006208,1270.7503330465777
3007990,1317.4633487917795
3009772,1287.0133457927964
3011554,1276.5922882413195
3013336,1217.6851809015811
3015118,1217.2937072833731
3016900,1288.8695642472621
3018682,1189.1978445750574
3020464,1178.478585717633
3022246,1202.3509502075308
3024028,1186.6976778835292
3025810,1183.4120399878022
3027592,1166.9625610491746
3029374,1166.9625610491746
3002645,603.3044493769473
3004427,603.3044493769473
3006209,603.3044493769473
3007991,613.7370219818091
3009773,613.7370219818091
3011555,597.2290709658292
3013337,577.2280419619914
3015119,576.8365683437833
3016901,606.5742030450637
3018683,576.8365683437833
3020465,577.6369692872992
3022247,577.6369692872992
3024029,571.1860511942093
3025811,552.2492887692991
3027593,554.230335612458
3029375,554.230335612458
3002646,349.1833577021137
3004428,349.1833577021137
3006210,349.1833577021137
3007992,356.20890571880227
3009774,356.20890571880227
3011556,346.6772648458832
3013338,332.2736017156096
3015120,331.73978032140025
3016902,358.6495988850894
3018684,331.73978032140025
3020466,332.58895930178073
3022248,332.58895930178073
3024030,332.15063327495074
3025812,325.9179957956583
3027594,327.75669486281595
3029376,327.75669486281595
3002647,97.34976343715365
3004429,97.34976343715365
3006211,97.34976343715365
3007993,99.12083487512417
3009775,99.12083487512417
3011557,97.8444705395673
3013339,97.42390700965055
3015121,96.89008561544121
3016903,104.07906513696412
3018685,96.89008561544121
3020467,97.56327186837795
3022249,97.56327186837795
3024031,97.93787449306295
3025813,100.73287391325395
3027595,100.75844614284746
3029377,100.75844614284746
3002648,53.052976222488084
3004430,53.052976222488084
3006212,53.052976222488084
3007994,54.53013473664679
3009776,54.53013473664679
3011558,51.33709549965682
3013340,50.916531969740085
3015122,50.382710575530744
3016904,53.58473817164819
3018686,50.382710575530744
3020468,50.76198390465567
3022250,50.76198390465567
3024032,56.02207475868744
3025814,57.41081397795015
3027596,57.436386207543656
3029378,57.436386207543656
3002649,4470.766666397185
3004431,4339.9278248992105
3006213,4325.330618372432
3007995,4650.929520873725
3009777,4671.425214839128
3011559,4505.761924330657
3013341,4259.612853417582
3015123,4239.928126630021
3016905,4557.25659375431
3018687,4055.5722857840424
3020469,4123.178166801912
3022251,4367.444429242721
3024033,4212.223184298961
3025815,4449.977130872345
3027597,4445.909890335206
3029379,4355.778583048957
3002650,16.583540173045698
3004432,16.583540173045698
3006214,16.583540173045698
3007996,18.0606986872044
3009778,18.0606986872044
3011560,17.310134647418774
3013342,16.889571117502037
3015124,16.123862351333244
3016906,18.1520397505421
3018688,16.123862351333244
3020470,16.50313568045817
3022252,16.50313568045817
3024034,17.40353860091442
3025816,18.792277820177137
3027598,18.585962677811185
3029380,18.585962677811185
3002651,-0.5346561104550946
3004433,-0.5346561104550946
3006215,-0.5346561104550946
3007997,0.9425024037036057
3009779,0.9425024037036057
3011561,0.17284409603423484
3013343,-0.24771943388250178
3015125,-0.9943339321675512
3016907,-0.08273714870153946
3018689,-0.9943339321675512
3020471,-0.6150606030426238
3022253,-0.6150606030426238
3024035,0.2662480495298814
3025817,0.6194958424196847
3027599,0.017257664042355188
3029381,0.017257664042355188
3002652,25.97140419672936
3004434,25.97140419672936
3006216,25.97140419672936
3007998,27.448562710888062
3009780,27.448562710888062
3011562,26.44795895321563
3013344,26.02739542329889
3015126,25.511726375016902
3016908,27.539903774225763
3018690,25.511726375016902
3020472,25.89099970414183
3022254,25.89099970414183
3024036,26.541362906711274
3025818,27.930102125973992
3027600,27.973826701494847
3029382,27.973826701494847
3002653,12.837161310878601
3004435,12.837161310878601
3006217,12.837161310878601
3007999,14.3143198250373
3009781,14.3143198250373
3011563,13.563755785251677
3013345,13.14319225533494
3015127,12.377483489166144
3016909,14.405660888375
3018691,12.377483489166144
3020473,12.756756818291072
3022255,12.756756818291072
3024037,13.657159738747326
3025819,15.04589895801004
3027601,14.424566511748964
3029383,14.424566511748964
3002654,-0.5346561104550946
3004436,-0.5346561104550946
3006218,-0.5346561104550946
3008000,0.9425024037036057
3009782,0.9425024037036057
3011564,0.17284409603423484
3013346,-0.24771943388250178
3015128,-0.9943339321675512
3016910,-0.08273714870153946
3018692,-0.9943339321675512
3020474,-0.6150606030426238
3022256,-0.6150606030426238
3024038,0.2662480495298814
3025820,0.6194958424196847
3027602,0.017257664042355188
3029384,0.017257664042355188
3002655,350.4499727379653
3004437,350.4499727379653
3006219,350.4499727379653
3008001,357.47552075465387
3009783,357.47552075465387
3011565,347.9438798817348
3013347,333.5402167514612
3015129,333.00639535725185
3016911,359.916213920941
3018693,333.00639535725185
3020475,333.8555743376324
3022257,333.8555743376324
3024039,333.41724831080234
3025821,327.18461083150993
3027603,329.02330989866755
3029385,329.02330989866755
3002656,16.897900725459564
3004438,16.897900725459564
3006220,16.897900725459564
3008002,18.375059239618267
3009784,18.375059239618267
3011566,17.62449519983264
3013348,17.203931669915903
3015130,16.438222903747107
3016912,18.466400302955968
3018694,16.438222903747107
3020476,16.817496232872035
3022258,16.817496232872035
3024040,17.717899153328286
3025822,19.106638372591004
3027604,18.90032323022505
3029386,18.90032323022505
3002657,9.427532847806186
3004439,9.427532847806186
3006221,9.427532847806186
3008003,10.904691361964884
3009785,10.904691361964884
3011567,10.154127322179265
3013349,9.733563792262528
3015131,8.967855026093728
3016913,10.996032425302584
3018695,8.967855026093728
3020477,9.347128355218656
3022259,9.347128355218656
3024041,10.24753127567491
3025823,11.636270494937625
3027605,11.014938048676548
3029387,11.014938048676548
3002658,4.120498402008587
3004440,4.120498402008587
3006222,4.120498402008587
3008004,5.597656916167286
3009786,5.597656916167286
3011568,4.84709287638166
3013350,4.426529346464921
3015132,3.6608205802961296
3016914,5.688997979504985
3018696,3.6608205802961296
3020478,4.040093909421056
3022260,4.040093909421056
3024042,4.940496829877305
3025824,6.329236049140019
3027606,5.707903602878947
3029388,5.707903602878947
3002659,47.625692797093315
3004441,47.625692797093315
3006223,47.625692797093315
3008005,49.292042247894734
3009787,49.292042247894734
3011569,48.120399899506936
3013351,47.6998363695902
3015133,47.16601497538086
3016915,50.36804257149831
3018697,47.16601497538086
3020479,47.734479241148506
3022261,47.734479241148506
3024043,48.21380385300258
3025825,49.60254307226529
3027607,49.6281153018588
3029389,49.6281153018588
3002660,-0.409686969717154
3004442,-0.409686969717154
3006224,-0.409686969717154
3008006,1.2566624810842637
3009788,1.2566624810842637
3011570,0.29781323677217547
3013352,-0.12275029314456119
3015134,-0.869364791429611
3016916,0.042231992036401045
3018698,-0.869364791429611
3020480,-0.3009005256619657
3022262,-0.3009005256619657
3024044,0.39121719026782203
3025826,0.7444649831576252
3027608,0.1422268047802957
3029390,0.1422268047802957
3002661,322.6823270627131
3004443,322.6823270627131
3006225,322.6823270627131
3008007,329.7078750794017
3009789,329.7078750794017
3011571,318.16258249199495
3013353,305.772571076209
3015135,305.23874968199965
3016917,332.1485682456888
3018699,305.23874968199965
3020481,306.0879286623802
3022263,306.0879286623802
3024045,307.08218153410434
3025827,299.41696515625773
3027609,301.25566422341535
3029391,301.25566422341535
3002662,251.64886480172345
3004444,251.64886480172345
3006226,251.64886480172345
3008008,253.41993623969398
3009790,253.41993623969398
3011572,250.79684195508906
3013354,243.91377281119316
3015136,243.37995141698383
3016918,257.508852245212
3018700,243.37995141698383
3020482,244.0531376699206
3022264,244.0531376699206
3024046,245.22338326908846
3025828,238.58990906777146
3027610,238.9886286042019
3029392,238.9886286042019
3002663,1.5217482517623226
3004445,1.5217482517623226
3006227,1.5217482517623226
3008009,3.1880977025637396
3009791,3.1880977025637396
3011573,2.229248458251654
3013355,1.8086849283349176
3015137,1.062070430049866
3016919,2.4696396384508534
3018701,1.062070430049866
3020483,1.630534695817511
3022265,1.630534695817511
3024047,2.322652411747301
3025829,3.1459988113355863
3027611,2.543760632958255
3029393,2.543760632958255
3002664,2.6058081924498184
3004446,2.6058081924498184
3006228,2.6058081924498184
3008010,4.2721576432512345
3009792,4.2721576432512345
3011574,3.332402666822892
3013356,2.9118391369061563
3015138,2.146130370737362
3016920,4.1743077699462185
3018702,2.146130370737362
3020484,2.714594636505007
3022266,2.714594636505007
3024048,3.425806620318539
3025830,4.814545839581254
3027612,4.193213393320182
3029394,4.193213393320182
3002665,545.2005041429594
3004447,545.2005041429594
3006229,545.2005041429594
3008011,559.1117346372779
3009793,559.1117346372779
3011575,539.1251257318413
3013357,519.1240967280035
3015139,518.7326231097953
3016921,550.5748720713468
3018703,518.7326231097953
3020485,523.011681942768
3022267,523.011681942768
3024049,513.0821059602214
3025831,491.4463197280974
3027613,493.4273665712563
3029395,493.4273665712563
3002666,79.69289115183727
3004448,79.69289115183727
3006230,79.69289115183727
3008012,81.46396258980779
3009794,81.46396258980779
3011576,80.18759825425091
3013358,79.76703472433417
3015140,79.23321333012483
3016922,86.89100790405148
3018704,79.23321333012483
3020486,79.90639958306157
3022268,79.90639958306157
3024050,80.28100220774657
3025832,81.66974142700927
3027614,81.69531365660278
3029396,81.69531365660278
3002667,1126.1892003073976
3004449,1151.753422254324
3006231,1307.5077585521938
3008013,1355.594817926581
3009795,1323.1946924104057
3011577,1132.0311555021394
3013359,1062.6944655873863
3015141,1062.3029919691783
3016923,1205.5146741694275
3018705,1215.5256875056587
3020487,1206.1804722774198
3022269,1228.1027142501252
3024051,1031.7069625693343
3025833,1030.595015774572
3027615,1014.1455368359443
3029397,1039.7097587828707
3002668,3.9309976561690583
3004450,3.9309976561690583
3006232,3.9309976561690583
3008014,5.597347106970474
3009796,5.597347106970474
3011578,4.657592130542132
3013360,4.237028600625393
3015142,3.4713198344565996
3016924,5.499497233665456
3018706,3.4713198344565996
3020488,4.039784100224245
3022270,4.039784100224245
3024052,4.750996084037777
3025834,6.139735303300491
3027616,5.518402857039417
3029398,5.518402857039417
3002669,17.074471096688043
3004451,17.074471096688043
3006233,17.074471096688043
3008015,18.740820547489463
3009797,18.740820547489463
3011579,17.80106557106112
3013361,17.380502041144382
3015143,16.614793274975586
3016925,18.642970674184447
3018707,16.614793274975586
3020489,17.18325754074323
3022271,17.18325754074323
3024053,17.894469524556765
3025835,19.283208743819483
3027617,19.07689360145353
3029399,19.07689360145353
3000921,2.1414524938240724
3002703,2.1414524938240724
3004485,2.1414524938240724
3006267,3.6186110079827727
3008049,3.6186110079827727
3009831,2.848952700313403
3011613,2.4283891703966676
3013395,1.6817746721116162
3015177,2.8962915145581207
3016959,1.6817746721116162
3018741,2.061048001236544
3020523,2.061048001236544
3022305,2.94235665380905
3024087,3.765703053397336
3025869,3.1634648750200047
3027651,3.1634648750200047
3000922,0.5260505794902023
3002704,0.5260505794902023
3004486,0.5260505794902023
3006268,2.0032090936489024
3008050,2.0032090936489024
3009832,1.2335507859795316
3011614,0.8129872560627953
3013396,0.06637275777774544
3015178,0.7849171752892745
3016960,0.06637275777774544
3018742,0.4456460869026734
3020524,0.4456460869026734
3022306,1.3269547394751786
3024088,1.6802025323649818
3025870,1.077964353987652
3027652,1.077964353987652
3000923,0.5260505794902023
3002705,0.5260505794902023
3004487,0.5260505794902023
3006269,2.0032090936489024
3008051,2.0032090936489024
3009833,1.2335507859795316
3011615,0.8129872560627953
3013397,0.06637275777774544
3015179,0.7849171752892745
3016961,0.06637275777774544
3018743,0.4456460869026734
3020525,0.4456460869026734
3022307,1.3269547394751786
3024089,1.6802025323649818
3025871,1.077964353987652
3027653,1.077964353987652
3000924,719.52412431077
3002706,719.52412431077
3004488,719.52412431077
3006270,729.9566969156318
3008052,729.9566969156318
3009834,715.5911188231829
3011616,685.7455880375668
3013398,685.3541144193587
3015180,724.5508868302732
3016962,678.3323037097783
3018744,679.1327046532942
3020526,679.1327046532942
3022308,672.6817865602044
3024090,655.9083100480624
3025872,657.8893568912213
3027654,657.8893568912213
3000925,-0.06522325503686353
3002707,-0.06522325503686353
3004489,-0.06522325503686353
3006271,1.4119352591218373
3008053,1.4119352591218373
3009835,0.6422769514524664
3011617,0.22171342153573032
3013399,-0.5249010767493201
3015181,0.19364334076220918
3016963,-0.5249010767493201
3018745,-0.14562774762439235
3020527,-0.14562774762439235
3022309,0.735680904948113
3024091,1.0889286978379167
3025873,0.48669051946058645
3027655,0.48669051946058645
3000926,62.30570036083016
3002708,62.30570036083016
3004490,62.30570036083016
3006272,63.782858874988854
3008054,63.782858874988854
3009836,62.800407463243786
3011618,62.37984393332705
3013400,61.846022539117705
3015182,67.77852612752993
3016964,61.846022539117705
3018746,62.22529586824263
3020528,62.22529586824263
3022310,62.89381141673944
3024092,64.28255063600214
3025874,64.30812286559566
3027656,64.30812286559566
3000927,2.1362688275924486
3002709,2.1362688275924486
3004491,2.1362688275924486
3006273,3.613427341751148
3008055,3.613427341751148
3009837,2.8628633019655227
3011619,2.4422997720487873
3013401,1.676591005879991
3015183,3.511716039134365
3016965,1.676591005879991
3018747,2.0558643350049186
3020529,2.0558643350049186
3022311,2.95626725546117
3024093,4.345006474723887
3025875,3.72367402846281
3027657,3.72367402846281
3000928,596.0543645672249
3002710,596.0543645672249
3004492,596.0543645672249
3006274,606.4869371720866
3008056,606.4869371720866
3009838,589.9789861561068
3011620,569.9779571522689
3013402,569.5864835340608
3015184,599.3241182353412
3016966,569.5864835340608
3018748,570.3868844775767
3020530,570.3868844775767
3022312,563.9359663844868
3024094,544.9992039595767
3025876,546.9802508027356
3027658,546.9802508027356
3000929,208.73506933382768
3002711,208.73506933382768
3004493,208.73506933382768
3006275,210.50614077179821
3008057,210.50614077179821
3009839,210.0254194107242
3011621,203.1423502668283
3013403,202.60852887261896
3015185,214.7655801353193
3016967,202.60852887261896
3018749,203.28171512555573
3020531,203.28171512555573
3022313,204.4519607247236
3024095,204.99181652213792
3025877,205.39053605856836
3027659,205.39053605856836
3000930,139.35790946805022
3002712,139.35790946805022
3004494,139.35790946805022
3006276,141.12898090602076
3008058,141.12898090602076
3009840,140.64825954494674
3011622,138.18295361828325
3013404,137.64913222407392
3015186,150.54412634774084
3016968,137.64913222407392
3018750,138.3223184770107
3020532,138.3223184770107
3022314,139.49256407617855
3024096,140.0324198735929
3025878,140.25929211120206
3027660,140.25929211120206
3000931,12.49165701460593
3002713,12.49165701460593
3004495,12.49165701460593
3006277,13.96881552876463
3008059,13.96881552876463
3009841,13.218251488979007
3011623,12.79768795906227
3013405,12.031979192893473
3015187,13.86710422614785
3016969,12.031979192893473
3018751,12.411252522018401
3020533,12.411252522018401
3022315,13.311655442474656
3024097,14.70039466173737
3025879,14.079062215476293
3027661,14.079062215476293
3000932,24.095226267429545
3002714,24.095226267429545
3004496,24.095226267429545
3006278,25.572384781588244
3008060,25.572384781588244
3009842,22.361193198670936
3011624,21.940629668754198
3013406,21.4249606204722
3015188,23.260085653726577
3016970,21.4249606204722
3018752,21.80423394959713
3020534,21.80423394959713
3022316,27.04617245770155
3024098,28.434911676964266
3025880,28.478636252485114
3027662,28.478636252485114
3000933,1802.3445896999226
3002715,1788.0038681246854
3004497,1788.0038681246854
3006279,1864.431837444785
3008061,1832.0317119286096
3009843,1802.3793528703409
3011625,1723.0902276195648
3013407,1722.6987540013567
3015189,1835.717509174826
3016971,1671.6026780435402
3018753,1669.0123813481216
3020535,1690.934623320827
3022317,1696.9538856474232
3024099,1727.1381631411841
3025881,1710.6886842025565
3027663,1696.3479626273192
3000934,2.8041506531345064
3002716,2.8041506531345064
3004498,2.8041506531345064
3006280,4.281309167293204
3008062,4.281309167293204
3009844,3.5307451275075783
3011626,3.1101815975908425
3013408,2.34447283142205
3015190,4.372650230630905
3016972,2.34447283142205
3018754,2.7237461605469773
3020536,2.7237461605469773
3022318,3.6241490810032255
3024100,5.012888300265941
3025882,4.391555854004868
3027664,4.391555854004868
3000935,-0.5346561104550946
3002717,-0.5346561104550946
3004499,-0.5346561104550946
3006281,0.9425024037036057
3008063,0.9425024037036057
3009845,0.17284409603423484
3011627,-0.24771943388250178
3013409,-0.9943339321675512
3015191,-0.08273714870153946
3016973,-0.9943339321675512
3018755,-0.6150606030426238
3020537,-0.6150606030426238
3022319,0.2662480495298814
3024101,0.6194958424196847
3025883,0.017257664042355188
3027665,0.017257664042355188
3000936,5.070921418079106
3002718,5.070921418079106
3004500,5.070921418079106
3006282,6.548079932237806
3008064,6.548079932237806
3009846,5.797515892452183
3011628,5.3769523625354445
3013410,4.6112435963666485
3015192,6.639420995575504
3016974,4.6112435963666485
3018756,4.990516925491575
3020538,4.990516925491575
3022320,5.8909198459478285
3024102,7.279659065210542
3025884,6.6583266189494665
3027666,6.6583266189494665
3000937,1.9828692793198182
3002719,1.9828692793198182
3004501,1.9828692793198182
3006283,3.460027793478518
3008065,3.460027793478518
3009847,2.709463753692893
3011629,2.288900223776157
3013411,1.5231914576073622
3015193,3.551368856816218
3016975,1.5231914576073622
3018757,1.9024647867322886
3020539,1.9024647867322886
3022321,2.8028677071885397
3024103,4.191606926451256
3025885,3.570274480190181
3027667,3.570274480190181
3000938,3.0870381884130955
3002720,3.0870381884130955
3004502,3.0870381884130955
3006284,4.5641967025717936
3008066,4.5641967025717936
3009848,3.8136326627861714
3011630,3.393069132869433
3013412,2.627360366700639
3015194,4.655537765909495
3016976,2.627360366700639
3018758,3.006633695825565
3020540,3.006633695825565
3022322,3.907036616281818
3024104,5.295775835544531
3025886,4.674443389283457
3027668,4.674443389283457
3000939,157.7183080548082
3002721,157.7183080548082
3004503,157.7183080548082
3006285,159.48937949277874
3008067,159.48937949277874
3009849,159.00865813170472
3011631,155.22901287365224
3013413,154.6951914794429
3015195,168.60225196954536
3016977,154.6951914794429
3018759,155.36837773237968
3020541,155.36837773237968
3022323,156.53862333154754
3024105,157.07847912896187
3025887,157.30535136657105
3027669,157.30535136657105
3000940,16.07816044732635
3002722,16.07816044732635
3004504,16.07816044732635
3006286,17.55531896148505
3008068,17.55531896148505
3009850,16.804754921699423
3011632,16.384191391782686
3013414,15.618482625613892
3015196,17.64666002482275
3016978,15.618482625613892
3018760,15.99775595473882
3020542,15.99775595473882
3022324,16.89815887519507
3024106,18.286898094457786
3025888,18.080582952091834
3027670,18.080582952091834
3000941,-0.5346561104550946
3002723,-0.5346561104550946
3004505,-0.5346561104550946
3006287,0.9425024037036057
3008069,0.9425024037036057
3009851,0.17284409603423484
3011633,-0.24771943388250178
3013415,-0.9943339321675512
3015197,-0.08273714870153946
3016979,-0.9943339321675512
3018761,-0.6150606030426238
3020543,-0.6150606030426238
3022325,0.2662480495298814
3024107,0.6194958424196847
3025889,0.017257664042355188
3027671,0.017257664042355188
3000942,1.9828692793198182
3002724,1.9828692793198182
3004506,1.9828692793198182
3006288,3.460027793478518
3008070,3.460027793478518
3009852,2.709463753692893
3011634,2.288900223776157
3013416,1.5231914576073622
3015198,3.551368856816218
3016980,1.5231914576073622
3018762,1.9024647867322886
3020544,1.9024647867322886
3022326,2.8028677071885397
3024108,4.191606926451256
3025890,3.570274480190181
3027672,3.570274480190181
3000943,5.108883574959398
3002725,5.108883574959398
3004507,5.108883574959398
3006289,6.775233025760816
3008071,6.775233025760816
3009853,5.835478049332475
3011635,5.414914519415737
3013417,4.649205753246941
3015199,6.677383152455796
3016981,4.649205753246941
3018763,5.2176700190145855
3020545,5.2176700190145855
3022327,5.928882002828121
3024109,7.3176212220908345
3025891,6.696288775829759
3027673,6.696288775829759
3000944,-0.409686969717154
3002726,-0.409686969717154
3004508,-0.409686969717154
3006290,1.2566624810842637
3008072,1.2566624810842637
3009854,0.29781323677217547
3011636,-0.12275029314456119
3013418,-0.869364791429611
3015200,0.042231992036401045
3016982,-0.869364791429611
3018764,-0.3009005256619657
3020546,-0.3009005256619657
3022328,0.39121719026782203
3024110,0.7444649831576252
3025892,0.1422268047802957
3027674,0.1422268047802957
3000945,157.7183080548082
3002727,157.7183080548082
3004509,157.7183080548082
3006291,159.48937949277874
3008073,159.48937949277874
3009855,159.00865813170472
3011637,155.22901287365224
3013419,154.6951914794429
3015201,166.215140667039
3016983,154.6951914794429
3018765,155.36837773237968
3020547,155.36837773237968
3022329,156.53862333154754
3024111,157.07847912896187
3025893,157.30535136657105
3027675,157.30535136657105
3000946,150.46925828488514
3002728,150.46925828488514
3004510,150.46925828488514
3006292,152.24032972285568
3008074,152.24032972285568
3009856,151.75960836178166
3011638,147.97996310372918
3013420,147.44614170951985
3015202,161.32827785495684
3016984,147.44614170951985
3018766,148.11932796245662
3020548,148.11932796245662
3022330,149.28957356162448
3024112,149.8294293590388
3025894,150.05630159664798
3027676,150.05630159664798
3000947,1.5217482517623226
3002729,1.5217482517623226
3004511,1.5217482517623226
3006293,3.1880977025637396
3008075,3.1880977025637396
3009857,2.229248458251654
3011639,1.8086849283349176
3013421,1.062070430049866
3015203,2.4696396384508534
3016985,1.062070430049866
3018767,1.630534695817511
3020549,1.630534695817511
3022331,2.322652411747301
3024113,3.1459988113355863
3025895,2.543760632958255
3027677,2.543760632958255
3000948,4.075423361363913
3002730,4.075423361363913
3004512,4.075423361363913
3006294,5.74177281216533
3008076,5.74177281216533
3009858,4.802017835736987
3011640,4.381454305820249
3013422,3.6157455396514555
3015204,5.643922938860311
3016986,3.6157455396514555
3018768,4.1842098054190995
3020550,4.1842098054190995
3022332,4.895421789232633
3024114,6.284161008495347
3025896,5.662828562234273
3027678,5.662828562234273
3000949,207.74184150348498
3002731,207.74184150348498
3004513,207.74184150348498
3006295,209.5129129414555
3008077,209.5129129414555
3009859,209.0321915803815
3011641,202.14912243648558
3013423,201.61530104227626
3015205,213.7723523049766
3016987,201.61530104227626
3018769,202.28848729521303
3020551,202.28848729521303
3022333,203.4587328943809
3024115,203.99858869179522
3025897,204.39730822822565
3027679,204.39730822822565
3000950,7.245979417318999
3002732,7.245979417318999
3004514,7.245979417318999
3006296,8.912328868120417
3008078,8.912328868120417
3009860,7.972573891692075
3011642,7.552010361775339
3013424,6.786301595606542
3015206,8.8144789948154
3016988,6.786301595606542
3018770,7.3547658613741875
3020552,7.3547658613741875
3022334,8.065977845187724
3024116,9.45471706445044
3025898,8.833384618189363
3027680,8.833384618189363
3000951,160.02408721084169
3002733,160.02408721084169
3004515,160.02408721084169
3006297,161.79515864881222
3008079,161.79515864881222
3009861,161.3144372877382
3011643,157.53479202968572
3013425,157.0009706354764
3015207,170.90803112557884
3016989,157.0009706354764
3018771,157.67415688841317
3020553,157.67415688841317
3022335,158.84440248758102
3024117,159.38425828499535
3025899,159.61113052260453
3027681,159.61113052260453
3000952,-0.5541126749120091
3002734,-0.5541126749120091
3004516,-0.5541126749120091
3006298,1.112236775889409
3008080,1.112236775889409
3009862,0.1533875315773204
3011644,-0.26717599833941624
3013426,-1.0137904966244655
3015208,-0.10219371315845381
3016990,-1.0137904966244655
3018772,-0.44532623085682044
3020554,-0.44532623085682044
3022336,0.24679148507296694
3024118,0.6000392779627702
3025900,-0.002198900414559272
3027682,-0.002198900414559272
3000953,1.3773225465674677
3002735,1.3773225465674677
3004517,1.3773225465674677
3006299,3.043671997368885
3008081,3.043671997368885
3009863,2.0848227530567986
3011645,1.6642592231400624
3013427,0.9176447248550109
3015209,2.325213933255998
3016991,0.9176447248550109
3018773,1.4861089906226566
3020555,1.4861089906226566
3022337,2.1782267065524454
3024119,3.001573106140731
3025901,2.3993349277633995
3027683,2.3993349277633995
3000954,11.264959609360787
3002736,11.264959609360787
3004518,11.264959609360787
3006300,12.742118123519486
3008082,12.742118123519486
3009864,11.991554083733863
3011646,11.570990553817126
3013428,10.80528178764833
3015210,12.640406820902703
3016992,10.80528178764833
3018774,11.184555116773257
3020556,11.184555116773257
3022338,12.084958037229512
3024120,13.473697256492226
3025902,12.85236481023115
3027684,12.85236481023115
3000955,0.9067286160535155
3002737,0.9067286160535155
3004519,0.9067286160535155
3006301,2.383887130212216
3008083,2.383887130212216
3009865,1.614228822542845
3011647,1.1936652926261087
3013429,0.44705079434105877
3015211,1.165595211852588
3016993,0.44705079434105877
3018775,0.8263241234659868
3020557,0.8263241234659868
3022339,1.707632776038492
3024121,2.0608805689282947
3025903,1.4586423905509653
3027685,1.4586423905509653
3000956,2.4103528396780463
3002738,2.4103528396780463
3004520,2.4103528396780463
3006302,3.887511353836746
3008084,3.887511353836746
3009866,3.1178530461673764
3011648,2.697289516250641
3013430,1.9506750179655896
3015212,3.165191860412094
3016994,1.9506750179655896
3018776,2.3299483470905176
3020558,2.3299483470905176
3022340,3.2112569996630236
3024122,4.03460339925131
3025904,3.432365220873978
3027686,3.432365220873978
3000957,2179.285331422044
3002739,2164.9446098468065
3004521,2164.9446098468065
3006303,2293.739613543011
3008085,2263.2896105440277
3009867,2185.127286616786
3011649,2120.3623734539347
3013431,2119.9708998357264
3015213,2182.085902016437
3016995,2052.5937492799185
3018777,2087.8182108304813
3020559,2111.6905753203787
3022341,2073.3533815782666
3024123,2025.3752123920744
3025905,1988.0730191772554
3027687,1973.7322976020182
3000958,0.3154547815264499
3002740,0.3154547815264499
3004522,0.3154547815264499
3006304,1.7926132956851506
3008086,1.7926132956851506
3009868,1.0229549880157807
3011650,0.6023914580990444
3013432,-0.14422304018600662
3015214,0.5743213773255228
3016996,-0.14422304018600662
3018778,0.23505028893892116
3020560,0.23505028893892116
3022342,1.1163589415114272
3024124,1.4696067344012307
3025906,0.8673685560239001
3027688,0.8673685560239001
3000959,506.9318560422122
3002741,506.9318560422122
3004523,506.9318560422122
3006305,517.6478558772019
3008087,517.6478558772019
3009869,500.9988254070953
3011651,480.9977964032575
3013433,480.46397500904817
3015215,510.25506529414827
3016997,480.46397500904817
3018779,486.6527606603418
3020561,486.6527606603418
3022343,480.87482796259866
3024125,461.9380655376887
3025907,463.77676460484633
3027689,463.77676460484633
3000960,25.604143037617987
3002742,25.604143037617987
3004524,25.604143037617987
3006306,27.08130155177669
3008088,27.08130155177669
3009870,26.080697794104257
3011652,25.66013426418752
3013434,25.14446521590553
3015216,26.979590249159905
3016998,25.14446521590553
3018780,25.523738545030458
3020562,25.523738545030458
3022344,26.174101747599902
3024126,27.56284096686262
3025908,27.606565542383475
3027690,27.606565542383475
3000961,1271.080237444059
3002743,1271.080237444059
3004525,1271.080237444059
3006307,1317.793253189261
3008089,1287.3432501902778
3009871,1276.9221926388009
3011653,1218.0150852990625
3013435,1217.6236116808545
3015217,1289.1994686447435
3016999,1189.5277489725388
3018781,1178.8084901151144
3020563,1202.6808546050122
3022345,1187.0275822810106
3024127,1183.7419443852837
3025909,1167.292465446656
3027691,1167.292465446656
3000962,361.1737773973834
3002744,361.1737773973834
3004526,361.1737773973834
3006308,368.19932541407195
3008090,368.19932541407195
3009872,358.6676845411529
3011654,344.26402141087925
3013436,343.7302000166699
3015218,370.6400185803591
3017000,343.7302000166699
3018782,344.57937899705047
3020564,344.57937899705047
3022346,344.1410529702204
3024128,337.908415490928
3025910,339.7471145580856
3027692,339.7471145580856
3000963,224.53082513440523
3002745,224.53082513440523
3004527,224.53082513440523
3006309,226.30189657237577
3008091,226.30189657237577
3009873,225.82117521130175
3011655,218.93810606740584
3013437,218.4042846731965
3015219,233.07682361247043
3017001,218.4042846731965
3018783,219.0774709261333
3020565,219.0774709261333
3022347,220.24771652530114
3024129,220.78757232271548
3025911,221.1862918591459
3027693,221.1862918591459
3000964,136.1930989419496
3002746,136.1930989419496
3004528,136.1930989419496
3006310,137.96417037992012
3008092,137.96417037992012
3009874,136.68780604436316
3011656,135.0181430921826
3013438,134.4843216979733
3015220,149.89480349821378
3017002,134.4843216979733
3018784,135.15750795091006
3020566,135.15750795091006
3022348,135.53211057559497
3024130,136.86760934749225
3025912,137.09448158510142
3027694,137.09448158510142
3000965,61.049863762084506
3002747,61.049863762084506
3004529,61.049863762084506
3006311,62.52702227624321
3008093,62.52702227624321
3009875,59.33398303925324
3011657,58.91341950933651
3013439,58.379598115127166
3015221,62.59407887469382
3017003,58.379598115127166
3018785,58.758871444252094
3020567,58.758871444252094
3022349,64.01896229828385
3024131,65.40770151754657
3025913,65.43327374714008
3027695,65.43327374714008
3000966,3887.3259211062978
3002748,3792.1069841226804
3004530,3777.509777595901
3006312,4097.442148975582
3008094,4117.937842940986
3009876,3894.9898032219635
3011658,3693.4354195323335
3013440,3673.750692744772
3015222,3766.5083766215416
3017004,3550.0865203106227
3018786,3622.99362542916
3020568,3703.5036236671954
3022350,3615.221327363918
3024132,3674.853087554276
3025914,3685.3628126573817
3027696,3630.8514098854907
3000967,17.672180797032894
3002749,17.672180797032894
3004531,17.672180797032894
3006313,19.149339311191596
3008095,19.149339311191596
3009877,18.39877527140597
3011659,17.978211741489233
3013441,17.212502975320437
3015223,19.240680374529298
3017005,17.212502975320437
3018787,17.591776304445364
3020569,17.591776304445364
3022351,18.492179224901616
3024133,19.880918444164333
3025915,19.67460330179838
3027697,19.67460330179838
3000968,2.2517696251737918
3002750,2.2517696251737918
3004532,2.2517696251737918
3006314,3.7289281393324916
3008096,3.7289281393324916
3009878,2.9783640995468663
3011660,2.5578005696301305
3013442,1.7920918034613356
3015224,3.8202692026701905
3017006,1.7920918034613356
3018788,2.171365132586262
3020570,2.171365132586262
3022352,3.071768053042513
3024134,4.460507272305228
3025916,3.8391748260441534
3027698,3.8391748260441534
3000969,8.497324402480718
3002751,8.497324402480718
3004533,8.497324402480718
3006315,9.974482916639417
3008097,9.974482916639417
3009879,9.223918876853794
3011661,8.803355346937057
3013443,8.037646580768259
3015225,10.065823979977116
3017007,8.037646580768259
3018789,8.416919909893188
3020571,8.416919909893188
3022353,9.317322830349443
3024135,10.706062049612157
3025917,10.08472960335108
3027699,10.08472960335108
3000970,6.331549669069666
3002752,6.331549669069666
3004534,6.331549669069666
3006316,7.808708183228366
3008098,7.808708183228366
3009880,7.0581441434427425
3011662,6.637580613526004
3013444,5.871871847357209
3015226,7.900049246566066
3017008,5.871871847357209
3018790,6.251145176482136
3020572,6.251145176482136
3022354,7.151548096938388
3024136,8.540287316201105
3025918,7.918954869940028
3027700,7.918954869940028
3000971,-0.15397807389178098
3002753,-0.15397807389178098
3004535,-0.15397807389178098
3006317,1.3231804402669196
3008099,1.3231804402669196
3009881,0.5535221325975483
3011663,0.13295860268081192
3013445,-0.6136558956042377
3015227,0.29794088786177414
3017009,-0.6136558956042377
3018791,-0.2343825664793101
3020573,-0.2343825664793101
3022355,0.646926086093195
3024137,1.0001738789829986
3025919,0.39793570060566885
3027701,0.39793570060566885
3000972,376.2029428915153
3002754,376.2029428915153
3004536,376.2029428915153
3006318,383.22849090820387
3008100,383.22849090820387
3009882,373.6968500352848
3011664,359.29318690501117
3013446,358.75936551080184
3015228,385.669184074491
3017010,358.75936551080184
3018792,359.60854449118233
3020574,359.60854449118233
3022356,359.17021846435233
3024138,355.6366047922731
3025920,357.4753038594307
3027702,357.4753038594307
3000973,7.132412276200874
3002755,7.132412276200874
3004537,7.132412276200874
3006319,8.609570790359573
3008101,8.609570790359573
3009883,7.859006750573955
3011665,7.438443220657216
3013447,6.672734454488417
3015229,8.700911853697272
3017011,6.672734454488417
3018793,7.052007783613344
3020575,7.052007783613344
3022357,7.952410704069601
3024139,9.341149923332313
3025921,8.719817477071237
3027703,8.719817477071237
3000974,2.2517696251737918
3002756,2.2517696251737918
3004538,2.2517696251737918
3006320,3.7289281393324916
3008102,3.7289281393324916
3009884,2.9783640995468663
3011666,2.5578005696301305
3013448,1.7920918034613356
3015230,3.8202692026701905
3017012,1.7920918034613356
3018794,2.171365132586262
3020576,2.171365132586262
3022358,3.071768053042513
3024140,4.460507272305228
3025922,3.8391748260441534
3027704,3.8391748260441534
3000975,16.34706079318032
3002757,16.34706079318032
3004539,16.34706079318032
3006321,17.82421930733902
3008103,17.82421930733902
3009885,17.073655267553395
3011667,16.653091737636657
3013449,15.887382971467865
3015231,17.915560370676722
3017013,15.887382971467865
3018795,16.26665630059279
3020577,16.26665630059279
3022359,17.16705922104904
3024141,18.555798440311758
3025923,18.349483297945806
3027705,18.349483297945806
3000976,8.61710865131613
3002758,8.61710865131613
3004540,8.61710865131613
3006322,10.283458102117546
3008104,10.283458102117546
3009886,9.343703125689206
3011668,8.923139595772469
3013450,8.157430829603674
3015232,10.185608228812525
3017014,8.157430829603674
3018796,8.725895095371317
3020578,8.725895095371317
3022360,9.437107079184852
3024142,10.825846298447566
3025924,10.204513852186489
3027706,10.204513852186489
3000977,-0.0290089331538404
3002759,-0.0290089331538404
3004541,-0.0290089331538404
3006323,1.6373405176475773
3008105,1.6373405176475773
3009887,0.6784912733354893
3011669,0.25792774341875263
3013451,-0.4886867548662972
3015233,0.42291002859971477
3017015,-0.4886867548662972
3018797,0.07977751090134803
3020579,0.07977751090134803
3022361,0.7718952268311359
3024143,1.1251430197209393
3025925,0.5229048413436094
3027707,0.5229048413436094
3000978,330.9145382389968
3002760,330.9145382389968
3004542,330.9145382389968
3006324,337.94008625568534
3008106,337.94008625568534
3009888,328.4084453827663
3011670,314.00478225249265
3013452,313.4709608582833
3015234,340.3807794219725
3017016,313.4709608582833
3018798,314.32013983866386
3020580,314.32013983866386
3022362,313.8818138118338
3024144,307.6491763325414
3025926,309.487875399699
3027708,309.487875399699
3000979,212.4370258314849
3002761,212.4370258314849
3004543,212.4370258314849
3006325,214.20809726945544
3008107,214.20809726945544
3009889,213.72737590838142
3011671,206.8443067644855
3013453,206.31048537027618
3015235,220.9830243095501
3017017,206.31048537027618
3018799,206.98367162321296
3020581,206.98367162321296
3022363,208.1539172223808
3024145,208.69377301979515
3025927,209.09249255622558
3027709,209.09249255622558
3000980,1.7906485976162958
3002762,1.7906485976162958
3004544,1.7906485976162958
3006326,3.456998048417713
3008108,3.456998048417713
3009890,2.4981488041056275
3011672,2.0775852741888907
3013454,1.3309707759038394
3015236,2.738539984304827
3017018,1.3309707759038394
3018800,1.8994350416714845
3020582,1.8994350416714845
3022364,2.5915527576012742
3024146,3.4148991571895597
3025928,2.8126609788122283
3027710,2.8126609788122283
3000981,6.824518139048331
3002763,6.824518139048331
3004545,6.824518139048331
3006327,8.490867589849747
3008109,8.490867589849747
3009891,7.551112613421409
3011673,7.13054908350467
3013455,6.364840317335874
3015237,8.393017716544733
3017019,6.364840317335874
3018801,6.933304583103519
3020583,6.933304583103519
3022365,7.644516566917054
3024147,9.033255786179772
3025929,8.411923339918696
3027711,8.411923339918696
3000982,282.6189733540069
3002764,282.6189733540069
3004546,282.6189733540069
3006328,284.39004479197746
3008110,284.39004479197746
3009892,281.7669505073726
3011674,272.7329330549994
3013456,272.1991116607901
3015238,287.449209634765
3017020,272.1991116607901
3018802,272.0839502222668
3020584,272.0839502222668
3022366,274.0425435128948
3024148,266.15790260065836
3025930,266.55662213708877
3027712,266.55662213708877
3000983,22.49089095706035
3002765,22.49089095706035
3004547,22.49089095706035
3006329,24.15724040786177
3008111,24.15724040786177
3009893,22.967445713546628
3011675,22.54688218362989
3013457,22.031213135347894
3015239,24.059390534556755
3017021,22.031213135347894
3018803,22.59967740111554
3020585,22.59967740111554
3022367,23.060849667042273
3024149,24.44958888630499
3025931,24.49331346182584
3027713,24.49331346182584
3000984,827.3273142859006
3002766,827.3273142859006
3004548,839.0633154390309
3006330,852.9745459333494
3008112,852.9745459333494
3009894,825.4777636340001
3011676,772.9500237228265
3013458,772.5585501046183
3015240,821.1086014671632
3017022,768.212821303305
3018804,772.4918801362776
3020586,772.4918801362776
3022368,758.2647201078557
3024150,722.5974686688688
3025932,714.0891527563772
3027714,714.0891527563772
3000985,12.254668734599889
3002767,12.254668734599889
3004549,12.254668734599889
3006331,13.921018185401305
3008113,13.921018185401305
3009895,12.981263208972965
3011677,12.560699679056228
3013459,11.794990912887432
3015241,13.823168312096287
3017023,11.794990912887432
3018805,12.363455178655077
3020587,12.363455178655077
3022369,13.074667162468614
3024151,14.463406381731325
3025933,13.842073935470252
3027715,13.842073935470252
3000986,5.233358215618516
3002768,5.233358215618516
3004550,5.233358215618516
3006332,6.899707666419934
3008114,6.899707666419934
3009896,5.959952689991593
3011678,5.539389160074855
3013460,4.773680393906059
3015242,6.801857793114915
3017024,4.773680393906059
3018806,5.342144659673703
3020588,5.342144659673703
3022370,6.053356643487239
3024152,7.4420958627499525
3025934,6.8207634164888775
3027716,6.8207634164888775
3000987,0.26744242273659746
3002769,0.26744242273659746
3004551,0.26744242273659746
3006333,1.7446009368952982
3008115,1.7446009368952982
3009897,0.9749426292259269
3011679,0.5543790993091906
3013461,-0.19223539897585917
3015243,0.5263090185356698
3017025,-0.19223539897585917
3018807,0.18703793014906867
3020589,0.18703793014906867
3022371,1.0683465827215737
3024153,1.4215943756113771
3025935,0.8193561972340472
3027717,0.8193561972340472
3000988,0.26744242273659746
3002770,0.26744242273659746
3004552,0.26744242273659746
3006334,1.7446009368952982
3008116,1.7446009368952982
3009898,0.9749426292259269
3011680,0.5543790993091906
3013462,-0.19223539897585917
3015244,0.5263090185356698
3017026,-0.19223539897585917
3018808,0.18703793014906867
3020590,0.18703793014906867
3022372,1.0683465827215737
3024154,1.4215943756113771
3025936,0.8193561972340472
3027718,0.8193561972340472
3000989,0.26744242273659746
3002771,0.26744242273659746
3004553,0.26744242273659746
3006335,1.7446009368952982
3008117,1.7446009368952982
3009899,0.9749426292259269
3011681,0.5543790993091906
3013463,-0.19223539897585917
3015245,0.5263090185356698
3017027,-0.19223539897585917
3018809,0.18703793014906867
3020591,0.18703793014906867
3022373,1.0683465827215737
3024155,1.4215943756113771
3025937,0.8193561972340472
3027719,0.8193561972340472
3000990,1174.221314591445
3002772,1174.221314591445
3004554,1174.221314591445
3006336,1220.9343303366468
3008118,1190.4843273376637
3009900,1173.832348958482
3011682,1121.1561624464484
3013464,1120.7646888282404
3015246,1180.324091271903
3017028,1092.6688261199247
3018810,1081.9495672625003
3020592,1105.821931752398
3022374,1095.2355078429066
3024156,1087.2954932252703
3025938,1070.8460142866427
3027720,1070.8460142866427
3000991,-0.3238314117904682
3002773,-0.3238314117904682
3004555,-0.3238314117904682
3006337,1.1533271023682332
3008119,1.1533271023682332
3009901,0.3836687946988621
3011683,-0.036894735217874314
3013465,-0.7835092335029249
3015247,-0.06496481599139557
3017029,-0.7835092335029249
3018811,-0.40423590437799695
3020593,-0.40423590437799695
3022375,0.47707274819450846
3024157,0.8303205410843119
3025939,0.22808236270698168
3027721,0.22808236270698168
3000992,172.80489232683183
3002774,172.80489232683183
3004556,172.80489232683183
3006338,174.57596376480237
3008120,174.57596376480237
3009902,174.09524240372835
3011684,170.31559714567587
3013466,169.78177575146654
3015248,183.688836241569
3017030,169.78177575146654
3018812,170.4549620044033
3020594,170.4549620044033
3022376,171.62520760357117
3024158,172.1650634009855
3025940,172.56378293741594
3027722,172.56378293741594
3000993,1.8776606708388435
3002775,1.8776606708388435
3004557,1.8776606708388435
3006339,3.354819184997544
3008121,3.354819184997544
3009903,2.6042551452119187
3011685,2.1836916152951824
3013467,1.417982849126387
3015249,3.253107882380761
3017031,1.417982849126387
3018813,1.7972561782513148
3020595,1.7972561782513148
3022377,2.697659098707566
3024159,4.086398317970282
3025941,3.465065871709205
3027723,3.465065871709205
3000994,691.3499055473653
3002776,691.3499055473653
3004558,691.3499055473653
3006340,701.7824781522271
3008122,701.7824781522271
3009904,685.2745271362472
3011686,660.0155560202129
3013468,659.6240824020048
3015250,689.3617171032852
3017032,652.6022716924244
3018814,653.4026726359403
3020596,653.4026726359403
3022378,646.9517545428505
3024160,624.4112082329054
3025942,626.3922550760643
3027724,626.3922550760643
3000995,311.9485965642768
3002777,311.9485965642768
3004559,311.9485965642768
3006341,318.97414458096534
3008123,318.97414458096534
3009905,307.4288519935586
3011687,295.03884057777265
3013469,294.5050191835633
3015251,318.8993500706789
3017033,294.5050191835633
3018815,295.3541981639438
3020597,295.3541981639438
3022379,296.348451035668
3024161,288.6832346578214
3025943,290.521933724979
3027725,290.521933724979
3000996,148.8112722259762
3002778,148.8112722259762
3004560,148.8112722259762
3006342,150.58234366394674
3008124,150.58234366394674
3009906,150.10162230287273
3011688,146.32197704482024
3013470,145.78815565061092
3015252,159.6702917960479
3017034,145.78815565061092
3018816,146.4613419035477
3020598,146.4613419035477
3022380,147.63158750271555
3024162,148.17144330012988
3025944,148.39831553773905
3027726,148.39831553773905
3000997,79.14917388446035
3002779,79.14917388446035
3004561,79.14917388446035
3006343,80.92024532243087
3008125,80.92024532243087
3009907,79.643880986874
3011689,79.22331745695725
3013471,78.6894960627479
3015253,86.34729063667457
3017035,78.6894960627479
3018817,79.36268231568465
3020599,79.36268231568465
3022381,79.73728494036965
3024163,81.12602415963235
3025945,81.15159638922586
3027727,81.15159638922586
3000998,35.47687522993672
3002780,35.47687522993672
3004562,35.47687522993672
3006344,36.95403374409542
3008126,36.95403374409542
3009908,33.76099450710545
3011690,33.34043097718872
3013472,32.80660958297938
3015254,36.00863717909682
3017036,32.80660958297938
3018818,33.185882912104304
3020600,33.185882912104304
3022382,38.44597376613607
3024164,39.83471298539878
3025946,39.86028521499229
3027728,39.86028521499229
3000999,1970.5237068134318
3002781,1956.1829852381945
3004563,1956.1829852381945
3006345,2042.3486481102898
3008127,2009.9485225941144
3009909,1970.55846998385
3011691,1891.269344733074
3013473,1890.877871114866
3015255,1997.984810828649
3017037,1839.7817951570494
3018819,1846.9291920136263
3020601,1868.8514339863318
3022383,1865.1330027609324
3024165,1895.3172802546933
3025947,1878.8678013160657
3027729,1864.5270797408284
3001000,2.545542496380902
3002782,2.545542496380902
3004564,2.545542496380902
3006346,4.0227010105396
3008128,4.0227010105396
3009910,3.272136970753974
3011692,2.851573440837238
3013474,2.0858646746684455
3015256,4.114042073877299
3017038,2.0858646746684455
3018820,2.465138003793373
3020602,2.465138003793373
3022384,3.365540924249621
3024166,4.754280143512336
3025948,4.1329476972512635
3027730,4.1329476972512635
3001001,1.7242611225662134
3002783,1.7242611225662134
3004565,1.7242611225662134
3006347,3.2014196367249137
3008129,3.2014196367249137
3009911,2.4508555969392884
3011693,2.0302920670225526
3013475,1.2645833008537575
3015257,3.2927607000626136
3017039,1.2645833008537575
3018821,1.643856629978684
3020603,1.643856629978684
3022385,2.5442595504349352
3024167,3.9329987696976514
3025949,3.3116663234365764
3027731,3.3116663234365764
3001002,6.604903773593294
3002784,6.604903773593294
3004566,6.604903773593294
3006348,8.082062287751995
3008130,8.082062287751995
3009912,7.331498247966374
3011694,6.910934718049636
3013476,6.145225951880836
3015258,8.173403351089698
3017040,6.145225951880836
3018822,6.524499281005763
3020604,6.524499281005763
3022386,7.42490220146202
3024168,8.813641420724737
3025950,8.192308974463659
3027732,8.192308974463659
3001003,4.8123132613255
3002785,4.8123132613255
3004567,4.8123132613255
3006349,6.2894717754842
3008131,6.2894717754842
3009913,5.538907735698578
3011695,5.118344205781839
3013477,4.352635439613043
3015259,6.380812838821899
3017041,4.352635439613043
3018823,4.73190876873797
3020605,4.73190876873797
3022387,5.632311689194223
3024169,7.021050908456937
3025951,6.399718462195861
3027733,6.399718462195861
3001004,1.138170954270777
3002786,1.138170954270777
3004568,1.138170954270777
3006350,2.615329468429477
3008132,2.615329468429477
3009914,1.8456711607601086
3011696,1.4251076308433728
3013478,0.6784931325583201
3015260,2.0860623409593084
3017042,0.6784931325583201
3018824,1.0577664616832483
3020606,1.0577664616832483
3022388,1.939075114255756
3024170,2.7624215138440413
3025952,2.160183335466709
3027734,2.160183335466709
3001005,169.6291755048154
3002787,169.6291755048154
3004569,169.6291755048154
3006351,171.40024694278594
3008133,171.40024694278594
3009915,170.91952558171192
3011697,167.13988032365944
3013479,166.6060589294501
3015261,180.51311941955257
3017043,166.6060589294501
3018825,167.2792451823869
3020607,167.2792451823869
3022389,168.44949078155474
3024171,168.98934657896908
3025953,169.3880661153995
3027735,169.3880661153995
3001006,2.828430031659491
3002788,2.828430031659491
3004570,2.828430031659491
3006352,4.305588545818188
3008134,4.305588545818188
3009916,3.555024506032566
3011698,3.1344609761158284
3013480,2.3687522099470346
3015262,4.396929609155889
3017044,2.3687522099470346
3018826,2.7480255390719606
3020608,2.7480255390719606
3022390,3.648428459528212
3024172,5.037167678790926
3025954,4.415835232529852
3027736,4.415835232529852
3001007,-0.7932642672086996
3002789,-0.7932642672086996
3004571,-0.7932642672086996
3006353,0.6838942469500009
3008135,0.6838942469500009
3009917,-0.0857640607193698
3011699,-0.5063275906361064
3013481,-1.2529420889211558
3015263,-0.3413453054551442
3017045,-1.2529420889211558
3018827,-0.8736687597962285
3020609,-0.8736687597962285
3022391,0.007639892776276705
3024173,0.36088768566608015
3025955,-0.24135049271124936
3027737,-0.24135049271124936
3001008,4.8123132613255
3002790,4.8123132613255
3004572,4.8123132613255
3006354,6.2894717754842
3008136,6.2894717754842
3009918,5.538907735698578
3011700,5.118344205781839
3013482,4.352635439613043
3015264,6.380812838821899
3017046,4.352635439613043
3018828,4.73190876873797
3020610,4.73190876873797
3022392,5.632311689194223
3024174,7.021050908456937
3025956,6.399718462195861
3027738,6.399718462195861
3001009,30.05193191158633
3002791,30.05193191158633
3004573,30.05193191158633
3006355,31.71828136238775
3008137,31.71828136238775
3009919,30.546639013999947
3011701,30.12607548408321
3013483,29.592254089873872
3015265,32.794281685991315
3017047,29.592254089873872
3018829,30.160718355641517
3020611,30.160718355641517
3022393,30.640042967495592
3024175,32.02878218675829
3025957,32.05435441635179
3027739,32.05435441635179
3001010,-0.668295126470759
3002792,-0.668295126470759
3004574,-0.668295126470759
3006356,0.998054324330659
3008138,0.998054324330659
3009920,0.03920508001857076
3011702,-0.3813584498981658
3013484,-1.127972948183215
3015266,-0.21637616471720356
3017048,-1.127972948183215
3018830,-0.5595086824155704
3020612,-0.5595086824155704
3022394,0.13260903351421732
3024176,0.4858568264040207
3025958,-0.11638135197330894
3027740,-0.11638135197330894
3001011,131.13618037943795
3002793,131.13618037943795
3004575,131.13618037943795
3006357,132.90725181740848
3008139,132.90725181740848
3009921,131.63088748185152
3011703,129.96122452967097
3013485,129.42740313546165
3015267,142.32239725912856
3017049,129.42740313546165
3018831,130.10058938839842
3020613,130.10058938839842
3022395,130.47519201308333
3024177,131.8106907849806
3025959,132.03756302258978
3027741,132.03756302258978
3001012,116.78597017699444
3002794,116.78597017699444
3004576,116.78597017699444
3006358,118.55704161496496
3008140,118.55704161496496
3009922,117.28067727940808
3011704,116.86011374949133
3013486,116.32629235528199
3015268,125.97659582943574
3017050,116.32629235528199
3018832,116.99947860821874
3020614,116.99947860821874
3022396,117.37408123290373
3024178,120.61923981448825
3025960,120.8461120520974
3027742,120.8461120520974
3001013,-0.668295126470759
3002795,-0.668295126470759
3004577,-0.668295126470759
3006359,0.998054324330659
3008141,0.998054324330659
3009923,0.03920508001857076
3011705,-0.3813584498981658
3013487,-1.127972948183215
3015269,-0.21637616471720356
3017051,-1.127972948183215
3018833,-0.5595086824155704
3020615,-0.5595086824155704
3022397,0.13260903351421732
3024179,0.4858568264040207
3025961,-0.11638135197330894
3027743,-0.11638135197330894
3001014,4.8502754182057926
3002796,4.8502754182057926
3004578,4.8502754182057926
3006360,6.51662486900721
3008142,6.51662486900721
3009924,5.57686989257887
3011706,5.156306362662131
3013488,4.390597596493335
3015270,6.418774995702191
3017052,4.390597596493335
3018834,4.95906186226098
3020616,4.95906186226098
3022398,5.670273846074515
3024180,7.059013065337229
3025962,6.437680619076153
3027744,6.437680619076153
3001015,221.7036925195696
3002797,221.7036925195696
3004579,221.7036925195696
3006361,223.47476395754015
3008143,223.47476395754015
3009925,222.99404259646613
3011707,216.11097345257022
3013489,215.5771520583609
3015271,227.73420332106124
3017053,215.5771520583609
3018835,216.25033831129767
3020617,216.25033831129767
3022399,217.42058391046552
3024181,217.96043970787986
3025963,218.3591592443103
3027745,218.3591592443103
3001016,23.855334414649082
3002798,23.855334414649082
3004580,23.855334414649082
3006362,25.521683865450502
3008144,25.521683865450502
3009926,24.33188917113535
3011708,23.911325641218614
3013490,23.395656592936625
3015272,25.423833992145486
3017054,23.395656592936625
3018836,23.96412085870427
3020618,23.96412085870427
3022400,24.425293124630997
3024182,25.814032343893714
3025964,25.85775691941457
3027746,25.85775691941457
3001017,206.04725210005714
3002799,206.04725210005714
3004581,206.04725210005714
3006363,207.81832353802767
3008145,207.81832353802767
3009927,207.33760217695365
3011709,200.45453303305774
3013491,199.92071163884842
3015273,212.07776290154877
3017055,199.92071163884842
3018837,200.5938978917852
3020619,200.5938978917852
3022401,201.76414349095305
3024183,202.30399928836738
3025965,202.7027188247978
3027747,202.7027188247978
3001018,-0.8127208316656138
3002800,-0.8127208316656138
3004582,-0.8127208316656138
3006364,0.8536286191358038
3008146,0.8536286191358038
3009928,-0.10522062517628424
3011710,-0.5257841550930209
3013492,-1.2723986533780702
3015274,-0.3608018699120585
3017056,-1.2723986533780702
3018838,-0.7039343876104254
3020620,-0.7039343876104254
3022402,-0.011816671680637748
3024184,0.3414311212091657
3025966,-0.26080705716816394
3027748,-0.26080705716816394
3001019,4.705849713010937
3002801,4.705849713010937
3004583,4.705849713010937
3006365,6.372199163812355
3008147,6.372199163812355
3009929,5.432444187384014
3011711,5.011880657467276
3013493,4.24617189129848
3015275,6.274349290507336
3017057,4.24617189129848
3018839,4.814636157066125
3020621,4.814636157066125
3022403,5.52584814087966
3024185,6.914587360142374
3025967,6.293254913881299
3027749,6.293254913881299
3001020,2.4689345053659095
3002802,2.4689345053659095
3004584,2.4689345053659095
3006366,3.9460930195246093
3008148,3.9460930195246093
3009930,3.1955289797389863
3011712,2.774965449822251
3013494,2.0092566836534522
3015276,3.844381716907825
3017058,2.0092566836534522
3018840,2.38853001277838
3020622,2.38853001277838
3022404,3.2889329332346335
3024186,4.677672152497346
3025968,4.056339706236271
3027750,4.056339706236271
3001021,0.26744242273659746
3002803,0.26744242273659746
3004585,0.26744242273659746
3006367,1.7446009368952982
3008149,1.7446009368952982
3009931,0.9749426292259269
3011713,0.5543790993091906
3013495,-0.19223539897585917
3015277,0.5263090185356698
3017059,-0.19223539897585917
3018841,0.18703793014906867
3020623,0.18703793014906867
3022405,1.0683465827215737
3024187,1.4215943756113771
3025969,0.8193561972340472
3027751,0.8193561972340472
3001022,0.26744242273659746
3002804,0.26744242273659746
3004586,0.26744242273659746
3006368,1.7446009368952982
3008150,1.7446009368952982
3009932,0.9749426292259269
3011714,0.5543790993091906
3013496,-0.19223539897585917
3015278,0.5263090185356698
3017060,-0.19223539897585917
3018842,0.18703793014906867
3020624,0.18703793014906867
3022406,1.0683465827215737
3024188,1.4215943756113771
3025970,0.8193561972340472
3027752,0.8193561972340472
3001023,791.409634881113
3002805,791.409634881113
3004587,791.409634881113
3006369,801.8422074859748
3008151,801.8422074859748
3009933,789.5600842292125
3011715,750.2428606460978
3013497,749.8513870278897
3015279,790.0029646055093
3017061,733.769657073446
3018843,734.5700580169619
3020625,734.5700580169619
3022407,735.5575570311271
3024189,716.2815917469638
3025971,707.7732758344722
3027753,707.7732758344722
3001024,-0.3238314117904682
3002806,-0.3238314117904682
3004588,-0.3238314117904682
3006370,1.1533271023682332
3008152,1.1533271023682332
3009934,0.3836687946988621
3011716,-0.036894735217874314
3013498,-0.7835092335029249
3015280,-0.06496481599139557
3017062,-0.7835092335029249
3018844,-0.40423590437799695
3020626,-0.40423590437799695
3022408,0.47707274819450846
3024190,0.8303205410843119
3025972,0.22808236270698168
3027754,0.22808236270698168
3001025,100.37000405341945
3002807,100.37000405341945
3004589,100.37000405341945
3006371,102.14107549138997
3008153,102.14107549138997
3009935,100.86471115583309
3011717,100.44414762591634
3013499,99.910326231707
3015281,108.60585488795827
3017063,99.910326231707
3018845,100.58351248464375
3020627,100.58351248464375
3022409,100.95811510932874
3024191,103.75311452951975
3025973,103.77868675911326
3027755,103.77868675911326
3001026,5.485302660733403
3002808,5.485302660733403
3004590,5.485302660733403
3006372,6.962461174892103
3008154,6.962461174892103
3009936,6.211897135106479
3011718,5.791333605189741
3013500,5.025624839020946
3015282,6.860749872275321
3017064,5.025624839020946
3018846,5.4048981681458725
3020628,5.4048981681458725
3022410,6.305301088602125
3024192,7.694040307864841
3025974,7.072707861603766
3027756,7.072707861603766
3001027,558.1736846444091
3002809,558.1736846444091
3004591,558.1736846444091
3006373,566.7784414267244
3008155,566.7784414267244
3009937,552.2406540092923
3011719,532.2396250054544
3013501,531.7058036112451
3015283,561.4968938963451
3017065,531.7058036112451
3018847,530.6783887322144
3020629,530.6783887322144
3022411,526.1976342376723
3024193,507.2608718127618
3025975,509.0995708799195
3027757,509.0995708799195
3001028,249.86789142678694
3002810,249.86789142678694
3004592,249.86789142678694
3006374,251.63896286475747
3008156,251.63896286475747
3009938,249.01586858015256
3011720,242.13279943625665
3013502,241.59897804204732
3015284,253.2123911937022
3017066,241.59897804204732
3018848,242.2721642949841
3020630,242.2721642949841
3022412,243.44240989415195
3024194,236.80893569283495
3025976,237.20765522926538
3027758,237.20765522926538
3001029,93.23549487479565
3002811,93.23549487479565
3004593,93.23549487479565
3006375,95.00656631276617
3008157,95.00656631276617
3009939,93.73020197720929
3011721,93.30963844729254
3013503,92.7758170530832
3015285,100.97724973805532
3017067,92.7758170530832
3018849,93.44900330601995
3020631,93.44900330601995
3022413,93.82360593070494
3024195,96.61860535089595
3025977,96.64417758048945
3027759,96.64417758048945
3001030,18.14149184392767
3002812,18.14149184392767
3004594,18.14149184392767
3006376,19.618650358086374
3008158,19.618650358086374
3009940,18.868086318300747
3011722,18.44752278838401
3013504,17.681814022215214
3015286,19.51693905546959
3017068,17.681814022215214
3018850,18.06108735134014
3020632,18.06108735134014
3022414,18.961490271796393
3024196,20.35022949105911
3025978,20.14391434869316
3027760,20.14391434869316
3001031,21.28672250027019
3002813,21.28672250027019
3004595,21.28672250027019
3006377,22.763881014428897
3008159,22.763881014428897
3009941,19.802729149398388
3011723,19.38216561948165
3013505,18.61645685331285
3015287,20.451581886567222
3017069,18.61645685331285
3018851,18.995730182437775
3020633,18.995730182437775
3022415,24.487708408429004
3024197,25.876447627691718
3025979,25.670132485325766
3027761,25.670132485325766
3001032,1730.668524319285
3002814,1716.3278027440479
3004596,1716.3278027440479
3006378,1792.7557720641475
3008160,1760.3556465479721
3009942,1730.7032874897034
3011724,1657.3673839298185
3013506,1656.9759103116105
3015288,1767.4302416835158
3017070,1605.879834353794
3018852,1603.2895376583754
3020634,1625.2117796310808
3022416,1622.311964543038
3024198,1652.4962420367988
3025980,1636.0467630981711
3027762,1621.706041522934
3001033,0.028017106605982042
3002815,0.028017106605982042
3004597,0.028017106605982042
3006379,1.505175620764683
3008161,1.505175620764683
3009943,0.7355173130953117
3011725,0.3149537831785756
3013507,-0.4316607151064746
3015289,0.47993606835953745
3017071,-0.4316607151064746
3018853,-0.05238738598154647
3020635,-0.05238738598154647
3022417,0.8289212665909582
3024199,1.182169059480762
3025981,0.5799308811034319
3027763,0.5799308811034319
3001034,1.138170954270777
3002816,1.138170954270777
3004598,1.138170954270777
3006380,2.615329468429477
3008162,2.615329468429477
3009944,1.8456711607601086
3011726,1.4251076308433728
3013508,0.6784931325583201
3015290,2.0860623409593084
3017072,0.6784931325583201
3018854,1.0577664616832483
3020636,1.0577664616832483
3022418,1.939075114255756
3024200,2.7624215138440413
3025982,2.160183335466709
3027764,2.160183335466709
3001035,15.819552290572744
3002817,15.819552290572744
3004599,15.819552290572744
3006381,17.296710804731443
3008163,17.296710804731443
3009945,16.546146764945817
3011727,16.12558323502908
3013509,15.359874468860289
3015291,17.388051868069144
3017073,15.359874468860289
3018855,15.739147797985217
3020637,15.739147797985217
3022419,16.639550718441463
3024201,18.02828993770418
3025983,17.821974795338228
3027765,17.821974795338228
3001036,4.8123132613255
3002818,4.8123132613255
3004600,4.8123132613255
3006382,6.2894717754842
3008164,6.2894717754842
3009946,5.538907735698578
3011728,5.118344205781839
3013510,4.352635439613043
3015292,6.380812838821899
3017074,4.352635439613043
3018856,4.73190876873797
3020638,4.73190876873797
3022420,5.632311689194223
3024202,7.021050908456937
3025984,6.399718462195861
3027766,6.399718462195861
3001037,1.138170954270777
3002819,1.138170954270777
3004601,1.138170954270777
3006383,2.615329468429477
3008165,2.615329468429477
3009947,1.8456711607601086
3011729,1.4251076308433728
3013511,0.6784931325583201
3015293,2.0860623409593084
3017075,0.6784931325583201
3018857,1.0577664616832483
3020639,1.0577664616832483
3022421,1.939075114255756
3024203,2.7624215138440413
3025985,2.160183335466709
3027767,2.160183335466709
3001038,140.36425773176245
3002820,140.36425773176245
3004602,140.36425773176245
3006384,142.13532916973298
3008166,142.13532916973298
3009948,141.65460780865897
3011730,139.18930188199548
3013512,138.65548048778615
3015294,152.53761663322314
3017076,138.65548048778615
3018858,139.32866674072292
3020640,139.32866674072292
3022422,140.49891233989078
3024204,141.0387681373051
3025986,141.26564037491428
3027768,141.26564037491428
3001039,1.138170954270777
3002821,1.138170954270777
3004603,1.138170954270777
3006385,2.615329468429477
3008167,2.615329468429477
3009949,1.8456711607601086
3011731,1.4251076308433728
3013513,0.6784931325583201
3015295,2.0860623409593084
3017077,0.6784931325583201
3018859,1.0577664616832483
3020641,1.0577664616832483
3022423,1.939075114255756
3024205,2.7624215138440413
3025987,2.160183335466709
3027769,2.160183335466709
3001040,-0.7932642672086996
3002822,-0.7932642672086996
3004604,-0.7932642672086996
3006386,0.6838942469500009
3008168,0.6838942469500009
3009950,-0.0857640607193698
3011732,-0.5063275906361064
3013514,-1.2529420889211558
3015296,-0.3413453054551442
3017078,-1.2529420889211558
3018860,-0.8736687597962285
3020642,-0.8736687597962285
3022424,0.007639892776276705
3024206,0.36088768566608015
3025988,-0.24135049271124936
3027770,-0.24135049271124936
3001041,1.138170954270777
3002823,1.138170954270777
3004605,1.138170954270777
3006387,2.615329468429477
3008169,2.615329468429477
3009951,1.8456711607601086
3011733,1.4251076308433728
3013515,0.6784931325583201
3015297,2.0860623409593084
3017079,0.6784931325583201
3018861,1.0577664616832483
3020643,1.0577664616832483
3022425,1.939075114255756
3024207,2.7624215138440413
3025989,2.160183335466709
3027771,2.160183335466709
3001042,7.13179696576025
3002824,7.13179696576025
3004606,7.13179696576025
3006388,8.79814641656167
3008170,8.79814641656167
3009952,7.858391440133327
3011734,7.437827910216588
3013516,6.672119144047793
3015298,8.70029654325665
3017080,6.672119144047793
3018862,7.240583409815438
3020644,7.240583409815438
3022426,7.951795393628974
3024208,9.340534612891691
3025990,8.719202166630614
3027772,8.719202166630614
3001043,-0.668295126470759
3002825,-0.668295126470759
3004607,-0.668295126470759
3006389,0.998054324330659
3008171,0.998054324330659
3009953,0.03920508001857076
3011735,-0.3813584498981658
3013517,-1.127972948183215
3015299,-0.21637616471720356
3017081,-1.127972948183215
3018863,-0.5595086824155704
3020645,-0.5595086824155704
3022427,0.13260903351421732
3024209,0.4858568264040207
3025991,-0.11638135197330894
3027773,-0.11638135197330894
3001044,120.6000885083688
3002826,120.6000885083688
3004608,120.6000885083688
3006390,122.37115994633932
3008172,122.37115994633932
3009954,121.09479561078244
3011736,120.67423208086569
3013518,120.14041068665635
3015300,129.79071416081018
3017082,120.14041068665635
3018864,120.8135969395931
3020646,120.8135969395931
3022428,121.1881995642781
3024210,124.43335814586261
3025992,124.66023038347176
3027774,124.66023038347176
3001045,137.41178111195117
3002827,137.41178111195117
3004609,137.41178111195117
3006391,139.1828525499217
3008173,139.1828525499217
3009955,138.7021311888477
3011737,136.2368252621842
3013519,135.70300386797487
3015301,148.5979979916418
3017083,135.70300386797487
3018865,136.37619012091164
3020647,136.37619012091164
3022429,137.5464357200795
3024211,138.08629151749383
3025993,138.313163755103
3027775,138.313163755103
3001046,-0.668295126470759
3002828,-0.668295126470759
3004610,-0.668295126470759
3006392,0.998054324330659
3008174,0.998054324330659
3009956,0.03920508001857076
3011738,-0.3813584498981658
3013520,-1.127972948183215
3015302,-0.21637616471720356
3017084,-1.127972948183215
3018866,-0.5595086824155704
3020648,-0.5595086824155704
3022430,0.13260903351421732
3024212,0.4858568264040207
3025994,-0.11638135197330894
3027776,-0.11638135197330894
3001047,1.263140095008718
3002829,1.263140095008718
3004611,1.263140095008718
3006393,2.929489545810135
3008175,2.929489545810135
3009957,1.9706403014980498
3011739,1.5500767715813129
3013521,0.8034622732962611
3015303,2.211031481697249
3017085,0.8034622732962611
3018867,1.3719265390639064
3020649,1.3719265390639064
3022431,2.0640442549936964
3024213,2.887390654581982
3025995,2.2851524762046505
3027777,2.2851524762046505
3001048,131.13618037943795
3002830,131.13618037943795
3004612,131.13618037943795
3006394,132.90725181740848
3008176,132.90725181740848
3009958,131.63088748185152
3011740,129.96122452967097
3013522,129.42740313546165
3015304,142.32239725912856
3017086,129.42740313546165
3018868,130.10058938839842
3020650,130.10058938839842
3022432,130.47519201308333
3024214,131.8106907849806
3025996,132.03756302258978
3027778,132.03756302258978
3001049,17.97956323862636
3002831,17.97956323862636
3004613,17.97956323862636
3006395,19.645912689427778
3008177,19.645912689427778
3009959,18.706157712999435
3011741,18.285594183082697
3013523,17.5198854169139
3015305,19.548062816122762
3017087,17.5198854169139
3018869,18.088349682681546
3020651,18.088349682681546
3022433,18.79956166649508
3024215,20.188300885757798
3025997,19.981985743391846
3027779,19.981985743391846
3001050,132.04849756175227
3002832,132.04849756175227
3004614,132.04849756175227
3006396,133.8195689997228
3008178,133.8195689997228
3009960,133.3388476386488
3011742,130.8735417119853
3013524,130.33972031777597
3015306,143.2347144414429
3017088,130.33972031777597
3018870,131.01290657071274
3020652,131.01290657071274
3022434,132.1831521698806
3024216,132.72300796729493
3025998,132.9498802049041
3027780,132.9498802049041
3001051,-0.8127208316656138
3002833,-0.8127208316656138
3004615,-0.8127208316656138
3006397,0.8536286191358038
3008179,0.8536286191358038
3009961,-0.10522062517628424
3011743,-0.5257841550930209
3013525,-1.2723986533780702
3015307,-0.3608018699120585
3017089,-1.2723986533780702
3018871,-0.7039343876104254
3020653,-0.7039343876104254
3022435,-0.011816671680637748
3024217,0.3414311212091657
3025999,-0.26080705716816394
3027781,-0.26080705716816394
3001052,2.2027743305013585
3002834,2.2027743305013585
3004616,2.2027743305013585
3006398,3.869123781302776
3008180,3.869123781302776
3009962,2.9293688048744335
3011744,2.5088052749576977
3013526,1.7430965087889012
3015308,3.771273907997759
3017090,1.7430965087889012
3018872,2.311560774556547
3020654,2.311560774556547
3022436,3.0227727583700803
3024218,4.411511977632793
3026000,3.7901795313717197
3027782,3.7901795313717197
3001053,0.26744242273659746
3002835,0.26744242273659746
3004617,0.26744242273659746
3006399,1.7446009368952982
3008181,1.7446009368952982
3009963,0.9749426292259269
3011745,0.5543790993091906
3013527,-0.19223539897585917
3015309,0.5263090185356698
3017091,-0.19223539897585917
3018873,0.18703793014906867
3020655,0.18703793014906867
3022437,1.0683465827215737
3024219,1.4215943756113771
3026001,0.8193561972340472
3027783,0.8193561972340472
3001054,0.26744242273659746
3002836,0.26744242273659746
3004618,0.26744242273659746
3006400,1.7446009368952982
3008182,1.7446009368952982
3009964,0.9749426292259269
3011746,0.5543790993091906
3013528,-0.19223539897585917
3015310,0.5263090185356698
3017092,-0.19223539897585917
3018874,0.18703793014906867
3020656,0.18703793014906867
3022438,1.0683465827215737
3024220,1.4215943756113771
3026002,0.8193561972340472
3027784,0.8193561972340472
3001055,0.26744242273659746
3002837,0.26744242273659746
3004619,0.26744242273659746
3006401,1.7446009368952982
3008183,1.7446009368952982
3009965,0.9749426292259269
3011747,0.5543790993091906
3013529,-0.19223539897585917
3015311,0.5263090185356698
3017093,-0.19223539897585917
3018875,0.18703793014906867
3020657,0.18703793014906867
3022439,1.0683465827215737
3024221,1.4215943756113771
3026003,0.8193561972340472
3027785,0.8193561972340472
3001056,892.2195565032982
3002838,892.2195565032982
3004620,892.2195565032982
3006402,902.65212910816
3008184,902.65212910816
3009966,890.3700058513978
3011748,845.7322370236992
3013530,845.3407634054911
3015312,891.7862005077649
3017094,829.2590334510473
3018876,830.0594343945633
3020658,830.0594343945633
3022440,831.0469334087285
3024222,801.119868390783
3026004,792.6115524782914
3027786,792.6115524782914
3001057,-0.3238314117904682
3002839,-0.3238314117904682
3004621,-0.3238314117904682
3006403,1.1533271023682332
3008185,1.1533271023682332
3009967,0.3836687946988621
3011749,-0.036894735217874314
3013531,-0.7835092335029249
3015313,-0.06496481599139557
3017095,-0.7835092335029249
3018877,-0.40423590437799695
3020659,-0.40423590437799695
3022441,0.47707274819450846
3024223,0.8303205410843119
3026005,0.22808236270698168
3027787,0.22808236270698168
3001058,225.71403303846367
3002840,225.71403303846367
3004622,225.71403303846367
3006404,227.4851044764342
3008186,227.4851044764342
3009968,227.00438311536018
3011750,220.12131397146428
3013532,219.58749257725495
3015314,231.7445438399553
3017096,219.58749257725495
3018878,220.26067883019172
3020660,220.26067883019172
3022442,221.43092442935958
3024224,221.9707802267739
3026006,222.36949976320435
3027788,222.36949976320435
3001059,1.8776606708388435
3002841,1.8776606708388435
3004623,1.8776606708388435
3006405,3.354819184997544
3008187,3.354819184997544
3009969,2.6042551452119187
3011751,2.1836916152951824
3013533,1.417982849126387
3015315,3.253107882380761
3017097,1.417982849126387
3018879,1.7972561782513148
3020661,1.7972561782513148
3022443,2.697659098707566
3024225,4.086398317970282
3026007,3.465065871709205
3027789,3.465065871709205
3001060,756.3925736009397
3002842,756.3925736009397
3004624,756.3925736009397
3006406,766.8251462058015
3008188,766.8251462058015
3009970,755.9201524734269
3011752,728.225569996288
3013534,727.8340963780798
3015316,763.6754865039696
3017098,720.8122856684995
3018880,721.6126866120154
3020662,721.6126866120154
3022444,715.1617685189256
3024226,701.0817140453307
3026008,703.0627608884896
3027790,703.0627608884896
3001061,293.9394629307991
3002843,293.9394629307991
3004625,293.9394629307991
3006407,295.71053436876963
3008189,295.71053436876963
3009971,293.08744008416477
3011753,282.09849684407726
3013535,281.56467544986793
3015317,296.94859136079435
3017099,281.56467544986793
3018881,281.4495140113447
3020663,281.4495140113447
3022445,283.4081073019726
3024227,272.0338462736165
3026009,272.4325658100469
3027791,272.4325658100469
3001062,96.2968556434787
3002844,96.2968556434787
3004626,96.2968556434787
3006408,98.06792708144921
3008190,98.06792708144921
3009972,96.79156274589234
3011754,96.37099921597559
3013536,95.83717782176625
3015318,104.03861050673838
3017100,95.83717782176625
3018882,96.51036407470299
3020664,96.51036407470299
3022446,96.88496669938799
3024228,99.67996611957899
3026010,99.7055383491725
3027792,99.7055383491725
3001063,24.528504055394126
3002845,24.528504055394126
3004627,24.528504055394126
3006409,26.00566256955283
3008191,26.00566256955283
3009973,25.005058811880396
3011755,24.584495281963658
3013537,24.06882623368167
3015319,25.903951266936044
3017101,24.06882623368167
3018883,24.448099562806597
3020665,24.448099562806597
3022447,25.09846276537604
3024229,26.48720198463876
3026011,26.530926560159614
3027793,26.530926560159614
3001064,46.43946055840894
3002846,46.43946055840894
3004628,46.43946055840894
3006410,47.91661907256764
3008192,47.91661907256764
3009974,44.723579835577674
3011756,44.30301630566094
3013538,43.7691949114516
3015320,46.971222507569045
3017102,43.7691949114516
3018884,44.14846824057653
3020666,44.14846824057653
3022448,49.40855909460829
3024230,50.797298313871
3026012,50.82287054346451
3027794,50.82287054346451
3001065,2126.236059185996
3002847,2111.895337610759
3004629,2111.895337610759
3006411,2209.3333815103474
3008193,2176.933255994172
3009975,2126.270822356415
3011757,2042.2423641745302
3013539,2041.8508905563224
3015321,2151.3136681085502
3017103,1990.7548145985052
3018885,2009.1745924825752
3020667,2031.0968344552807
3022449,2016.1060222023882
3024231,2046.2902996961498
3026013,2039.418004929987
3027795,2025.0772833547499
3001066,1.9594523280854599
3002848,1.9594523280854599
3004630,1.9594523280854599
3006412,3.4366108422441597
3008194,3.4366108422441597
3009976,2.666952534574791
3011758,2.246389004658055
3013540,1.4997745063730024
3015322,2.9073437147739907
3017104,1.4997745063730024
3018886,1.8790478354979303
3020668,1.8790478354979303
3022450,2.7603564880704377
3024232,3.5837028876587214
3026014,2.981464709281392
3027796,2.981464709281392
3001067,-0.7932642672086996
3002849,-0.7932642672086996
3004631,-0.7932642672086996
3006413,0.6838942469500009
3008195,0.6838942469500009
3009977,-0.0857640607193698
3011759,-0.5063275906361064
3013541,-1.2529420889211558
3015323,-0.3413453054551442
3017105,-1.2529420889211558
3018887,-0.8736687597962285
3020669,-0.8736687597962285
3022451,0.007639892776276705
3024233,0.36088768566608015
3026015,-0.24135049271124936
3027797,-0.24135049271124936
3001068,6.604903773593294
3002850,6.604903773593294
3004632,6.604903773593294
3006414,8.082062287751995
3008196,8.082062287751995
3009978,7.331498247966374
3011760,6.910934718049636
3013542,6.145225951880836
3015324,8.173403351089698
3017106,6.145225951880836
3018888,6.524499281005763
3020670,6.524499281005763
3022452,7.42490220146202
3024234,8.813641420724737
3026016,8.192308974463659
3027798,8.192308974463659
3001069,1.7242611225662134
3002851,1.7242611225662134
3004633,1.7242611225662134
3006415,3.2014196367249137
3008197,3.2014196367249137
3009979,2.4508555969392884
3011761,2.0302920670225526
3013543,1.2645833008537575
3015325,3.2927607000626136
3017107,1.2645833008537575
3018889,1.643856629978684
3020671,1.643856629978684
3022453,2.5442595504349352
3024235,3.9329987696976514
3026017,3.3116663234365764
3027799,3.3116663234365764
3001070,-0.7932642672086996
3002852,-0.7932642672086996
3004634,-0.7932642672086996
3006416,0.6838942469500009
3008198,0.6838942469500009
3009980,-0.0857640607193698
3011762,-0.5063275906361064
3013544,-1.2529420889211558
3015326,-0.3413453054551442
3017108,-1.2529420889211558
3018890,-0.8736687597962285
3020672,-0.8736687597962285
3022454,0.007639892776276705
3024236,0.36088768566608015
3026018,-0.24135049271124936
3027800,-0.24135049271124936
3001071,206.191677805252
3002853,206.191677805252
3004635,206.191677805252
3006417,207.96274924322253
3008199,207.96274924322253
3009981,207.48202788214851
3011763,200.5989587382526
3013545,200.06513734404328
3015327,212.22218860674363
3017109,200.06513734404328
3018891,200.73832359698005
3020673,200.73832359698005
3022455,201.9085691961479
3024237,202.44842499356224
3026019,202.84714452999268
3027801,202.84714452999268
3001072,27.478137434559468
3002854,27.478137434559468
3004636,27.478137434559468
3006418,28.95529594871817
3008200,28.95529594871817
3009982,27.954692191045737
3011764,27.534128661129
3013546,27.01845961284701
3015328,30.220487208964467
3017110,27.01845961284701
3018892,27.397732941971938
3020674,27.397732941971938
3022456,28.048096144541383
3024238,29.4368353638041
3026020,29.480559939324955
3027802,29.480559939324955
3001073,-0.7932642672086996
3002855,-0.7932642672086996
3004637,-0.7932642672086996
3006419,0.6838942469500009
3008201,0.6838942469500009
3009983,-0.0857640607193698
3011765,-0.5063275906361064
3013547,-1.2529420889211558
3015329,-0.3413453054551442
3017111,-1.2529420889211558
3018893,-0.8736687597962285
3020675,-0.8736687597962285
3022457,0.007639892776276705
3024239,0.36088768566608015
3026021,-0.24135049271124936
3027803,-0.24135049271124936
3001074,12.578553154124998
3002856,12.578553154124998
3004638,12.578553154124998
3006420,14.055711668283697
3008202,14.055711668283697
3009984,13.305147628498075
3011766,12.884584098581337
3013548,12.118875332412541
3015330,14.147052731621399
3017112,12.118875332412541
3018894,12.498148661537469
3020676,12.498148661537469
3022458,13.398551581993722
3024240,14.787290801256438
3026022,14.165958354995361
3027804,14.165958354995361
3001075,7.28873754157734
3002857,7.28873754157734
3004639,7.28873754157734
3006421,8.955086992378758
3008203,8.955086992378758
3009985,8.015332015950419
3011767,7.594768486033677
3013549,6.829059719864882
3015331,8.857237119073739
3017113,6.829059719864882
3018895,7.397523985632526
3020677,7.397523985632526
3022459,8.108735969446066
3024241,9.49747518870878
3026023,8.876142742447703
3027805,8.876142742447703
3001076,-0.668295126470759
3002858,-0.668295126470759
3004640,-0.668295126470759
3006422,0.998054324330659
3008204,0.998054324330659
3009986,0.03920508001857076
3011768,-0.3813584498981658
3013550,-1.127972948183215
3015332,-0.21637616471720356
3017114,-1.127972948183215
3018896,-0.5595086824155704
3020678,-0.5595086824155704
3022460,0.13260903351421732
3024242,0.4858568264040207
3026024,-0.11638135197330894
3027806,-0.11638135197330894
3001077,358.57507328589173
3002859,358.57507328589173
3004641,358.57507328589173
3006423,365.6006213025803
3008205,365.6006213025803
3009987,359.52956478973556
3011769,345.12590165946193
3013551,344.5920802652526
3015333,368.9864111523682
3017115,344.5920802652526
3018897,345.44125924563315
3020679,345.44125924563315
3022461,345.0029332188031
3024243,341.46931954672385
3026025,343.3080186138815
3027807,343.3080186138815
3001078,327.29508123036254
3002860,327.29508123036254
3004642,327.29508123036254
3006424,336.4252435073222
3008206,336.4252435073222
3009988,328.24957273420637
3011770,313.84590960393274
3013552,313.3120882097234
3015334,339.8110333571101
3017116,313.3120882097234
3018898,316.26588145037505
3020680,316.26588145037505
3022462,313.7229411632739
3024244,307.4903036839815
3026026,309.3290027511391
3027808,309.3290027511391
3001079,2.347200035696214
3002861,2.347200035696214
3004643,2.347200035696214
3006425,4.013549486497629
3008207,4.013549486497629
3009989,3.0737945100692876
3011771,2.6532309801525518
3013553,1.8875222139837573
3015335,3.9156996131926145
3017117,1.8875222139837573
3018899,2.4559864797514024
3020681,2.4559864797514024
3022463,3.1671984635649344
3024245,4.555937682827649
3026027,3.934605236566576
3027809,3.934605236566576
3001080,-0.668295126470759
3002862,-0.668295126470759
3004644,-0.668295126470759
3006426,0.998054324330659
3008208,0.998054324330659
3009990,0.03920508001857076
3011772,-0.3813584498981658
3013554,-1.127972948183215
3015336,-0.21637616471720356
3017118,-1.127972948183215
3018900,-0.5595086824155704
3020682,-0.5595086824155704
3022464,0.13260903351421732
3024246,0.4858568264040207
3026028,-0.11638135197330894
3027810,-0.11638135197330894
3001081,92.41749509221997
3002863,92.41749509221997
3004645,92.41749509221997
3006427,94.18856653019049
3008209,94.18856653019049
3009991,92.91220219463361
3011773,92.49163866471686
3013555,91.95781727050752
3015337,100.15924995547964
3017119,91.95781727050752
3018901,92.63100352344426
3020683,92.63100352344426
3022465,93.00560614812926
3024247,95.80060556832026
3026029,95.82617779791377
3027811,95.82617779791377
3001082,26.067462099398657
3002864,26.067462099398657
3004646,26.067462099398657
3006428,27.733811550200077
3008210,27.733811550200077
3009992,26.544016855884927
3011774,26.12345332596819
3013556,25.6077842776862
3015338,27.63596167689506
3017120,25.6077842776862
3018902,26.176248543453845
3020684,26.176248543453845
3022466,26.637420809380572
3024248,28.02616002864329
3026030,28.069884604164145
3027812,28.069884604164145
3001083,254.72416551421423
3002865,254.72416551421423
3004647,254.72416551421423
3006429,256.4952369521846
3008211,256.4952369521846
3009993,253.8721426675798
3011775,246.98907352368389
3013557,246.45525212947456
3015339,258.06866528112926
3017121,246.45525212947456
3018903,247.12843838241133
3020685,247.12843838241133
3022467,248.2986839815792
3024249,241.6652097802622
3026031,242.06392931669262
3027813,242.06392931669262
3001084,-0.8127208316656138
3002866,-0.8127208316656138
3004648,-0.8127208316656138
3006430,0.8536286191358038
3008212,0.8536286191358038
3009994,-0.10522062517628424
3011776,-0.5257841550930209
3013558,-1.2723986533780702
3015340,-0.3608018699120585
3017122,-1.2723986533780702
3018904,-0.7039343876104254
3020686,-0.7039343876104254
3022468,-0.011816671680637748
3024250,0.3414311212091657
3026032,-0.26080705716816394
3027814,-0.26080705716816394
3001085,-0.8127208316656138
3002867,-0.8127208316656138
3004649,-0.8127208316656138
3006431,0.8536286191358038
3008213,0.8536286191358038
3009995,-0.10522062517628424
3011777,-0.5257841550930209
3013559,-1.2723986533780702
3015341,-0.3608018699120585
3017123,-1.2723986533780702
3018905,-0.7039343876104254
3020687,-0.7039343876104254
3022469,-0.011816671680637748
3024251,0.3414311212091657
3026033,-0.26080705716816394
3027815,-0.26080705716816394
3001086,0.26744242273659746
3002868,0.26744242273659746
3004650,0.26744242273659746
3006432,1.7446009368952982
3008214,1.7446009368952982
3009996,0.9749426292259269
3011778,0.5543790993091906
3013560,-0.19223539897585917
3015342,0.5263090185356698
3017124,-0.19223539897585917
3018906,0.18703793014906867
3020688,0.18703793014906867
3022470,1.0683465827215737
3024252,1.4215943756113771
3026034,0.8193561972340472
3027816,0.8193561972340472
3001087,0.26744242273659746
3002869,0.26744242273659746
3004651,0.26744242273659746
3006433,1.7446009368952982
3008215,1.7446009368952982
3009997,0.9749426292259269
3011779,0.5543790993091906
3013561,-0.19223539897585917
3015343,0.5263090185356698
3017125,-0.19223539897585917
3018907,0.18703793014906867
3020689,0.18703793014906867
3022471,1.0683465827215737
3024253,1.4215943756113771
3026035,0.8193561972340472
3027817,0.8193561972340472
3001088,4.818210615536965
3002870,4.818210615536965
3004652,4.818210615536965
3006434,6.295369129695665
3008216,6.295369129695665
3009998,5.544805089910043
3011780,5.124241559993305
3013562,4.358532793824508
3015344,6.193657827078882
3017126,4.358532793824508
3018908,4.737806122949435
3020690,4.737806122949435
3022472,5.638209043405689
3024254,7.026948262668403
3026036,6.405615816407326
3027818,6.405615816407326
3001089,1061.6217951484334
3002871,1061.6217951484334
3004653,1061.6217951484334
3006435,1108.3348108936352
3008217,1077.884807894652
3009999,1061.2328295154705
3011781,1008.5566430034385
3013563,1008.1651693852303
3015345,1075.8830996572683
3017127,988.2278345052911
3018909,977.508575647867
3020691,1001.3809401377648
3022473,990.794516228273
3024255,973.259968657168
3026037,956.81048971854
3027819,956.81048971854
3001090,-0.3238314117904682
3002872,-0.3238314117904682
3004654,-0.3238314117904682
3006436,1.1533271023682332
3008218,1.1533271023682332
3010000,0.3836687946988621
3011782,-0.036894735217874314
3013564,-0.7835092335029249
3015346,-0.06496481599139557
3017128,-0.7835092335029249
3018910,-0.40423590437799695
3020692,-0.40423590437799695
3022474,0.47707274819450846
3024256,0.8303205410843119
3026038,0.22808236270698168
3027820,0.22808236270698168
3001091,137.2804757059609
3002873,137.2804757059609
3004655,137.2804757059609
3006437,139.05154714393143
3008219,139.05154714393143
3010001,138.5708257828574
3011783,136.10551985619392
3013565,135.5716984619846
3015347,148.46669258565151
3017129,135.5716984619846
3018911,136.24488471492137
3020693,136.24488471492137
3022475,137.41513031408923
3024257,137.95498611150356
3026039,138.18185834911273
3027821,138.18185834911273
3001092,3.699388145432271
3002874,3.699388145432271
3004656,3.699388145432271
3006438,5.176546659590969
3008220,5.176546659590969
3010002,4.425982619805346
3011784,4.0054190898886075
3013566,3.2397103237198133
3015348,5.0748353569741855
3017130,3.2397103237198133
3018912,3.618983652844741
3020694,3.618983652844741
3022476,4.5193865733009915
3024258,5.9081257925637045
3026040,5.2867933463026295
3027822,5.2867933463026295
3001093,744.5419105266857
3002875,744.5419105266857
3004657,744.5419105266857
3006439,754.9744831315475
3008221,754.9744831315475
3010003,740.6089050390985
3011785,712.9143225619596
3013567,712.5228489437515
3015349,748.3642390696413
3017131,705.5010382341711
3018913,706.301439177687
3020695,706.301439177687
3022477,699.8505210845972
3024259,685.7704666110021
3026041,687.751513454161
3027823,687.751513454161
3001094,329.2322936565335
3002876,329.2322936565335
3004658,329.2322936565335
3006440,336.25784167322206
3008222,336.25784167322206
3010004,326.726200800303
3011786,312.32253767002936
3013568,311.78871627582004
3015350,336.1830471629356
3017132,311.78871627582004
3018914,312.6378952562005
3020696,312.6378952562005
3022478,312.1995692293705
3024260,305.9669317500781
3026042,307.80563081723574
3027824,307.80563081723574
3001095,206.97078073572274
3002877,206.97078073572274
3004659,206.97078073572274
3006441,208.74185217369327
3008223,208.74185217369327
3010005,208.26113081261926
3011787,201.37806166872335
3013569,200.84424027451402
3015351,213.00129153721437
3017133,200.84424027451402
3018915,201.5174265274508
3020697,201.5174265274508
3022479,202.68767212661865
3024261,203.22752792403298
3026043,203.62624746046342
3027825,203.62624746046342
3001096,32.66138052682357
3002878,32.66138052682357
3004660,32.66138052682357
3006442,34.13853904098227
3008224,34.13853904098227
3010006,33.15608762923719
3011788,32.73552409932046
3013570,32.20170270511112
3015352,35.40373030122856
3017134,32.20170270511112
3018916,32.580976034236045
3020698,32.580976034236045
3022480,33.24949158273284
3024262,34.63823080199555
3026044,34.663803031589055
3027826,34.663803031589055
3001097,52.79436806573448
3002879,52.79436806573448
3004661,52.79436806573448
3006443,54.271526579893184
3008225,54.271526579893184
3010007,51.078487342903216
3011789,50.65792381298648
3013571,50.12410241877714
3015353,53.32613001489459
3017135,50.12410241877714
3018917,50.50337574790207
3020699,50.50337574790207
3022481,55.763466601933835
3024263,57.152205821196546
3026045,57.17777805079005
3027827,57.17777805079005
3001098,2680.2058191344404
3002880,2621.721280263516
3004662,2621.721280263516
3006444,2868.3225872828375
3008226,2835.9224617666623
3010008,2680.2405823048593
3011790,2598.8561381539857
3013572,2598.4646645357775
3015354,2670.009281975084
3017136,2486.9436966842823
3018918,2555.132870067403
3020700,2598.9402465264902
3022482,2549.0003044765976
3024264,2501.0221352904064
3026046,2507.4818153347856
3027828,2448.997276463861
3001099,8.475195625592493
3002881,8.475195625592493
3004663,8.475195625592493
3006445,9.952354139751192
3008227,9.952354139751192
3010009,9.201790099965569
3011791,8.781226570048831
3013573,8.015517803880035
3015355,10.04369520308889
3017137,8.015517803880035
3018919,8.394791133004963
3020701,8.394791133004963
3022483,9.295194053461216
3024265,10.68393327272393
3026047,10.062600826462853
3027829,10.062600826462853
3001100,-0.7932642672086996
3002882,-0.7932642672086996
3004664,-0.7932642672086996
3006446,0.6838942469500009
3008228,0.6838942469500009
3010010,-0.0857640607193698
3011792,-0.5063275906361064
3013574,-1.2529420889211558
3015356,-0.3413453054551442
3017138,-1.2529420889211558
3018920,-0.8736687597962285
3020702,-0.8736687597962285
3022484,0.007639892776276705
3024266,0.36088768566608015
3026048,-0.24135049271124936
3027830,-0.24135049271124936
3001101,5.8040411664620875
3002883,5.8040411664620875
3004665,5.8040411664620875
3006447,7.281199680620787
3008229,7.281199680620787
3010011,6.530635640835164
3011793,6.110072110918425
3013575,5.34436334474963
3015357,7.372540743958485
3017139,5.34436334474963
3018921,5.723636673874557
3020703,5.723636673874557
3022485,6.624039594330809
3024267,8.012778813593526
3026049,7.391446367332447
3027831,7.391446367332447
3001102,12.578553154124998
3002884,12.578553154124998
3004666,12.578553154124998
3006448,14.055711668283697
3008230,14.055711668283697
3010012,13.305147628498075
3011794,12.884584098581337
3013576,12.118875332412541
3015358,14.147052731621399
3017140,12.118875332412541
3018922,12.498148661537469
3020704,12.498148661537469
3022486,13.398551581993722
3024268,14.787290801256438
3026050,14.165958354995361
3027832,14.165958354995361
3001103,1.138170954270777
3002885,1.138170954270777
3004667,1.138170954270777
3006449,2.615329468429477
3008231,2.615329468429477
3010013,1.8456711607601086
3011795,1.4251076308433728
3013577,0.6784931325583201
3015359,2.0860623409593084
3017141,0.6784931325583201
3018923,1.0577664616832483
3020705,1.0577664616832483
3022487,1.939075114255756
3024269,2.7624215138440413
3026051,2.160183335466709
3027833,2.160183335466709
3001104,246.9055045616982
3002886,246.9055045616982
3004668,246.9055045616982
3006450,248.67657599966873
3008232,248.67657599966873
3010014,246.0534817150638
3011796,239.1704125711679
3013578,238.63659117695858
3015360,250.25000432861344
3017142,238.63659117695858
3018924,239.30977742989535
3020706,239.30977742989535
3022488,240.4800230290632
3024270,233.8465488277462
3026052,234.24526836417664
3027834,234.24526836417664
3001105,3.861890245254983
3002887,3.861890245254983
3004669,3.861890245254983
3006451,5.33904875941368
3008233,5.33904875941368
3010015,4.588484719628054
3011797,4.167921189711316
3013579,3.402212423542525
3015361,5.43038982275138
3017143,3.402212423542525
3018925,3.781485752667453
3020707,3.781485752667453
3022489,4.6818886731237
3024271,6.070627892386414
3026053,5.449295446125341
3027835,5.449295446125341
3001106,-0.7932642672086996
3002888,-0.7932642672086996
3004670,-0.7932642672086996
3006452,0.6838942469500009
3008234,0.6838942469500009
3010016,-0.0857640607193698
3011798,-0.5063275906361064
3013580,-1.2529420889211558
3015362,-0.3413453054551442
3017144,-1.2529420889211558
3018926,-0.8736687597962285
3020708,-0.8736687597962285
3022490,0.007639892776276705
3024272,0.36088768566608015
3026054,-0.24135049271124936
3027836,-0.24135049271124936
3001107,3.861890245254983
3002889,3.861890245254983
3004671,3.861890245254983
3006453,5.33904875941368
3008235,5.33904875941368
3010017,4.588484719628054
3011799,4.167921189711316
3013581,3.402212423542525
3015363,5.43038982275138
3017145,3.402212423542525
3018927,3.781485752667453
3020709,3.781485752667453
3022491,4.6818886731237
3024273,6.070627892386414
3026055,5.449295446125341
3027837,5.449295446125341
3001108,21.517998332540397
3002890,21.517998332540397
3004672,21.517998332540397
3006454,23.184347783341817
3008236,23.184347783341817
3010018,22.244592806913474
3011800,21.824029276996736
3013582,21.05832051082794
3015364,23.0864979100368
3017146,21.05832051082794
3018928,21.626784776595585
3020710,21.626784776595585
3022492,22.33799676040912
3024274,23.726735979671837
3026056,23.520420837305885
3027838,23.520420837305885
3001109,-0.668295126470759
3002891,-0.668295126470759
3004673,-0.668295126470759
3006455,0.998054324330659
3008237,0.998054324330659
3010019,0.03920508001857076
3011801,-0.3813584498981658
3013583,-1.127972948183215
3015365,-0.21637616471720356
3017147,-1.127972948183215
3018929,-0.5595086824155704
3020711,-0.5595086824155704
3022493,0.13260903351421732
3024275,0.4858568264040207
3026057,-0.11638135197330894
3027839,-0.11638135197330894
3001110,104.04248834124593
3002892,104.04248834124593
3004674,104.04248834124593
3006456,105.81355977921645
3008238,105.81355977921645
3010020,104.53719544365957
3011802,104.11663191374282
3013584,103.58281051953348
3015366,112.27833917578477
3017148,103.58281051953348
3018930,104.25599677247023
3020712,104.25599677247023
3022494,104.63059939715522
3024276,107.42559881734623
3026058,107.45117104693973
3027840,107.45117104693973
3001111,157.05506964772192
3002893,157.05506964772192
3004675,157.05506964772192
3006457,158.82614108569246
3008239,158.82614108569246
3010021,158.34541972461844
3011803,154.56577446656595
3013585,154.03195307235663
3015367,167.93901356245908
3017149,154.03195307235663
3018931,154.7051393252934
3020713,154.7051393252934
3022495,155.87538492446126
3024277,156.4152407218756
3026059,156.64211295948476
3027841,156.64211295948476
3001112,1.263140095008718
3002894,1.263140095008718
3004676,1.263140095008718
3006458,2.929489545810135
3008240,2.929489545810135
3010022,1.9706403014980498
3011804,1.5500767715813129
3013586,0.8034622732962611
3015368,2.211031481697249
3017150,0.8034622732962611
3018932,1.3719265390639064
3020714,1.3719265390639064
3022496,2.0640442549936964
3024278,2.887390654581982
3026060,2.2851524762046505
3027842,2.2851524762046505
3001113,1.263140095008718
3002895,1.263140095008718
3004677,1.263140095008718
3006459,2.929489545810135
3008241,2.929489545810135
3010023,1.9706403014980498
3011805,1.5500767715813129
3013587,0.8034622732962611
3015369,2.211031481697249
3017151,0.8034622732962611
3018933,1.3719265390639064
3020715,1.3719265390639064
3022497,2.0640442549936964
3024279,2.887390654581982
3026061,2.2851524762046505
3027843,2.2851524762046505
3001114,111.26547223916361
3002896,111.26547223916361
3004678,111.26547223916361
3006460,113.03654367713413
3008242,113.03654367713413
3010024,111.76017934157726
3011806,111.33961581166051
3013588,110.80579441745117
3015370,120.45609789160494
3017152,110.80579441745117
3018934,111.47898067038791
3020716,111.47898067038791
3022498,111.85358329507291
3024280,115.09874187665746
3026062,115.3256141142666
3027844,115.3256141142666
3001115,21.409078416582926
3002897,21.409078416582926
3004679,21.409078416582926
3006461,23.075427867384345
3008243,23.075427867384345
3010025,22.135672890956002
3011807,21.715109361039264
3013589,20.94940059487047
3015371,22.97757799407933
3017153,20.94940059487047
3018935,21.517864860638113
3020717,21.517864860638113
3022499,22.229076844451647
3024281,23.617816063714365
3026063,23.411500921348413
3027845,23.411500921348413
3001116,507.49602509999255
3002898,507.49602509999255
3004680,507.49602509999255
3006462,519.5794397717652
3008244,519.5794397717652
3010026,501.56299446487566
3011808,481.56196546103786
3013590,481.02814406682853
3015372,512.9238486122002
3017154,481.02814406682853
3018936,483.4793870772548
3020718,483.4793870772548
3022500,475.51997469325585
3024282,453.88418846113274
3026064,455.72288752829036
3027846,455.72288752829036
3001117,-0.8127208316656138
3002899,-0.8127208316656138
3004681,-0.8127208316656138
3006463,0.8536286191358038
3008245,0.8536286191358038
3010027,-0.10522062517628424
3011809,-0.5257841550930209
3013591,-1.2723986533780702
3015373,-0.3608018699120585
3017155,-1.2723986533780702
3018937,-0.7039343876104254
3020719,-0.7039343876104254
3022501,-0.011816671680637748
3024283,0.3414311212091657
3026065,-0.26080705716816394
3027847,-0.26080705716816394
3001118,2.2027743305013585
3002900,2.2027743305013585
3004682,2.2027743305013585
3006464,3.869123781302776
3008246,3.869123781302776
3010028,2.9293688048744335
3011810,2.5088052749576977
3013592,1.7430965087889012
3015374,3.771273907997759
3017156,1.7430965087889012
3018938,2.311560774556547
3020720,2.311560774556547
3022502,3.0227727583700803
3024284,4.411511977632793
3026066,3.7901795313717197
3027848,3.7901795313717197
3001119,5.810642690584672
3002901,5.810642690584672
3004683,5.810642690584672
3006465,7.287801204743372
3008247,7.287801204743372
3010029,6.53723716495775
3011811,6.116673635041011
3013593,5.3509648688722145
3015375,7.1860899021265885
3017157,5.3509648688722145
3018939,5.730238197997141
3020721,5.730238197997141
3022503,6.630641118453395
3024285,8.019380337716111
3026067,7.398047891455034
3027849,7.398047891455034
3001120,0.26744242273659746
3002902,0.26744242273659746
3004684,0.26744242273659746
3006466,1.7446009368952982
3008248,1.7446009368952982
3010030,0.9749426292259269
3011812,0.5543790993091906
3013594,-0.19223539897585917
3015376,0.5263090185356698
3017158,-0.19223539897585917
3018940,0.18703793014906867
3020722,0.18703793014906867
3022504,1.0683465827215737
3024286,1.4215943756113771
3026068,0.8193561972340472
3027850,0.8193561972340472
3001121,3.150229033966299
3002903,3.150229033966299
3004685,3.150229033966299
3006467,4.627387548124997
3008249,4.627387548124997
3010031,3.8768235083393767
3011813,3.4562599784226387
3013595,2.6905512122538426
3015377,4.525676245508215
3017159,2.6905512122538426
3018941,3.0698245413787695
3020723,3.0698245413787695
3022505,3.970227461835023
3024287,5.358966681097735
3026069,4.737634234836659
3027851,4.737634234836659
3001122,1354.2501082121064
3002904,1354.2501082121064
3004686,1354.2501082121064
3006468,1400.9631239573082
3008250,1370.513120958325
3010032,1360.0920634068482
3011814,1306.4428981793064
3013596,1306.0514245610984
3015378,1394.943399480398
3017160,1277.9555618527827
3018942,1267.2363029953583
3020724,1291.108667485256
3022506,1275.4553951612545
3024288,1274.343448366492
3026070,1257.8939694278645
3027852,1257.8939694278645
3001123,-0.3238314117904682
3002905,-0.3238314117904682
3004687,-0.3238314117904682
3006469,1.1533271023682332
3008251,1.1533271023682332
3010033,0.3836687946988621
3011815,-0.036894735217874314
3013597,-0.7835092335029249
3015379,-0.06496481599139557
3017161,-0.7835092335029249
3018943,-0.40423590437799695
3020725,-0.40423590437799695
3022507,0.47707274819450846
3024289,0.8303205410843119
3026071,0.22808236270698168
3027853,0.22808236270698168
3001124,152.9817366998153
3002906,152.9817366998153
3004688,152.9817366998153
3006470,154.75280813778582
3008252,154.75280813778582
3010034,154.2720867767118
3011816,150.49244151865932
3013598,149.95862012445
3015380,163.84075626988698
3017162,149.95862012445
3018944,150.63180637738677
3020726,150.63180637738677
3022508,151.80205197655462
3024290,152.34190777396896
3026072,152.56878001157813
3027854,152.56878001157813
3001125,4.649811161502785
3002907,4.649811161502785
3004689,4.649811161502785
3006471,6.126969675661485
3008253,6.126969675661485
3010035,5.376405635875862
3011817,4.955842105959124
3013599,4.190133339790328
3015381,6.025258373044702
3017163,4.190133339790328
3018945,4.569406668915255
3020727,4.569406668915255
3022509,5.469809589371508
3024291,6.858548808634224
3026073,6.237216362373146
3027855,6.237216362373146
3001126,858.4899583645031
3002908,858.4899583645031
3004690,858.4899583645031
3006472,868.9225309693649
3008254,868.9225309693649
3010036,856.6404077126026
3011818,812.0026388849041
3013600,811.6111652666959
3015382,858.0566023689697
3017164,795.5294353122522
3018946,796.3298362557681
3020728,796.3298362557681
3022510,797.3173352699333
3024292,767.3902702519879
3026074,758.8819543394962
3027856,758.8819543394962
3001127,220.67808284067038
3002909,220.67808284067038
3004691,220.67808284067038
3006473,222.44915427864092
3008255,222.44915427864092
3010037,221.9684329175669
3011819,215.085363773671
3013601,214.55154237946167
3015383,226.70859364216201
3017165,214.55154237946167
3018947,215.22472863239844
3020729,215.22472863239844
3022511,216.3949742315663
3024293,216.93483002898063
3026075,217.33354956541106
3027857,217.33354956541106
3001128,144.4013769223874
3002910,144.4013769223874
3004692,144.4013769223874
3006474,146.17244836035795
3008256,146.17244836035795
3010038,145.69172699928393
3011820,143.22642107262044
3013602,142.6925996784111
3015384,156.5747358238481
3017166,142.6925996784111
3018948,143.3657859313479
3020730,143.3657859313479
3022512,144.53603153051574
3024294,145.07588732793008
3026076,145.30275956553925
3027858,145.30275956553925
3001129,189.39344957058026
3002911,189.39344957058026
3004693,189.39344957058026
3006475,191.1645210085508
3008257,191.1645210085508
3010039,190.68379964747677
3011821,183.80073050358087
3013603,183.26690910937154
3015385,195.4239603720719
3017167,183.26690910937154
3018949,183.9400953623083
3020731,183.9400953623083
3022513,185.11034096147617
3024295,185.6501967588905
3026077,186.04891629532094
3027859,186.04891629532094
3001130,45.13023846874838
3002912,45.13023846874838
3004694,45.13023846874838
3006476,46.60739698290708
3008258,46.60739698290708
3010040,43.414357745917115
3011822,42.99379421600038
3013604,42.45997282179104
3015386,45.66200041790849
3017168,42.45997282179104
3018950,42.83924615091597
3020732,42.83924615091597
3022514,48.099337004947735
3024296,49.488076224210445
3026078,49.51364845380395
3027860,49.51364845380395
3001131,2043.549211741843
3002913,2029.2084901666058
3004695,2029.2084901666058
3006477,2115.3741530387015
3008259,2082.9740275225263
3010041,2043.5839749122613
3011823,1981.0880688834775
3013605,1980.6965952652695
3015387,2079.488780424418
3017169,1929.600519307453
3018951,1936.74791616403
3020733,1958.6701581367354
3022515,1954.951726911336
3024297,1985.1360044050969
3026079,1951.893306244477
3027861,1937.5525846692396
3001132,0.028017106605982042
3002914,0.028017106605982042
3004696,0.028017106605982042
3006478,1.505175620764683
3008260,1.505175620764683
3010042,0.7355173130953117
3011824,0.3149537831785756
3013606,-0.4316607151064746
3015388,0.47993606835953745
3017170,-0.4316607151064746
3018952,-0.05238738598154647
3020734,-0.05238738598154647
3022516,0.8289212665909582
3024298,1.182169059480762
3026080,0.5799308811034319
3027862,0.5799308811034319
3001133,1.138170954270777
3002915,1.138170954270777
3004697,1.138170954270777
3006479,2.615329468429477
3008261,2.615329468429477
3010043,1.8456711607601086
3011825,1.4251076308433728
3013607,0.6784931325583201
3015389,2.0860623409593084
3017171,0.6784931325583201
3018953,1.0577664616832483
3020735,1.0577664616832483
3022517,1.939075114255756
3024299,2.7624215138440413
3026081,2.160183335466709
3027863,2.160183335466709
3001134,15.819552290572744
3002916,15.819552290572744
3004698,15.819552290572744
3006480,17.296710804731443
3008262,17.296710804731443
3010044,16.546146764945817
3011826,16.12558323502908
3013608,15.359874468860289
3015390,17.388051868069144
3017172,15.359874468860289
3018954,15.739147797985217
3020736,15.739147797985217
3022518,16.639550718441463
3024300,18.02828993770418
3026082,17.821974795338228
3027864,17.821974795338228
3001135,23.50066835522618
3002917,23.50066835522618
3004699,23.50066835522618
3006481,24.97782686938488
3008263,24.97782686938488
3010045,23.977223111712448
3011827,23.55665958179571
3013609,23.04099053351372
3015391,25.069167932722582
3017173,23.04099053351372
3018955,23.42026386263865
3020737,23.42026386263865
3022519,24.070627065208093
3024301,25.45936628447081
3026083,25.503090859991666
3027865,25.503090859991666
3001136,-0.7932642672086996
3002918,-0.7932642672086996
3004700,-0.7932642672086996
3006482,0.6838942469500009
3008264,0.6838942469500009
3010046,-0.0857640607193698
3011828,-0.5063275906361064
3013610,-1.2529420889211558
3015392,-0.3413453054551442
3017174,-1.2529420889211558
3018956,-0.8736687597962285
3020738,-0.8736687597962285
3022520,0.007639892776276705
3024302,0.36088768566608015
3026084,-0.24135049271124936
3027866,-0.24135049271124936
3001137,218.0818938479071
3002919,218.0818938479071
3004701,218.0818938479071
3006483,219.85296528587764
3008265,219.85296528587764
3010047,219.37224392480363
3011829,212.48917478090772
3013611,211.9553533866984
3015393,224.11240464939874
3017175,211.9553533866984
3018957,212.62853963963516
3020739,212.62853963963516
3022521,213.79878523880302
3024303,214.33864103621735
3026085,214.7373605726478
3027867,214.7373605726478
3001138,-0.7932642672086996
3002920,-0.7932642672086996
3004702,-0.7932642672086996
3006484,0.6838942469500009
3008266,0.6838942469500009
3010048,-0.0857640607193698
3011830,-0.5063275906361064
3013612,-1.2529420889211558
3015394,-0.3413453054551442
3017176,-1.2529420889211558
3018958,-0.8736687597962285
3020740,-0.8736687597962285
3022522,0.007639892776276705
3024304,0.36088768566608015
3026086,-0.24135049271124936
3027868,-0.24135049271124936
3001139,-0.7932642672086996
3002921,-0.7932642672086996
3004703,-0.7932642672086996
3006485,0.6838942469500009
3008267,0.6838942469500009
3010049,-0.0857640607193698
3011831,-0.5063275906361064
3013613,-1.2529420889211558
3015395,-0.3413453054551442
3017177,-1.2529420889211558
3018959,-0.8736687597962285
3020741,-0.8736687597962285
3022523,0.007639892776276705
3024305,0.36088768566608015
3026087,-0.24135049271124936
3027869,-0.24135049271124936
3001140,1.138170954270777
3002922,1.138170954270777
3004704,1.138170954270777
3006486,2.615329468429477
3008268,2.615329468429477
3010050,1.8456711607601086
3011832,1.4251076308433728
3013614,0.6784931325583201
3015396,2.0860623409593084
3017178,0.6784931325583201
3018960,1.0577664616832483
3020742,1.0577664616832483
3022524,1.939075114255756
3024306,2.7624215138440413
3026088,2.160183335466709
3027870,2.160183335466709
3001141,57.81808174443683
3002923,57.81808174443683
3004705,57.81808174443683
3006487,59.48443119523825
3008269,59.48443119523825
3010051,58.31278884685045
3011833,57.89222531693372
3013615,57.35840392272438
3015397,61.57288468229103
3017179,57.35840392272438
3018961,57.92686818849202
3020743,57.92686818849202
3022525,58.4061928003461
3024307,59.79493201960881
3026089,59.820504249202315
3027871,59.820504249202315
3001142,-0.668295126470759
3002924,-0.668295126470759
3004706,-0.668295126470759
3006488,0.998054324330659
3008270,0.998054324330659
3010052,0.03920508001857076
3011834,-0.3813584498981658
3013616,-1.127972948183215
3015398,-0.21637616471720356
3017180,-1.127972948183215
3018962,-0.5595086824155704
3020744,-0.5595086824155704
3022526,0.13260903351421732
3024308,0.4858568264040207
3026090,-0.11638135197330894
3027872,-0.11638135197330894
3001143,82.87077456795689
3002925,82.87077456795689
3004707,82.87077456795689
3006489,84.6418460059274
3008271,84.6418460059274
3010053,83.36548167037053
3011835,82.94491814045378
3013617,82.41109674624444
3015399,90.0688913201711
3017181,82.41109674624444
3018963,83.08428299918118
3020745,83.08428299918118
3022527,83.45888562386618
3024309,84.84762484312888
3026091,84.87319707272239
3027873,84.87319707272239
3001144,154.18569816957728
3002926,154.18569816957728
3004708,154.18569816957728
3006490,155.9567696075478
3008272,155.9567696075478
3010054,155.4760482464738
3011836,151.6964029884213
3013618,151.16258159421199
3015400,162.68253078180808
3017182,151.16258159421199
3018964,151.83576784714876
3020746,151.83576784714876
3022528,153.00601344631662
3024310,153.54586924373095
3026092,153.77274148134012
3027874,153.77274148134012
3001145,-0.668295126470759
3002927,-0.668295126470759
3004709,-0.668295126470759
3006491,0.998054324330659
3008273,0.998054324330659
3010055,0.03920508001857076
3011837,-0.3813584498981658
3013619,-1.127972948183215
3015401,-0.21637616471720356
3017183,-1.127972948183215
3018965,-0.5595086824155704
3020747,-0.5595086824155704
3022529,0.13260903351421732
3024311,0.4858568264040207
3026093,-0.11638135197330894
3027875,-0.11638135197330894
3001146,2.347200035696214
3002928,2.347200035696214
3004710,2.347200035696214
3006492,4.013549486497629
3008274,4.013549486497629
3010056,3.0737945100692876
3011838,2.6532309801525518
3013620,1.8875222139837573
3015402,3.9156996131926145
3017184,1.8875222139837573
3018966,2.4559864797514024
3020748,2.4559864797514024
3022530,3.1671984635649344
3024312,4.555937682827649
3026094,3.934605236566576
3027876,3.934605236566576
3001147,86.20467355813132
3002929,86.20467355813132
3004711,86.20467355813132
3006493,87.97574499610184
3008275,87.97574499610184
3010057,86.69938066054496
3011839,86.27881713062821
3013621,85.74499573641887
3015403,93.40279031034552
3017185,85.74499573641887
3018967,86.41818198935562
3020749,86.41818198935562
3022531,86.79278461404061
3024313,88.18152383330332
3026095,88.20709606289682
3027877,88.20709606289682
3001148,40.959561553446534
3002930,40.959561553446534
3004712,40.959561553446534
3006494,42.62591100424795
3008276,42.62591100424795
3010058,41.454268655860155
3011840,41.03370512594342
3013622,40.49988373173408
3015404,43.701911327851526
3017186,40.49988373173408
3018968,41.068347997501725
3020750,41.068347997501725
3022532,41.5476726093558
3024314,42.93641182861851
3026096,42.96198405821202
3027878,42.96198405821202
3001149,609.5476496327137
3002931,609.5476496327137
3004713,609.5476496327137
3006495,623.4588801270322
3008277,623.4588801270322
3010059,606.93285558167
3011841,586.9318265778321
3013623,586.540352959624
3015405,618.3826019211755
3017187,586.540352959624
3018969,590.8194117925966
3020751,590.8194117925966
3022533,580.88983581005
3024315,559.2540495779267
3026097,561.2350964210856
3027879,561.2350964210856
3001150,-0.8127208316656138
3002932,-0.8127208316656138
3004714,-0.8127208316656138
3006496,0.8536286191358038
3008278,0.8536286191358038
3010060,-0.10522062517628424
3011842,-0.5257841550930209
3013624,-1.2723986533780702
3015406,-0.3608018699120585
3017188,-1.2723986533780702
3018970,-0.7039343876104254
3020752,-0.7039343876104254
3022534,-0.011816671680637748
3024316,0.3414311212091657
3026098,-0.26080705716816394
3027880,-0.26080705716816394
3001151,6.643411240006688
3002933,6.643411240006688
3004715,6.643411240006688
3006497,8.309760690808107
3008279,8.309760690808107
3010061,7.370005714379768
3011843,6.94944218446303
3013625,6.1837334182942305
3015407,8.21191081750309
3017189,6.1837334182942305
3018971,6.752197684061875
3020753,6.752197684061875
3022535,7.463409667875414
3024317,8.852148887138132
3026099,8.230816440877053
3027881,8.230816440877053
3001152,1.8828443370704682
3002934,1.8828443370704682
3004716,1.8828443370704682
3006498,3.3600028512291686
3008280,3.3600028512291686
3010062,2.590344543559799
3011844,2.1697810136430626
3013626,1.4231665153580113
3015408,2.6376833578045167
3017190,1.4231665153580113
3018972,1.8024398444829395
3020754,1.8024398444829395
3022536,2.6837484970554453
3024318,3.507094896643731
3026100,2.9048567182664
3027882,2.9048567182664
3001153,0.26744242273659746
3002935,0.26744242273659746
3004717,0.26744242273659746
3006499,1.7446009368952982
3008281,1.7446009368952982
3010063,0.9749426292259269
3011845,0.5543790993091906
3013627,-0.19223539897585917
3015409,0.5263090185356698
3017191,-0.19223539897585917
3018973,0.18703793014906867
3020755,0.18703793014906867
3022537,1.0683465827215737
3024319,1.4215943756113771
3026101,0.8193561972340472
3027883,0.8193561972340472
3001154,3.150229033966299
3002936,3.150229033966299
3004718,3.150229033966299
3006500,4.627387548124997
3008282,4.627387548124997
3010064,3.8768235083393767
3011846,3.4562599784226387
3013628,2.6905512122538426
3015410,4.525676245508215
3017192,2.6905512122538426
3018974,3.0698245413787695
3020756,3.0698245413787695
3022538,3.970227461835023
3024320,5.358966681097735
3026102,4.737634234836659
3027884,4.737634234836659
3001155,1665.4929480050098
3002937,1651.1522264297726
3004719,1651.1522264297726
3006501,1728.7083956697043
3008283,1698.2583926707212
3010065,1671.3349031997516
3011847,1607.7333026361869
3013629,1607.3418290179789
3015411,1702.4909846566343
3017193,1556.2457530601623
3018975,1554.7836562845757
3020757,1578.6560207744735
3022539,1577.0053853585105
3024321,1607.1896628522713
3026103,1590.7401839136437
3027885,1576.3994623384065
3001156,-0.3238314117904682
3002938,-0.3238314117904682
3004720,-0.3238314117904682
3006502,1.1533271023682332
3008284,1.1533271023682332
3010066,0.3836687946988621
3011848,-0.036894735217874314
3013630,-0.7835092335029249
3015412,-0.06496481599139557
3017194,-0.7835092335029249
3018976,-0.40423590437799695
3020758,-0.40423590437799695
3022540,0.47707274819450846
3024322,0.8303205410843119
3026104,0.22808236270698168
3027886,0.22808236270698168
3001157,160.23078646973835
3002939,160.23078646973835
3004721,160.23078646973835
3006503,162.00185790770888
3008285,162.00185790770888
3010067,161.52113654663486
3011849,157.74149128858238
3013631,157.20766989437305
3015413,171.1147303844755
3017195,157.20766989437305
3018977,157.88085614730983
3020759,157.88085614730983
3022541,159.05110174647768
3024323,159.59095754389202
3026105,159.8178297815012
3027887,159.8178297815012
3001158,2.9818295799321186
3002940,2.9818295799321186
3004722,2.9818295799321186
3006504,4.4589880940908175
3008286,4.4589880940908175
3010068,3.7084240543051967
3011850,3.287860524388459
3013632,2.5221517582196613
3015414,4.3572767914740345
3017196,2.5221517582196613
3018978,2.901425087344589
3020760,2.901425087344589
3022542,3.8018280078008417
3024324,5.190567227063555
3026106,4.569234780802479
3027888,4.569234780802479
3001159,742.4276594074848
3002941,742.4276594074848
3004723,742.4276594074848
3006505,752.8602320123466
3008287,752.8602320123466
3010069,738.4946539198977
3011851,710.8000714427587
3013633,710.4085978245506
3015415,746.2499879504404
3017197,703.3867871149703
3018979,704.1871880584862
3020761,704.1871880584862
3022543,697.7362699653963
3024325,683.6562154918013
3026107,685.6372623349602
3027889,685.6372623349602
3001160,394.4361239352164
3002942,394.4361239352164
3004724,394.4361239352164
3006506,401.461671951905
3008288,401.461671951905
3010070,391.9300310789859
3011852,377.5263679487123
3013634,376.99254655450295
3015416,401.38687744161854
3017198,376.99254655450295
3018980,377.8417255348835
3020762,377.8417255348835
3022544,377.40339950805344
3024326,373.8697858359742
3026108,375.7084849031318
3027890,375.7084849031318
3001161,248.8852672396085
3002943,248.8852672396085
3004725,248.8852672396085
3006507,250.65633867757904
3008289,250.65633867757904
3010071,248.03324439297413
3011853,241.15017524907822
3013635,240.6163538548689
3015417,252.22976700652376
3017199,240.6163538548689
3018981,241.28954010780566
3020763,241.28954010780566
3022545,242.45978570697352
3024327,235.82631150565652
3026109,236.22503104208695
3027891,236.22503104208695
3001162,150.1028277674556
3002944,150.1028277674556
3004726,150.1028277674556
3006508,151.87389920542614
3008290,151.87389920542614
3010072,151.39317784435212
3011854,147.61353258629964
3013636,147.07971119209031
3015418,160.9618473375273
3017200,147.07971119209031
3018982,147.7528974450271
3020764,147.7528974450271
3022546,148.92314304419494
3024328,149.46299884160928
3026110,149.68987107921845
3027892,149.68987107921845
3001163,63.16948351707
3002945,63.16948351707
3004727,63.16948351707
3006509,64.6466420312287
3008291,64.6466420312287
3010073,61.453602794238726
3011855,61.033039264322
3013637,60.49921787011266
3015419,65.56933645279187
3017201,60.49921787011266
3018983,60.87849119923759
3020765,60.87849119923759
3022547,66.13858205326935
3024329,67.5273212725321
3026111,67.55289350212561
3027893,67.55289350212561
3001164,2477.448702304875
3002946,2418.9641634339505
3004728,2418.9641634339505
3006510,2665.565470453272
3008292,2633.165344937097
3010074,2477.483465475294
3011856,2419.4298958167333
3013638,2419.038422198525
3015420,2473.9218083487526
3017202,2307.51745434703
3018984,2375.7066277301506
3020766,2419.5140041892378
3022548,2369.574062139345
3024330,2321.595892953154
3026112,2328.055572997533
3027894,2269.5710341266085
3001165,0.028017106605982042
3002947,0.028017106605982042
3004729,0.028017106605982042
3006511,1.505175620764683
3008293,1.505175620764683
3010075,0.7355173130953117
3011857,0.3149537831785756
3013639,-0.4316607151064746
3015421,0.47993606835953745
3017203,-0.4316607151064746
3018985,-0.05238738598154647
3020767,-0.05238738598154647
3022549,0.8289212665909582
3024331,1.182169059480762
3026113,0.5799308811034319
3027895,0.5799308811034319
3001166,1.138170954270777
3002948,1.138170954270777
3004730,1.138170954270777
3006512,2.615329468429477
3008294,2.615329468429477
3010076,1.8456711607601086
3011858,1.4251076308433728
3013640,0.6784931325583201
3015422,2.0860623409593084
3017204,0.6784931325583201
3018986,1.0577664616832483
3020768,1.0577664616832483
3022550,1.939075114255756
3024332,2.7624215138440413
3026114,2.160183335466709
3027896,2.160183335466709
3001167,3.861890245254983
3002949,3.861890245254983
3004731,3.861890245254983
3006513,5.33904875941368
3008295,5.33904875941368
3010077,4.588484719628054
3011859,4.167921189711316
3013641,3.402212423542525
3015423,5.43038982275138
3017205,3.402212423542525
3018987,3.781485752667453
3020769,3.781485752667453
3022551,4.6818886731237
3024333,6.070627892386414
3026115,5.449295446125341
3027897,5.449295446125341
3001168,5.8040411664620875
3002950,5.8040411664620875
3004732,5.8040411664620875
3006514,7.281199680620787
3008296,7.281199680620787
3010078,6.530635640835164
3011860,6.110072110918425
3013642,5.34436334474963
3015424,7.372540743958485
3017206,5.34436334474963
3018988,5.723636673874557
3020770,5.723636673874557
3022552,6.624039594330809
3024334,8.012778813593526
3026116,7.391446367332447
3027898,7.391446367332447
3001169,1.138170954270777
3002951,1.138170954270777
3004733,1.138170954270777
3006515,2.615329468429477
3008297,2.615329468429477
3010079,1.8456711607601086
3011861,1.4251076308433728
3013643,0.6784931325583201
3015425,2.0860623409593084
3017207,0.6784931325583201
3018989,1.0577664616832483
3020771,1.0577664616832483
3022553,1.939075114255756
3024335,2.7624215138440413
3026117,2.160183335466709
3027899,2.160183335466709
3001170,218.0818938479071
3002952,218.0818938479071
3004734,218.0818938479071
3006516,219.85296528587764
3008298,219.85296528587764
3010080,219.37224392480363
3011862,212.48917478090772
3013644,211.9553533866984
3015426,224.11240464939874
3017208,211.9553533866984
3018990,212.62853963963516
3020772,212.62853963963516
3022554,213.79878523880302
3024336,214.33864103621735
3026118,214.7373605726478
3027900,214.7373605726478
3001171,1.138170954270777
3002953,1.138170954270777
3004735,1.138170954270777
3006517,2.615329468429477
3008299,2.615329468429477
3010081,1.8456711607601086
3011863,1.4251076308433728
3013645,0.6784931325583201
3015427,2.0860623409593084
3017209,0.6784931325583201
3018991,1.0577664616832483
3020773,1.0577664616832483
3022555,1.939075114255756
3024337,2.7624215138440413
3026119,2.160183335466709
3027901,2.160183335466709
3001172,-0.7932642672086996
3002954,-0.7932642672086996
3004736,-0.7932642672086996
3006518,0.6838942469500009
3008300,0.6838942469500009
3010082,-0.0857640607193698
3011864,-0.5063275906361064
3013646,-1.2529420889211558
3015428,-0.3413453054551442
3017210,-1.2529420889211558
3018992,-0.8736687597962285
3020774,-0.8736687597962285
3022556,0.007639892776276705
3024338,0.36088768566608015
3026120,-0.24135049271124936
3027902,-0.24135049271124936
3001173,2.828430031659491
3002955,2.828430031659491
3004737,2.828430031659491
3006519,4.305588545818188
3008301,4.305588545818188
3010083,3.555024506032566
3011865,3.1344609761158284
3013647,2.3687522099470346
3015429,4.396929609155889
3017211,2.3687522099470346
3018993,2.7480255390719606
3020775,2.7480255390719606
3022557,3.648428459528212
3024339,5.037167678790926
3026121,4.415835232529852
3027903,4.415835232529852
3001174,4.8502754182057926
3002956,4.8502754182057926
3004738,4.8502754182057926
3006520,6.51662486900721
3008302,6.51662486900721
3010084,5.57686989257887
3011866,5.156306362662131
3013648,4.390597596493335
3015430,6.418774995702191
3017212,4.390597596493335
3018994,4.95906186226098
3020776,4.95906186226098
3022558,5.670273846074515
3024340,7.059013065337229
3026122,6.437680619076153
3027904,6.437680619076153
3001175,-0.668295126470759
3002957,-0.668295126470759
3004739,-0.668295126470759
3006521,0.998054324330659
3008303,0.998054324330659
3010085,0.03920508001857076
3011867,-0.3813584498981658
3013649,-1.127972948183215
3015431,-0.21637616471720356
3017213,-1.127972948183215
3018995,-0.5595086824155704
3020777,-0.5595086824155704
3022559,0.13260903351421732
3024341,0.4858568264040207
3026123,-0.11638135197330894
3027905,-0.11638135197330894
3001176,186.05696944457588
3002958,186.05696944457588
3004740,186.05696944457588
3006522,187.82804088254642
3008304,187.82804088254642
3010086,187.3473195214724
3011868,180.4642503775765
3013650,179.93042898336716
3015432,192.0874802460675
3017214,179.93042898336716
3018996,180.60361523630394
3020778,180.60361523630394
3022560,181.7738608354718
3024342,182.31371663288613
3026124,182.71243616931656
3027906,182.71243616931656
3001177,133.89332716082743
3002959,133.89332716082743
3004741,133.89332716082743
3006523,135.66439859879796
3008305,135.66439859879796
3010087,135.18367723772394
3011869,132.71837131106045
3013651,132.18454991685113
3015433,145.07954404051804
3017215,132.18454991685113
3018997,132.8577361697879
3020779,132.8577361697879
3022561,134.02798176895575
3024343,134.5678375663701
3026125,134.79470980397926
3027907,134.79470980397926
3001178,1.263140095008718
3002960,1.263140095008718
3004742,1.263140095008718
3006524,2.929489545810135
3008306,2.929489545810135
3010088,1.9706403014980498
3011870,1.5500767715813129
3013652,0.8034622732962611
3015434,2.211031481697249
3017216,0.8034622732962611
3018998,1.3719265390639064
3020780,1.3719265390639064
3022562,2.0640442549936964
3024344,2.887390654581982
3026126,2.2851524762046505
3027908,2.2851524762046505
3001179,-0.668295126470759
3002961,-0.668295126470759
3004743,-0.668295126470759
3006525,0.998054324330659
3008307,0.998054324330659
3010089,0.03920508001857076
3011871,-0.3813584498981658
3013653,-1.127972948183215
3015435,-0.21637616471720356
3017217,-1.127972948183215
3018999,-0.5595086824155704
3020781,-0.5595086824155704
3022563,0.13260903351421732
3024345,0.4858568264040207
3026127,-0.11638135197330894
3027909,-0.11638135197330894
3001180,276.5770336530026
3002962,276.5770336530026
3004744,276.5770336530026
3006526,278.34810509097315
3008308,278.34810509097315
3010090,275.7250108063683
3011872,266.6909933539951
3013654,266.1571719597858
3015436,278.8917822571871
3017218,266.1571719597858
3019000,266.0420105212625
3020782,266.0420105212625
3022564,268.00060381189047
3024346,260.11596289965405
3026128,260.51468243608446
3027910,260.51468243608446
3001181,40.959561553446534
3002963,40.959561553446534
3004745,40.959561553446534
3006527,42.62591100424795
3008309,42.62591100424795
3010091,41.454268655860155
3011873,41.03370512594342
3013655,40.49988373173408
3015437,43.701911327851526
3017219,40.49988373173408
3019001,41.068347997501725
3020783,41.068347997501725
3022565,41.5476726093558
3024347,42.93641182861851
3026129,42.96198405821202
3027911,42.96198405821202
3001182,606.5879246483133
3002964,606.5879246483133
3004746,606.5879246483133
3006528,620.4991551426318
3008310,620.4991551426318
3010092,600.5125462371952
3011874,580.5115172333574
3013656,580.1200436151493
3015438,611.9622925767007
3017220,580.1200436151493
3019002,584.3991024481219
3020784,584.3991024481219
3022566,574.4695264655753
3024348,552.833740233452
3026130,554.8147870766109
3027912,554.8147870766109
3001183,-0.8127208316656138
3002965,-0.8127208316656138
3004747,-0.8127208316656138
3006529,0.8536286191358038
3008311,0.8536286191358038
3010093,-0.10522062517628424
3011875,-0.5257841550930209
3013657,-1.2723986533780702
3015439,-0.3608018699120585
3017221,-1.2723986533780702
3019003,-0.7039343876104254
3020785,-0.7039343876104254
3022567,-0.011816671680637748
3024349,0.3414311212091657
3026131,-0.26080705716816394
3027913,-0.26080705716816394
3001184,10.165235340414275
3002966,10.165235340414275
3004748,10.165235340414275
3006530,11.831584791215692
3008312,11.831584791215692
3010094,10.891829814787352
3011876,10.471266284870614
3013658,9.705557518701818
3015440,11.733734917910672
3017222,9.705557518701818
3019004,10.274021784469463
3020786,10.274021784469463
3022568,10.985233768282999
3024350,12.373972987545713
3026132,11.752640541284636
3027914,11.752640541284636
3001185,2.4689345053659095
3002967,2.4689345053659095
3004749,2.4689345053659095
3006531,3.9460930195246093
3008313,3.9460930195246093
3010095,3.1955289797389863
3011877,2.774965449822251
3013659,2.0092566836534522
3015441,3.844381716907825
3017223,2.0092566836534522
3019005,2.38853001277838
3020787,2.38853001277838
3022569,3.2889329332346335
3024351,4.677672152497346
3026133,4.056339706236271
3027915,4.056339706236271
3001186,0.26744242273659746
3002968,0.26744242273659746
3004750,0.26744242273659746
3006532,1.7446009368952982
3008314,1.7446009368952982
3010096,0.9749426292259269
3011878,0.5543790993091906
3013660,-0.19223539897585917
3015442,0.5263090185356698
3017224,-0.19223539897585917
3019006,0.18703793014906867
3020788,0.18703793014906867
3022570,1.0683465827215737
3024352,1.4215943756113771
3026134,0.8193561972340472
3027916,0.8193561972340472
3001187,3.150229033966299
3002969,3.150229033966299
3004751,3.150229033966299
3006533,4.627387548124997
3008315,4.627387548124997
3010097,3.8768235083393767
3011879,3.4562599784226387
3013661,2.6905512122538426
3015443,4.525676245508215
3017225,2.6905512122538426
3019007,3.0698245413787695
3020789,3.0698245413787695
3022571,3.970227461835023
3024353,5.358966681097735
3026135,4.737634234836659
3027917,4.737634234836659
3001188,1534.691808325191
3002970,1520.3510867499538
3004752,1520.3510867499538
3006534,1597.9072559898855
3008316,1567.4572529909024
3010098,1540.5337635199328
3011880,1474.7245800200424
3013662,1474.3331064018344
3015444,1575.3303329570847
3017226,1423.2370304440178
3019008,1421.7749336684312
3020790,1445.647298158329
3022572,1435.0775853277269
3024354,1459.6415233059702
3026136,1443.1920443673425
3027918,1428.8513227921053
3001189,-0.3238314117904682
3002971,-0.3238314117904682
3004753,-0.3238314117904682
3006535,1.1533271023682332
3008317,1.1533271023682332
3010099,0.3836687946988621
3011881,-0.036894735217874314
3013663,-0.7835092335029249
3015445,-0.06496481599139557
3017227,-0.7835092335029249
3019009,-0.40423590437799695
3020791,-0.40423590437799695
3022573,0.47707274819450846
3024355,0.8303205410843119
3026137,0.22808236270698168
3027919,0.22808236270698168
3001190,662.0563648338124
3002972,662.0563648338124
3004754,662.0563648338124
3006536,672.4889374386742
3008318,672.4889374386742
3010100,655.9809864226943
3011882,635.9799574188564
3013664,635.5884838006483
3015446,665.3261185019287
3017228,635.5884838006483
3019010,636.3888847441642
3020792,636.3888847441642
3022574,629.9379666510744
3024356,616.7413906472057
3026138,618.7224374903645
3027920,618.7224374903645
3001191,3.699388145432271
3002973,3.699388145432271
3004755,3.699388145432271
3006537,5.176546659590969
3008319,5.176546659590969
3010101,4.425982619805346
3011883,4.0054190898886075
3013665,3.2397103237198133
3015447,5.0748353569741855
3017229,3.2397103237198133
3019011,3.618983652844741
3020793,3.618983652844741
3022575,4.5193865733009915
3024357,5.9081257925637045
3026139,5.2867933463026295
3027921,5.2867933463026295
3001192,481.8961604074943
3002974,481.8961604074943
3004756,481.8961604074943
3006538,492.60481274153955
3008320,492.60481274153955
3010102,475.9631297723774
3011884,455.9621007685396
3013666,455.42827937433026
3015448,485.21936965943036
3017230,455.42827937433026
3019012,459.96056267206745
3020794,459.96056267206745
3022576,455.83913232788075
3024358,436.9023699029708
3026140,438.7410689701284
3027922,438.7410689701284
3001193,423.53135291293427
3002975,423.53135291293427
3004757,423.53135291293427
3006539,430.5569009296228
3008321,430.5569009296228
3010103,421.02526005670376
3011885,406.62159692643013
3013667,406.0877755322208
3015449,432.99759409590996
3017231,406.0877755322208
3019013,406.93695451260135
3020795,406.93695451260135
3022577,406.4986284857713
3024359,402.96501481369205
3026141,404.80371388084967
3027923,404.80371388084967
3001194,166.15694127379336
3002976,166.15694127379336
3004758,166.15694127379336
3006540,167.9280127117639
3008322,167.9280127117639
3010104,167.44729135068988
3011886,163.6676460926374
3013668,163.13382469842807
3015450,179.5563728651041
3017232,163.13382469842807
3019014,163.80701095136484
3020796,163.80701095136484
3022578,164.9772565505327
3024360,165.51711234794703
3026142,165.91583188437747
3027924,165.91583188437747
3001195,96.2968556434787
3002977,96.2968556434787
3004759,96.2968556434787
3006541,98.06792708144921
3008323,98.06792708144921
3010105,96.79156274589234
3011887,96.37099921597559
3013669,95.83717782176625
3015451,104.03861050673838
3017233,95.83717782176625
3019015,96.51036407470299
3020797,96.51036407470299
3022579,96.88496669938799
3024361,99.67996611957899
3026143,99.7055383491725
3027925,99.7055383491725
3001196,45.13023846874838
3002978,45.13023846874838
3004760,45.13023846874838
3006542,46.60739698290708
3008324,46.60739698290708
3010106,43.414357745917115
3011888,42.99379421600038
3013670,42.45997282179104
3015452,45.66200041790849
3017234,42.45997282179104
3019016,42.83924615091597
3020798,42.83924615091597
3022580,48.099337004947735
3024362,49.488076224210445
3026144,49.51364845380395
3027926,49.51364845380395
3001197,1779.3514093989995
3002979,1765.0106878237623
3004761,1765.0106878237623
3006543,1841.438657143862
3008325,1809.0385316276866
3010107,1779.3861725694178
3011889,1706.050269009533
3013671,1705.658795391325
3015453,1816.1131267632302
3017235,1654.5627194335084
3019017,1651.9724227380898
3020799,1673.8946647107953
3022581,1670.9948496227523
3024363,1701.1791271165132
3026145,1684.7296481778856
3027927,1670.3889266026483
3001198,25.743812190641346
3002980,25.743812190641346
3004762,25.743812190641346
3006544,27.22097070480005
3008326,27.22097070480005
3010108,26.220366947127616
3011890,25.799803417210878
3013672,25.28413436892889
3015454,27.31231176813775
3017236,25.28413436892889
3019018,25.663407698053817
3020800,25.663407698053817
3022582,26.31377090062326
3024364,27.70251011988598
3026146,27.746234695406834
3027928,27.746234695406834
3001199,-0.7932642672086996
3002981,-0.7932642672086996
3004763,-0.7932642672086996
3006545,0.6838942469500009
3008327,0.6838942469500009
3010109,-0.0857640607193698
3011891,-0.5063275906361064
3013673,-1.2529420889211558
3015455,-0.3413453054551442
3017237,-1.2529420889211558
3019019,-0.8736687597962285
3020801,-0.8736687597962285
3022583,0.007639892776276705
3024365,0.36088768566608015
3026147,-0.24135049271124936
3027929,-0.24135049271124936
3001200,1.7242611225662134
3002982,1.7242611225662134
3004764,1.7242611225662134
3006546,3.2014196367249137
3008328,3.2014196367249137
3010110,2.4508555969392884
3011892,2.0302920670225526
3013674,1.2645833008537575
3015456,3.2927607000626136
3017238,1.2645833008537575
3019020,1.643856629978684
3020802,1.643856629978684
3022584,2.5442595504349352
3024366,3.9329987696976514
3026148,3.3116663234365764
3027930,3.3116663234365764
3001201,4.8123132613255
3002983,4.8123132613255
3004765,4.8123132613255
3006547,6.2894717754842
3008329,6.2894717754842
3010111,5.538907735698578
3011893,5.118344205781839
3013675,4.352635439613043
3015457,6.380812838821899
3017239,4.352635439613043
3019021,4.73190876873797
3020803,4.73190876873797
3022585,5.632311689194223
3024367,7.021050908456937
3026149,6.399718462195861
3027931,6.399718462195861
3001202,-0.7932642672086996
3002984,-0.7932642672086996
3004766,-0.7932642672086996
3006548,0.6838942469500009
3008330,0.6838942469500009
3010112,-0.0857640607193698
3011894,-0.5063275906361064
3013676,-1.2529420889211558
3015458,-0.3413453054551442
3017240,-1.2529420889211558
3019022,-0.8736687597962285
3020804,-0.8736687597962285
3022586,0.007639892776276705
3024368,0.36088768566608015
3026150,-0.24135049271124936
3027932,-0.24135049271124936
3001203,135.6928740868582
3002985,135.6928740868582
3004767,135.6928740868582
3006549,137.46394552482874
3008331,137.46394552482874
3010113,136.98322416375473
3011895,134.51791823709124
3013677,133.9840968428819
3015459,149.3945786431224
3017241,133.9840968428819
3019023,134.65728309581868
3020805,134.65728309581868
3022587,135.82752869498654
3024369,136.36738449240087
3026151,136.59425673001004
3027933,136.59425673001004
3001204,12.578553154124998
3002986,12.578553154124998
3004768,12.578553154124998
3006550,14.055711668283697
3008332,14.055711668283697
3010114,13.305147628498075
3011896,12.884584098581337
3013678,12.118875332412541
3015460,14.147052731621399
3017242,12.118875332412541
3019024,12.498148661537469
3020806,12.498148661537469
3022588,13.398551581993722
3024370,14.787290801256438
3026152,14.165958354995361
3027934,14.165958354995361
3001205,-0.7932642672086996
3002987,-0.7932642672086996
3004769,-0.7932642672086996
3006551,0.6838942469500009
3008333,0.6838942469500009
3010115,-0.0857640607193698
3011897,-0.5063275906361064
3013679,-1.2529420889211558
3015461,-0.3413453054551442
3017243,-1.2529420889211558
3019025,-0.8736687597962285
3020807,-0.8736687597962285
3022589,0.007639892776276705
3024371,0.36088768566608015
3026153,-0.24135049271124936
3027935,-0.24135049271124936
3001206,4.8123132613255
3002988,4.8123132613255
3004770,4.8123132613255
3006552,6.2894717754842
3008334,6.2894717754842
3010116,5.538907735698578
3011898,5.118344205781839
3013680,4.352635439613043
3015462,6.380812838821899
3017244,4.352635439613043
3019026,4.73190876873797
3020808,4.73190876873797
3022590,5.632311689194223
3024372,7.021050908456937
3026154,6.399718462195861
3027936,6.399718462195861
3001207,47.36708464033971
3002989,47.36708464033971
3004771,47.36708464033971
3006553,49.03343409114113
3008335,49.03343409114113
3010117,47.86179174275333
3011899,47.4412282128366
3013681,46.90740681862726
3015463,50.109434414744705
3017245,46.90740681862726
3019027,47.4758710843949
3020809,47.4758710843949
3022591,47.95519569624898
3024373,49.34393491551169
3026155,49.369507145105196
3027937,49.369507145105196
3001208,-0.668295126470759
3002990,-0.668295126470759
3004772,-0.668295126470759
3006554,0.998054324330659
3008336,0.998054324330659
3010118,0.03920508001857076
3011900,-0.3813584498981658
3013682,-1.127972948183215
3015464,-0.21637616471720356
3017246,-1.127972948183215
3019028,-0.5595086824155704
3020810,-0.5595086824155704
3022592,0.13260903351421732
3024374,0.4858568264040207
3026156,-0.11638135197330894
3027938,-0.11638135197330894
3001209,76.18936517675563
3002991,76.18936517675563
3004773,76.18936517675563
3006555,77.96043661472615
3008337,77.96043661472615
3010119,76.68407227916927
3011901,76.26350874925252
3013683,75.72968735504318
3015465,83.38748192896983
3017247,75.72968735504318
3019029,76.40287360797993
3020811,76.40287360797993
3022593,76.77747623266492
3024375,78.16621545192763
3026157,78.19178768152113
3027939,78.19178768152113
3001210,135.81784322759614
3002992,135.81784322759614
3004774,135.81784322759614
3006556,137.58891466556668
3008338,137.58891466556668
3010120,137.10819330449266
3011902,134.64288737782917
3013684,134.10906598361984
3015466,149.51954778386033
3017248,134.10906598361984
3019030,134.78225223655662
3020812,134.78225223655662
3022594,135.95249783572447
3024376,136.4923536331388
3026158,136.71922587074798
3027940,136.71922587074798
3001211,-0.668295126470759
3002993,-0.668295126470759
3004775,-0.668295126470759
3006557,0.998054324330659
3008339,0.998054324330659
3010121,0.03920508001857076
3011903,-0.3813584498981658
3013685,-1.127972948183215
3015467,-0.21637616471720356
3017249,-1.127972948183215
3019031,-0.5595086824155704
3020813,-0.5595086824155704
3022595,0.13260903351421732
3024377,0.4858568264040207
3026159,-0.11638135197330894
3027941,-0.11638135197330894
3001212,4.8502754182057926
3002994,4.8502754182057926
3004776,4.8502754182057926
3006558,6.51662486900721
3008340,6.51662486900721
3010122,5.57686989257887
3011904,5.156306362662131
3013686,4.390597596493335
3015468,6.418774995702191
3017250,4.390597596493335
3019032,4.95906186226098
3020814,4.95906186226098
3022596,5.670273846074515
3024378,7.059013065337229
3026160,6.437680619076153
3027942,6.437680619076153
3001213,210.99214353508745
3002995,210.99214353508745
3004777,210.99214353508745
3006559,212.76321497305798
3008341,212.76321497305798
3010123,212.28249361198397
3011905,205.39942446808806
3013687,204.86560307387873
3015469,219.53814201315265
3017251,204.86560307387873
3019033,205.5387893268155
3020815,205.5387893268155
3022597,206.70903492598336
3024379,207.2488907233977
3026161,207.64761025982813
3027943,207.64761025982813
3001214,34.05961009545198
3002996,34.05961009545198
3004778,34.05961009545198
3006560,35.7259595462534
3008342,35.7259595462534
3010124,34.5543171978656
3011906,34.13375366794887
3013688,33.599932273739526
3015470,36.80195986985697
3017252,33.599932273739526
3019034,34.16839653950717
3020816,34.16839653950717
3022598,34.647721151361246
3024380,36.036460370623956
3026162,36.062032600217464
3027944,36.062032600217464
3001215,870.214805416001
3002997,870.214805416001
3004779,881.9508065691314
3006561,895.8620370634499
3008343,895.8620370634499
3010125,868.3652547641005
3011907,815.8375148529269
3013689,815.4460412347188
3015471,863.9960925972637
3017253,811.1003124334054
3019035,815.379371266378
3020817,815.379371266378
3022599,801.1522112379562
3024381,765.4849597989693
3026163,756.9766438864776
3027945,756.9766438864776
3001216,3.6723894994154533
3002998,3.6723894994154533
3004780,3.6723894994154533
3006562,5.338738950216869
3008344,5.338738950216869
3010126,4.398983973788527
3011908,3.978420443871789
3013690,3.212711677702995
3015472,5.24088907691185
3017254,3.212711677702995
3019036,3.7811759434706413
3020818,3.7811759434706413
3022600,4.492387927284172
3024382,5.881127146546886
3026164,5.259794700285812
3027946,5.259794700285812
3001217,3.6723894994154533
3002999,3.6723894994154533
3004781,3.6723894994154533
3006563,5.338738950216869
3008345,5.338738950216869
3010127,4.398983973788527
3011909,3.978420443871789
3013691,3.212711677702995
3015473,5.24088907691185
3017255,3.212711677702995
3019037,3.7811759434706413
3020819,3.7811759434706413
3022601,4.492387927284172
3024383,5.881127146546886
3026165,5.259794700285812
3027947,5.259794700285812
3001218,6.6115052977158815
3003000,6.6115052977158815
3004782,6.6115052977158815
3006564,8.088663811874584
3008346,8.088663811874584
3010128,7.33809977208896
3011910,6.917536242172221
3013692,6.151827476003424
3015474,7.986952509257801
3017256,6.151827476003424
3019038,6.531100805128351
3020820,6.531100805128351
3022602,7.431503725584605
3024384,8.820242944847324
3026166,8.198910498586246
3027948,8.198910498586246
3001219,0.26744242273659746
3003001,0.26744242273659746
3004783,0.26744242273659746
3006565,1.7446009368952982
3008347,1.7446009368952982
3010129,0.9749426292259269
3011911,0.5543790993091906
3013693,-0.19223539897585917
3015475,0.5263090185356698
3017257,-0.19223539897585917
3019039,0.18703793014906867
3020821,0.18703793014906867
3022603,1.0683465827215737
3024385,1.4215943756113771
3026167,0.8193561972340472
3027949,0.8193561972340472
3001220,0.26744242273659746
3003002,0.26744242273659746
3004784,0.26744242273659746
3006566,1.7446009368952982
3008348,1.7446009368952982
3010130,0.9749426292259269
3011912,0.5543790993091906
3013694,-0.19223539897585917
3015476,0.5263090185356698
3017258,-0.19223539897585917
3019040,0.18703793014906867
3020822,0.18703793014906867
3022604,1.0683465827215737
3024386,1.4215943756113771
3026168,0.8193561972340472
3027950,0.8193561972340472
3001221,1142.7898791640146
3003003,1142.7898791640146
3004785,1142.7898791640146
3006567,1189.5028949092164
3008349,1159.0528919102333
3010131,1142.4009135310516
3011913,1089.724727019018
3013695,1089.33325340081
3015477,1148.8926558444725
3017259,1061.2373906924943
3019041,1050.5181318350699
3020823,1074.3904963249677
3022605,1063.8040724154762
3024387,1055.86405779784
3026169,1039.4145788592123
3027951,1039.4145788592123
3001222,-0.3238314117904682
3003004,-0.3238314117904682
3004786,-0.3238314117904682
3006568,1.1533271023682332
3008350,1.1533271023682332
3010132,0.3836687946988621
3011914,-0.036894735217874314
3013696,-0.7835092335029249
3015478,-0.06496481599139557
3017260,-0.7835092335029249
3019042,-0.40423590437799695
3020824,-0.40423590437799695
3022606,0.47707274819450846
3024388,0.8303205410843119
3026170,0.22808236270698168
3027952,0.22808236270698168
3001223,117.14031051269825
3003005,117.14031051269825
3004787,117.14031051269825
3006569,118.91138195066877
3008351,118.91138195066877
3010133,117.63501761511189
3011915,117.21445408519514
3013697,116.6806326909858
3015479,126.33093616513958
3017261,116.6806326909858
3019043,117.35381894392255
3020825,117.35381894392255
3022607,117.72842156860754
3024389,120.97358015019209
3026171,121.20045238780123
3027953,121.20045238780123
3001224,5.485302660733403
3003006,5.485302660733403
3004788,5.485302660733403
3006570,6.962461174892103
3008352,6.962461174892103
3010134,6.211897135106479
3011916,5.791333605189741
3013698,5.025624839020946
3015480,6.860749872275321
3017262,5.025624839020946
3019044,5.4048981681458725
3020826,5.4048981681458725
3022608,6.305301088602125
3024390,7.694040307864841
3026172,7.072707861603766
3027954,7.072707861603766
3001225,669.9326119256687
3003007,669.9326119256687
3004789,669.9326119256687
3006571,680.3651845305304
3008353,680.3651845305304
3010135,663.8572335145506
3011917,643.8562045107127
3013699,643.4647308925046
3015481,673.202365593785
3017263,643.4647308925046
3019045,644.2651318360205
3020827,644.2651318360205
3022609,637.8142137429306
3024391,624.6176377390619
3026173,626.5986845822208
3027955,626.5986845822208
3001226,249.86789142678694
3003008,249.86789142678694
3004790,249.86789142678694
3006572,251.63896286475747
3008354,251.63896286475747
3010136,249.01586858015256
3011918,242.13279943625665
3013700,241.59897804204732
3015482,253.2123911937022
3017264,241.59897804204732
3019046,242.2721642949841
3020828,242.2721642949841
3022610,243.44240989415195
3024392,236.80893569283495
3026174,237.20765522926538
3027956,237.20765522926538
3001227,140.79333510357839
3003009,140.79333510357839
3004791,140.79333510357839
3006573,142.56440654154892
3008355,142.56440654154892
3010137,142.0836851804749
3011919,139.6183792538114
3013701,139.08455785960209
3015483,151.979551983269
3017265,139.08455785960209
3019047,139.75774411253886
3020829,139.75774411253886
3022611,140.92798971170672
3024393,141.46784550912105
3026175,141.69471774673022
3027957,141.69471774673022
3001228,32.66138052682357
3003010,32.66138052682357
3004792,32.66138052682357
3006574,34.13853904098227
3008356,34.13853904098227
3010138,33.15608762923719
3011920,32.73552409932046
3013702,32.20170270511112
3015484,35.40373030122856
3017266,32.20170270511112
3019048,32.580976034236045
3020830,32.580976034236045
3022612,33.24949158273284
3024394,34.63823080199555
3026176,34.663803031589055
3027958,34.663803031589055
3001229,25.72857007087224
3003011,25.72857007087224
3004793,25.72857007087224
3006575,27.205728585030947
3008357,27.205728585030947
3010139,23.994537002113624
3011921,23.573973472196887
3013703,23.0583044239149
3015485,24.893429457169272
3017267,23.0583044239149
3019049,23.437577753039825
3020831,23.437577753039825
3022613,28.67951626114424
3024395,30.06825548040696
3026177,30.111980055927816
3027959,30.111980055927816
3001230,2238.1603474939575
3003012,2223.8196259187202
3004794,2223.8196259187202
3006576,2341.442828185499
3008358,2309.0427026693237
3010140,2238.1951106643764
3011922,2154.1666524824923
3013704,2153.775178864284
3015486,2246.240501883101
3017268,2102.679102906467
3019050,2126.7317630276043
3020832,2148.6540050003096
3022614,2128.0303105103503
3024396,2150.3007104821063
3026178,2143.428415715944
3027960,2129.087694140707
3001231,4.367269970974328
3003013,4.367269970974328
3004795,4.367269970974328
3006577,5.844428485133028
3008359,5.844428485133028
3010141,5.093864445347406
3011923,4.6733009154306675
3013705,3.9075921492618724
3015487,5.935769548470726
3017269,3.9075921492618724
3019051,4.286865478386797
3020833,4.286865478386797
3022615,5.1872683988430515
3024397,6.5760076181057645
3026179,5.954675171844688
3027961,5.954675171844688
3001232,2.828430031659491
3003014,2.828430031659491
3004796,2.828430031659491
3006578,4.305588545818188
3008360,4.305588545818188
3010142,3.555024506032566
3011924,3.1344609761158284
3013706,2.3687522099470346
3015488,4.396929609155889
3017270,2.3687522099470346
3019052,2.7480255390719606
3020834,2.7480255390719606
3022616,3.648428459528212
3024398,5.037167678790926
3026180,4.415835232529852
3027962,4.415835232529852
3001233,15.819552290572744
3003015,15.819552290572744
3004797,15.819552290572744
3006579,17.296710804731443
3008361,17.296710804731443
3010143,16.546146764945817
3011925,16.12558323502908
3013707,15.359874468860289
3015489,17.388051868069144
3017271,15.359874468860289
3019053,15.739147797985217
3020835,15.739147797985217
3022617,16.639550718441463
3024399,18.02828993770418
3026181,17.821974795338228
3027963,17.821974795338228
3001234,1.7242611225662134
3003016,1.7242611225662134
3004798,1.7242611225662134
3006580,3.2014196367249137
3008362,3.2014196367249137
3010144,2.4508555969392884
3011926,2.0302920670225526
3013708,1.2645833008537575
3015490,3.2927607000626136
3017272,1.2645833008537575
3019054,1.643856629978684
3020836,1.643856629978684
3022618,2.5442595504349352
3024400,3.9329987696976514
3026182,3.3116663234365764
3027964,3.3116663234365764
3001235,-0.7932642672086996
3003017,-0.7932642672086996
3004799,-0.7932642672086996
3006581,0.6838942469500009
3008363,0.6838942469500009
3010145,-0.0857640607193698
3011927,-0.5063275906361064
3013709,-1.2529420889211558
3015491,-0.3413453054551442
3017273,-1.2529420889211558
3019055,-0.8736687597962285
3020837,-0.8736687597962285
3022619,0.007639892776276705
3024401,0.36088768566608015
3026183,-0.24135049271124936
3027965,-0.24135049271124936
3001236,152.89414262809788
3003018,152.89414262809788
3004800,152.89414262809788
3006582,154.66521406606842
3008364,154.66521406606842
3010146,154.1844927049944
3011928,150.40484744694191
3013710,149.8710260527326
3015492,161.3909752403287
3017274,149.8710260527326
3019056,150.54421230566936
3020838,150.54421230566936
3022620,151.71445790483722
3024402,152.25431370225155
3026184,152.48118593986072
3027966,152.48118593986072
3001237,7.969815899873139
3003019,7.969815899873139
3004801,7.969815899873139
3006583,9.44697441403184
3008365,9.44697441403184
3010147,8.696410374246218
3011929,8.27584684432948
3013711,7.51013807816068
3015493,9.538315477369538
3017275,7.51013807816068
3019057,7.88941140728561
3020839,7.88941140728561
3022621,8.789814327741865
3024403,10.17855354700458
3026185,9.557221100743503
3027967,9.557221100743503
3001238,-0.7932642672086996
3003020,-0.7932642672086996
3004802,-0.7932642672086996
3006584,0.6838942469500009
3008366,0.6838942469500009
3010148,-0.0857640607193698
3011930,-0.5063275906361064
3013712,-1.2529420889211558
3015494,-0.3413453054551442
3017276,-1.2529420889211558
3019058,-0.8736687597962285
3020840,-0.8736687597962285
3022622,0.007639892776276705
3024404,0.36088768566608015
3026186,-0.24135049271124936
3027968,-0.24135049271124936
3001239,4.8123132613255
3003021,4.8123132613255
3004803,4.8123132613255
3006585,6.2894717754842
3008367,6.2894717754842
3010149,5.538907735698578
3011931,5.118344205781839
3013713,4.352635439613043
3015495,6.380812838821899
3017277,4.352635439613043
3019059,4.73190876873797
3020841,4.73190876873797
3022623,5.632311689194223
3024405,7.021050908456937
3026187,6.399718462195861
3027969,6.399718462195861
3001240,8.089600148708552
3003022,8.089600148708552
3004804,8.089600148708552
3006586,9.755949599509968
3008368,9.755949599509968
3010150,8.816194623081628
3011932,8.39563109316489
3013714,7.62992232699609
3015496,9.65809972620495
3017278,7.62992232699609
3019060,8.19838659276374
3020842,8.19838659276374
3022624,8.909598576577276
3024406,10.29833779583999
3026188,9.677005349578913
3027970,9.677005349578913
3001241,-0.668295126470759
3003023,-0.668295126470759
3004805,-0.668295126470759
3006587,0.998054324330659
3008369,0.998054324330659
3010151,0.03920508001857076
3011933,-0.3813584498981658
3013715,-1.127972948183215
3015497,-0.21637616471720356
3017279,-1.127972948183215
3019061,-0.5595086824155704
3020843,-0.5595086824155704
3022625,0.13260903351421732
3024407,0.4858568264040207
3026189,-0.11638135197330894
3027971,-0.11638135197330894
3001242,78.17335651021394
3003024,78.17335651021394
3004806,78.17335651021394
3006588,79.94442794818445
3008370,79.94442794818445
3010152,78.66806361262758
3011934,78.24750008271083
3013716,77.71367868850149
3015498,85.37147326242815
3017280,77.71367868850149
3019062,78.38686494143823
3020844,78.38686494143823
3022626,78.76146756612323
3024408,80.15020678538593
3026190,80.17577901497944
3027972,80.17577901497944
3001243,148.91909458665216
3003025,148.91909458665216
3004807,148.91909458665216
3006589,150.6901660246227
3008371,150.6901660246227
3010153,150.20944466354868
3011935,146.4297994054962
3013717,145.89597801128687
3015499,159.77811415672386
3017281,145.89597801128687
3019063,146.56916426422364
3020845,146.56916426422364
3022627,147.7394098633915
3024409,148.27926566080583
3026191,148.506137898415
3027973,148.506137898415
3001244,1.263140095008718
3003026,1.263140095008718
3004808,1.263140095008718
3006590,2.929489545810135
3008372,2.929489545810135
3010154,1.9706403014980498
3011936,1.5500767715813129
3013718,0.8034622732962611
3015500,2.211031481697249
3017282,0.8034622732962611
3019064,1.3719265390639064
3020846,1.3719265390639064
3022628,2.0640442549936964
3024410,2.887390654581982
3026192,2.2851524762046505
3027974,2.2851524762046505
3001245,1.263140095008718
3003027,1.263140095008718
3004809,1.263140095008718
3006591,2.929489545810135
3008373,2.929489545810135
3010155,1.9706403014980498
3011937,1.5500767715813129
3013719,0.8034622732962611
3015501,2.211031481697249
3017283,0.8034622732962611
3019065,1.3719265390639064
3020847,1.3719265390639064
3022629,2.0640442549936964
3024411,2.887390654581982
3026193,2.2851524762046505
3027975,2.2851524762046505
3001246,54.34285981905589
3003028,54.34285981905589
3004810,54.34285981905589
3006592,56.00920926985731
3008374,56.00920926985731
3010156,54.83756692146951
3011938,54.417003391552775
3013720,53.883181997343435
3015502,57.08520959346088
3017284,53.883181997343435
3019066,54.45164626311108
3020848,54.45164626311108
3022630,54.930970874965155
3024412,56.319710094227865
3026194,56.34528232382137
3027976,56.34528232382137
3001247,31.57936253367763
3003029,31.57936253367763
3004811,31.57936253367763
3006593,33.24571198447906
3008375,33.24571198447906
3010157,32.07406963609126
3011939,31.653506106174518
3013721,31.119684711965174
3015503,34.32171230808263
3017285,31.119684711965174
3019067,31.68814897773283
3020849,31.68814897773283
3022631,32.167473589586905
3024413,33.556212808849615
3026195,33.58178503844312
3027977,33.58178503844312
3001248,272.29930494289914
3003030,272.29930494289914
3004812,272.29930494289914
3006594,274.0703763808697
3008376,274.0703763808697
3010158,271.4472820962648
3011940,262.41326464389164
3013722,261.8794432496823
3015504,274.61405354708364
3017286,261.8794432496823
3019068,261.76428181115904
3020850,261.76428181115904
3022632,263.722875101787
3024414,255.83823418955077
3026196,256.23695372598104
3027978,256.23695372598104
3001249,-0.8127208316656138
3003031,-0.8127208316656138
3004813,-0.8127208316656138
3006595,0.8536286191358038
3008377,0.8536286191358038
3010159,-0.10522062517628424
3011941,-0.5257841550930209
3013723,-1.2723986533780702
3015505,-0.3608018699120585
3017287,-1.2723986533780702
3019069,-0.7039343876104254
3020851,-0.7039343876104254
3022633,-0.011816671680637748
3024415,0.3414311212091657
3026197,-0.26080705716816394
3027979,-0.26080705716816394
3001250,6.800351815823778
3003032,6.800351815823778
3004814,6.800351815823778
3006596,8.466701266625199
3008378,8.466701266625199
3010160,7.526946290196856
3011942,7.106382760280119
3013724,6.340673994111321
3015506,8.36885139332018
3017288,6.340673994111321
3019070,6.909138259878966
3020852,6.909138259878966
3022634,7.620350243692503
3024416,9.00908946295522
3026198,8.387757016694144
3027980,8.387757016694144
3001284,0.26744242273659746
3003066,0.26744242273659746
3004848,0.26744242273659746
3006630,1.7446009368952982
3008412,1.7446009368952982
3010194,0.9749426292259269
3011976,0.5543790993091906
3013758,-0.19223539897585917
3015540,0.5263090185356698
3017322,-0.19223539897585917
3019104,0.18703793014906867
3020886,0.18703793014906867
3022668,1.0683465827215737
3024450,1.4215943756113771
3026232,0.8193561972340472
3028014,0.8193561972340472
3001285,0.26744242273659746
3003067,0.26744242273659746
3004849,0.26744242273659746
3006631,1.7446009368952982
3008413,1.7446009368952982
3010195,0.9749426292259269
3011977,0.5543790993091906
3013759,-0.19223539897585917
3015541,0.5263090185356698
3017323,-0.19223539897585917
3019105,0.18703793014906867
3020887,0.18703793014906867
3022669,1.0683465827215737
3024451,1.4215943756113771
3026233,0.8193561972340472
3028015,0.8193561972340472
3001286,0.26744242273659746
3003068,0.26744242273659746
3004850,0.26744242273659746
3006632,1.7446009368952982
3008414,1.7446009368952982
3010196,0.9749426292259269
3011978,0.5543790993091906
3013760,-0.19223539897585917
3015542,0.5263090185356698
3017324,-0.19223539897585917
3019106,0.18703793014906867
3020888,0.18703793014906867
3022670,1.0683465827215737
3024452,1.4215943756113771
3026234,0.8193561972340472
3028016,0.8193561972340472
3001287,3.0307069447056914
3003069,3.0307069447056914
3004851,3.0307069447056914
3006633,4.507865458864389
3008415,4.507865458864389
3010197,3.7382071511950192
3011979,3.317643621278284
3013761,2.571029122993235
3015543,3.2895735405047644
3017325,2.571029122993235
3019107,2.9503024521181627
3020889,2.9503024521181627
3022671,3.8316111046906673
3024453,4.1848588975804715
3026235,3.582620719203141
3028017,3.582620719203141
3001288,-0.3238314117904682
3003070,-0.3238314117904682
3004852,-0.3238314117904682
3006634,1.1533271023682332
3008416,1.1533271023682332
3010198,0.3836687946988621
3011980,-0.036894735217874314
3013762,-0.7835092335029249
3015544,-0.06496481599139557
3017326,-0.7835092335029249
3019108,-0.40423590437799695
3020890,-0.40423590437799695
3022672,0.47707274819450846
3024454,0.8303205410843119
3026236,0.22808236270698168
3028018,0.22808236270698168
3001289,-0.3238314117904682
3003071,-0.3238314117904682
3004853,-0.3238314117904682
3006635,1.1533271023682332
3008417,1.1533271023682332
3010199,0.3836687946988621
3011981,-0.036894735217874314
3013763,-0.7835092335029249
3015545,-0.06496481599139557
3017327,-0.7835092335029249
3019109,-0.40423590437799695
3020891,-0.40423590437799695
3022673,0.47707274819450846
3024455,0.8303205410843119
3026237,0.22808236270698168
3028019,0.22808236270698168
3001290,-0.3238314117904682
3003072,-0.3238314117904682
3004854,-0.3238314117904682
3006636,1.1533271023682332
3008418,1.1533271023682332
3010200,0.3836687946988621
3011982,-0.036894735217874314
3013764,-0.7835092335029249
3015546,-0.06496481599139557
3017328,-0.7835092335029249
3019110,-0.40423590437799695
3020892,-0.40423590437799695
3022674,0.47707274819450846
3024456,0.8303205410843119
3026238,0.22808236270698168
3028020,0.22808236270698168
3001291,1.501189786413473
3003073,1.501189786413473
3004855,1.501189786413473
3006637,2.9783483005721734
3008419,2.9783483005721734
3010201,2.2086899929028045
3011983,1.788126462986069
3013765,1.0415119647010165
3015547,1.7600563822125455
3017329,1.0415119647010165
3019111,1.4207852938259438
3020893,1.4207852938259438
3022675,2.3020939463984518
3024457,2.655341739288255
3026239,2.053103560910923
3028021,2.053103560910923
3001292,1.501189786413473
3003074,1.501189786413473
3004856,1.501189786413473
3006638,2.9783483005721734
3008420,2.9783483005721734
3010202,2.2086899929028045
3011984,1.788126462986069
3013766,1.0415119647010165
3015548,1.7600563822125455
3017330,1.0415119647010165
3019112,1.4207852938259438
3020894,1.4207852938259438
3022676,2.3020939463984518
3024458,2.655341739288255
3026240,2.053103560910923
3028022,2.053103560910923
3001293,1.3401657933428257
3003075,1.3401657933428257
3004857,1.3401657933428257
3006639,2.817324307501526
3008421,2.817324307501526
3010203,2.0476659998321574
3011985,1.6271024699154213
3013767,0.8804879716303693
3015549,1.5990323891418978
3017331,0.8804879716303693
3019113,1.2597613007552961
3020895,1.2597613007552961
3022677,2.1410699533278046
3024459,2.494317746217608
3026241,1.892079567840276
3028023,1.892079567840276
3001294,1.3401657933428257
3003076,1.3401657933428257
3004858,1.3401657933428257
3006640,2.817324307501526
3008422,2.817324307501526
3010204,2.0476659998321574
3011986,1.6271024699154213
3013768,0.8804879716303693
3015550,1.5990323891418978
3017332,0.8804879716303693
3019114,1.2597613007552961
3020896,1.2597613007552961
3022678,2.1410699533278046
3024460,2.494317746217608
3026242,1.892079567840276
3028024,1.892079567840276
3001295,2.540231808820946
3003077,2.540231808820946
3004859,2.540231808820946
3006641,4.017390322979644
3008423,4.017390322979644
3010205,1.037144190065391
3011987,0.6165806601486546
3013769,-0.13003383813639632
3015551,0.5885105793751316
3017333,-0.13003383813639632
3019115,0.24923949098853004
3020897,0.24923949098853004
3022679,5.722123449096009
3024461,6.075371241985812
3026243,5.473133063608481
3028025,5.473133063608481
3001296,42.6936278552235
3003078,42.6936278552235
3004860,42.6936278552235
3006642,44.1707863693822
3008424,44.1707863693822
3010206,37.59393603738927
3011988,37.173372507472536
3013770,36.42675800918748
3015552,37.14530242669901
3017334,36.42675800918748
3019116,36.80603133831241
3020898,36.80603133831241
3022680,42.27891529641989
3024462,42.63216308930969
3026244,42.02992491093236
3028026,42.02992491093236
3001297,0.028017106605982042
3003079,0.028017106605982042
3004861,0.028017106605982042
3006643,1.505175620764683
3008425,1.505175620764683
3010207,0.7355173130953117
3011989,0.3149537831785756
3013771,-0.4316607151064746
3015553,0.47993606835953745
3017335,-0.4316607151064746
3019117,-0.05238738598154647
3020899,-0.05238738598154647
3022681,0.8289212665909582
3024463,1.182169059480762
3026245,0.5799308811034319
3028027,0.5799308811034319
3001298,-0.7932642672086996
3003080,-0.7932642672086996
3004862,-0.7932642672086996
3006644,0.6838942469500009
3008426,0.6838942469500009
3010208,-0.0857640607193698
3011990,-0.5063275906361064
3013772,-1.2529420889211558
3015554,-0.3413453054551442
3017336,-1.2529420889211558
3019118,-0.8736687597962285
3020900,-0.8736687597962285
3022682,0.007639892776276705
3024464,0.36088768566608015
3026246,-0.24135049271124936
3028028,-0.24135049271124936
3001299,-0.7932642672086996
3003081,-0.7932642672086996
3004863,-0.7932642672086996
3006645,0.6838942469500009
3008427,0.6838942469500009
3010209,-0.0857640607193698
3011991,-0.5063275906361064
3013773,-1.2529420889211558
3015555,-0.3413453054551442
3017337,-1.2529420889211558
3019119,-0.8736687597962285
3020901,-0.8736687597962285
3022683,0.007639892776276705
3024465,0.36088768566608015
3026247,-0.24135049271124936
3028029,-0.24135049271124936
3001300,-0.7932642672086996
3003082,-0.7932642672086996
3004864,-0.7932642672086996
3006646,0.6838942469500009
3008428,0.6838942469500009
3010210,-0.0857640607193698
3011992,-0.5063275906361064
3013774,-1.2529420889211558
3015556,-0.3413453054551442
3017338,-1.2529420889211558
3019120,-0.8736687597962285
3020902,-0.8736687597962285
3022684,0.007639892776276705
3024466,0.36088768566608015
3026248,-0.24135049271124936
3028030,-0.24135049271124936
3001301,-0.7932642672086996
3003083,-0.7932642672086996
3004865,-0.7932642672086996
3006647,0.6838942469500009
3008429,0.6838942469500009
3010211,-0.0857640607193698
3011993,-0.5063275906361064
3013775,-1.2529420889211558
3015557,-0.3413453054551442
3017339,-1.2529420889211558
3019121,-0.8736687597962285
3020903,-0.8736687597962285
3022685,0.007639892776276705
3024467,0.36088768566608015
3026249,-0.24135049271124936
3028031,-0.24135049271124936
3001302,-0.7932642672086996
3003084,-0.7932642672086996
3004866,-0.7932642672086996
3006648,0.6838942469500009
3008430,0.6838942469500009
3010212,-0.0857640607193698
3011994,-0.5063275906361064
3013776,-1.2529420889211558
3015558,-0.3413453054551442
3017340,-1.2529420889211558
3019122,-0.8736687597962285
3020904,-0.8736687597962285
3022686,0.007639892776276705
3024468,0.36088768566608015
3026250,-0.24135049271124936
3028032,-0.24135049271124936
3001303,-0.7932642672086996
3003085,-0.7932642672086996
3004867,-0.7932642672086996
3006649,0.6838942469500009
3008431,0.6838942469500009
3010213,-0.0857640607193698
3011995,-0.5063275906361064
3013777,-1.2529420889211558
3015559,-0.3413453054551442
3017341,-1.2529420889211558
3019123,-0.8736687597962285
3020905,-0.8736687597962285
3022687,0.007639892776276705
3024469,0.36088768566608015
3026251,-0.24135049271124936
3028033,-0.24135049271124936
3001304,-0.7932642672086996
3003086,-0.7932642672086996
3004868,-0.7932642672086996
3006650,0.6838942469500009
3008432,0.6838942469500009
3010214,-0.0857640607193698
3011996,-0.5063275906361064
3013778,-1.2529420889211558
3015560,-0.3413453054551442
3017342,-1.2529420889211558
3019124,-0.8736687597962285
3020906,-0.8736687597962285
3022688,0.007639892776276705
3024470,0.36088768566608015
3026252,-0.24135049271124936
3028034,-0.24135049271124936
3001305,-0.7932642672086996
3003087,-0.7932642672086996
3004869,-0.7932642672086996
3006651,0.6838942469500009
3008433,0.6838942469500009
3010215,-0.0857640607193698
3011997,-0.5063275906361064
3013779,-1.2529420889211558
3015561,-0.3413453054551442
3017343,-1.2529420889211558
3019125,-0.8736687597962285
3020907,-0.8736687597962285
3022689,0.007639892776276705
3024471,0.36088768566608015
3026253,-0.24135049271124936
3028035,-0.24135049271124936
3001306,-0.668295126470759
3003088,-0.668295126470759
3004870,-0.668295126470759
3006652,0.998054324330659
3008434,0.998054324330659
3010216,0.03920508001857076
3011998,-0.3813584498981658
3013780,-1.127972948183215
3015562,-0.21637616471720356
3017344,-1.127972948183215
3019126,-0.5595086824155704
3020908,-0.5595086824155704
3022690,0.13260903351421732
3024472,0.4858568264040207
3026254,-0.11638135197330894
3028036,-0.11638135197330894
3001307,-0.668295126470759
3003089,-0.668295126470759
3004871,-0.668295126470759
3006653,0.998054324330659
3008435,0.998054324330659
3010217,0.03920508001857076
3011999,-0.3813584498981658
3013781,-1.127972948183215
3015563,-0.21637616471720356
3017345,-1.127972948183215
3019127,-0.5595086824155704
3020909,-0.5595086824155704
3022691,0.13260903351421732
3024473,0.4858568264040207
3026255,-0.11638135197330894
3028037,-0.11638135197330894
3001308,-0.668295126470759
3003090,-0.668295126470759
3004872,-0.668295126470759
3006654,0.998054324330659
3008436,0.998054324330659
3010218,0.03920508001857076
3012000,-0.3813584498981658
3013782,-1.127972948183215
3015564,-0.21637616471720356
3017346,-1.127972948183215
3019128,-0.5595086824155704
3020910,-0.5595086824155704
3022692,0.13260903351421732
3024474,0.4858568264040207
3026256,-0.11638135197330894
3028038,-0.11638135197330894
3001309,-0.668295126470759
3003091,-0.668295126470759
3004873,-0.668295126470759
3006655,0.998054324330659
3008437,0.998054324330659
3010219,0.03920508001857076
3012001,-0.3813584498981658
3013783,-1.127972948183215
3015565,-0.21637616471720356
3017347,-1.127972948183215
3019129,-0.5595086824155704
3020911,-0.5595086824155704
3022693,0.13260903351421732
3024475,0.4858568264040207
3026257,-0.11638135197330894
3028039,-0.11638135197330894
3001310,-0.668295126470759
3003092,-0.668295126470759
3004874,-0.668295126470759
3006656,0.998054324330659
3008438,0.998054324330659
3010220,0.03920508001857076
3012002,-0.3813584498981658
3013784,-1.127972948183215
3015566,-0.21637616471720356
3017348,-1.127972948183215
3019130,-0.5595086824155704
3020912,-0.5595086824155704
3022694,0.13260903351421732
3024476,0.4858568264040207
3026258,-0.11638135197330894
3028040,-0.11638135197330894
3001311,-0.668295126470759
3003093,-0.668295126470759
3004875,-0.668295126470759
3006657,0.998054324330659
3008439,0.998054324330659
3010221,0.03920508001857076
3012003,-0.3813584498981658
3013785,-1.127972948183215
3015567,-0.21637616471720356
3017349,-1.127972948183215
3019131,-0.5595086824155704
3020913,-0.5595086824155704
3022695,0.13260903351421732
3024477,0.4858568264040207
3026259,-0.11638135197330894
3028041,-0.11638135197330894
3001312,-0.668295126470759
3003094,-0.668295126470759
3004876,-0.668295126470759
3006658,0.998054324330659
3008440,0.998054324330659
3010222,0.03920508001857076
3012004,-0.3813584498981658
3013786,-1.127972948183215
3015568,-0.21637616471720356
3017350,-1.127972948183215
3019132,-0.5595086824155704
3020914,-0.5595086824155704
3022696,0.13260903351421732
3024478,0.4858568264040207
3026260,-0.11638135197330894
3028042,-0.11638135197330894
3001313,-0.8127208316656138
3003095,-0.8127208316656138
3004877,-0.8127208316656138
3006659,0.8536286191358038
3008441,0.8536286191358038
3010223,-0.10522062517628424
3012005,-0.5257841550930209
3013787,-1.2723986533780702
3015569,-0.3608018699120585
3017351,-1.2723986533780702
3019133,-0.7039343876104254
3020915,-0.7039343876104254
3022697,-0.011816671680637748
3024479,0.3414311212091657
3026261,-0.26080705716816394
3028043,-0.26080705716816394
3001314,-0.8127208316656138
3003096,-0.8127208316656138
3004878,-0.8127208316656138
3006660,0.8536286191358038
3008442,0.8536286191358038
3010224,-0.10522062517628424
3012006,-0.5257841550930209
3013788,-1.2723986533780702
3015570,-0.3608018699120585
3017352,-1.2723986533780702
3019134,-0.7039343876104254
3020916,-0.7039343876104254
3022698,-0.011816671680637748
3024480,0.3414311212091657
3026262,-0.26080705716816394
3028044,-0.26080705716816394
3001315,-0.8127208316656138
3003097,-0.8127208316656138
3004879,-0.8127208316656138
3006661,0.8536286191358038
3008443,0.8536286191358038
3010225,-0.10522062517628424
3012007,-0.5257841550930209
3013789,-1.2723986533780702
3015571,-0.3608018699120585
3017353,-1.2723986533780702
3019135,-0.7039343876104254
3020917,-0.7039343876104254
3022699,-0.011816671680637748
3024481,0.3414311212091657
3026263,-0.26080705716816394
3028045,-0.26080705716816394
3001316,-0.8127208316656138
3003098,-0.8127208316656138
3004880,-0.8127208316656138
3006662,0.8536286191358038
3008444,0.8536286191358038
3010226,-0.10522062517628424
3012008,-0.5257841550930209
3013790,-1.2723986533780702
3015572,-0.3608018699120585
3017354,-1.2723986533780702
3019136,-0.7039343876104254
3020918,-0.7039343876104254
3022700,-0.011816671680637748
3024482,0.3414311212091657
3026264,-0.26080705716816394
3028046,-0.26080705716816394
3001317,0.26744242273659746
3003099,0.26744242273659746
3004881,0.26744242273659746
3006663,1.7446009368952982
3008445,1.7446009368952982
3010227,0.9749426292259269
3012009,0.5543790993091906
3013791,-0.19223539897585917
3015573,0.5263090185356698
3017355,-0.19223539897585917
3019137,0.18703793014906867
3020919,0.18703793014906867
3022701,1.0683465827215737
3024483,1.4215943756113771
3026265,0.8193561972340472
3028047,0.8193561972340472
3001318,0.26744242273659746
3003100,0.26744242273659746
3004882,0.26744242273659746
3006664,1.7446009368952982
3008446,1.7446009368952982
3010228,0.9749426292259269
3012010,0.5543790993091906
3013792,-0.19223539897585917
3015574,0.5263090185356698
3017356,-0.19223539897585917
3019138,0.18703793014906867
3020920,0.18703793014906867
3022702,1.0683465827215737
3024484,1.4215943756113771
3026266,0.8193561972340472
3028048,0.8193561972340472
3001319,0.26744242273659746
3003101,0.26744242273659746
3004883,0.26744242273659746
3006665,1.7446009368952982
3008447,1.7446009368952982
3010229,0.9749426292259269
3012011,0.5543790993091906
3013793,-0.19223539897585917
3015575,0.5263090185356698
3017357,-0.19223539897585917
3019139,0.18703793014906867
3020921,0.18703793014906867
3022703,1.0683465827215737
3024485,1.4215943756113771
3026267,0.8193561972340472
3028049,0.8193561972340472
3001320,3.0307069447056914
3003102,3.0307069447056914
3004884,3.0307069447056914
3006666,4.507865458864389
3008448,4.507865458864389
3010230,3.7382071511950192
3012012,3.317643621278284
3013794,2.571029122993235
3015576,3.2895735405047644
3017358,2.571029122993235
3019140,2.9503024521181627
3020922,2.9503024521181627
3022704,3.8316111046906673
3024486,4.1848588975804715
3026268,3.582620719203141
3028050,3.582620719203141
3001321,-0.3238314117904682
3003103,-0.3238314117904682
3004885,-0.3238314117904682
3006667,1.1533271023682332
3008449,1.1533271023682332
3010231,0.3836687946988621
3012013,-0.036894735217874314
3013795,-0.7835092335029249
3015577,-0.06496481599139557
3017359,-0.7835092335029249
3019141,-0.40423590437799695
3020923,-0.40423590437799695
3022705,0.47707274819450846
3024487,0.8303205410843119
3026269,0.22808236270698168
3028051,0.22808236270698168
3001322,-0.3238314117904682
3003104,-0.3238314117904682
3004886,-0.3238314117904682
3006668,1.1533271023682332
3008450,1.1533271023682332
3010232,0.3836687946988621
3012014,-0.036894735217874314
3013796,-0.7835092335029249
3015578,-0.06496481599139557
3017360,-0.7835092335029249
3019142,-0.40423590437799695
3020924,-0.40423590437799695
3022706,0.47707274819450846
3024488,0.8303205410843119
3026270,0.22808236270698168
3028052,0.22808236270698168
3001323,-0.3238314117904682
3003105,-0.3238314117904682
3004887,-0.3238314117904682
3006669,1.1533271023682332
3008451,1.1533271023682332
3010233,0.3836687946988621
3012015,-0.036894735217874314
3013797,-0.7835092335029249
3015579,-0.06496481599139557
3017361,-0.7835092335029249
3019143,-0.40423590437799695
3020925,-0.40423590437799695
3022707,0.47707274819450846
3024489,0.8303205410843119
3026271,0.22808236270698168
3028053,0.22808236270698168
3001324,1.501189786413473
3003106,1.501189786413473
3004888,1.501189786413473
3006670,2.9783483005721734
3008452,2.9783483005721734
3010234,2.2086899929028045
3012016,1.788126462986069
3013798,1.0415119647010165
3015580,1.7600563822125455
3017362,1.0415119647010165
3019144,1.4207852938259438
3020926,1.4207852938259438
3022708,2.3020939463984518
3024490,2.655341739288255
3026272,2.053103560910923
3028054,2.053103560910923
3001325,1.501189786413473
3003107,1.501189786413473
3004889,1.501189786413473
3006671,2.9783483005721734
3008453,2.9783483005721734
3010235,2.2086899929028045
3012017,1.788126462986069
3013799,1.0415119647010165
3015581,1.7600563822125455
3017363,1.0415119647010165
3019145,1.4207852938259438
3020927,1.4207852938259438
3022709,2.3020939463984518
3024491,2.655341739288255
3026273,2.053103560910923
3028055,2.053103560910923
3001326,1.3401657933428257
3003108,1.3401657933428257
3004890,1.3401657933428257
3006672,2.817324307501526
3008454,2.817324307501526
3010236,2.0476659998321574
3012018,1.6271024699154213
3013800,0.8804879716303693
3015582,1.5990323891418978
3017364,0.8804879716303693
3019146,1.2597613007552961
3020928,1.2597613007552961
3022710,2.1410699533278046
3024492,2.494317746217608
3026274,1.892079567840276
3028056,1.892079567840276
3001327,1.3401657933428257
3003109,1.3401657933428257
3004891,1.3401657933428257
3006673,2.817324307501526
3008455,2.817324307501526
3010237,2.0476659998321574
3012019,1.6271024699154213
3013801,0.8804879716303693
3015583,1.5990323891418978
3017365,0.8804879716303693
3019147,1.2597613007552961
3020929,1.2597613007552961
3022711,2.1410699533278046
3024493,2.494317746217608
3026275,1.892079567840276
3028057,1.892079567840276
3001328,2.540231808820946
3003110,2.540231808820946
3004892,2.540231808820946
3006674,4.017390322979644
3008456,4.017390322979644
3010238,1.037144190065391
3012020,0.6165806601486546
3013802,-0.13003383813639632
3015584,0.5885105793751316
3017366,-0.13003383813639632
3019148,0.24923949098853004
3020930,0.24923949098853004
3022712,5.722123449096009
3024494,6.075371241985812
3026276,5.473133063608481
3028058,5.473133063608481
3001329,42.6936278552235
3003111,42.6936278552235
3004893,42.6936278552235
3006675,44.1707863693822
3008457,44.1707863693822
3010239,37.59393603738927
3012021,37.173372507472536
3013803,36.42675800918748
3015585,37.14530242669901
3017367,36.42675800918748
3019149,36.80603133831241
3020931,36.80603133831241
3022713,42.27891529641989
3024495,42.63216308930969
3026277,42.02992491093236
3028059,42.02992491093236
3001330,0.028017106605982042
3003112,0.028017106605982042
3004894,0.028017106605982042
3006676,1.505175620764683
3008458,1.505175620764683
3010240,0.7355173130953117
3012022,0.3149537831785756
3013804,-0.4316607151064746
3015586,0.47993606835953745
3017368,-0.4316607151064746
3019150,-0.05238738598154647
3020932,-0.05238738598154647
3022714,0.8289212665909582
3024496,1.182169059480762
3026278,0.5799308811034319
3028060,0.5799308811034319
3001331,-0.7932642672086996
3003113,-0.7932642672086996
3004895,-0.7932642672086996
3006677,0.6838942469500009
3008459,0.6838942469500009
3010241,-0.0857640607193698
3012023,-0.5063275906361064
3013805,-1.2529420889211558
3015587,-0.3413453054551442
3017369,-1.2529420889211558
3019151,-0.8736687597962285
3020933,-0.8736687597962285
3022715,0.007639892776276705
3024497,0.36088768566608015
3026279,-0.24135049271124936
3028061,-0.24135049271124936
3001332,-0.7932642672086996
3003114,-0.7932642672086996
3004896,-0.7932642672086996
3006678,0.6838942469500009
3008460,0.6838942469500009
3010242,-0.0857640607193698
3012024,-0.5063275906361064
3013806,-1.2529420889211558
3015588,-0.3413453054551442
3017370,-1.2529420889211558
3019152,-0.8736687597962285
3020934,-0.8736687597962285
3022716,0.007639892776276705
3024498,0.36088768566608015
3026280,-0.24135049271124936
3028062,-0.24135049271124936
3001333,-0.7932642672086996
3003115,-0.7932642672086996
3004897,-0.7932642672086996
3006679,0.6838942469500009
3008461,0.6838942469500009
3010243,-0.0857640607193698
3012025,-0.5063275906361064
3013807,-1.2529420889211558
3015589,-0.3413453054551442
3017371,-1.2529420889211558
3019153,-0.8736687597962285
3020935,-0.8736687597962285
3022717,0.007639892776276705
3024499,0.36088768566608015
3026281,-0.24135049271124936
3028063,-0.24135049271124936
3001334,-0.7932642672086996
3003116,-0.7932642672086996
3004898,-0.7932642672086996
3006680,0.6838942469500009
3008462,0.6838942469500009
3010244,-0.0857640607193698
3012026,-0.5063275906361064
3013808,-1.2529420889211558
3015590,-0.3413453054551442
3017372,-1.2529420889211558
3019154,-0.8736687597962285
3020936,-0.8736687597962285
3022718,0.007639892776276705
3024500,0.36088768566608015
3026282,-0.24135049271124936
3028064,-0.24135049271124936
3001335,-0.7932642672086996
3003117,-0.7932642672086996
3004899,-0.7932642672086996
3006681,0.6838942469500009
3008463,0.6838942469500009
3010245,-0.0857640607193698
3012027,-0.5063275906361064
3013809,-1.2529420889211558
3015591,-0.3413453054551442
3017373,-1.2529420889211558
3019155,-0.8736687597962285
3020937,-0.8736687597962285
3022719,0.007639892776276705
3024501,0.36088768566608015
3026283,-0.24135049271124936
3028065,-0.24135049271124936
3001336,-0.7932642672086996
3003118,-0.7932642672086996
3004900,-0.7932642672086996
3006682,0.6838942469500009
3008464,0.6838942469500009
3010246,-0.0857640607193698
3012028,-0.5063275906361064
3013810,-1.2529420889211558
3015592,-0.3413453054551442
3017374,-1.2529420889211558
3019156,-0.8736687597962285
3020938,-0.8736687597962285
3022720,0.007639892776276705
3024502,0.36088768566608015
3026284,-0.24135049271124936
3028066,-0.24135049271124936
3001337,-0.7932642672086996
3003119,-0.7932642672086996
3004901,-0.7932642672086996
3006683,0.6838942469500009
3008465,0.6838942469500009
3010247,-0.0857640607193698
3012029,-0.5063275906361064
3013811,-1.2529420889211558
3015593,-0.3413453054551442
3017375,-1.2529420889211558
3019157,-0.8736687597962285
3020939,-0.8736687597962285
3022721,0.007639892776276705
3024503,0.36088768566608015
3026285,-0.24135049271124936
3028067,-0.24135049271124936
3001338,-0.7932642672086996
3003120,-0.7932642672086996
3004902,-0.7932642672086996
3006684,0.6838942469500009
3008466,0.6838942469500009
3010248,-0.0857640607193698
3012030,-0.5063275906361064
3013812,-1.2529420889211558
3015594,-0.3413453054551442
3017376,-1.2529420889211558
3019158,-0.8736687597962285
3020940,-0.8736687597962285
3022722,0.007639892776276705
3024504,0.36088768566608015
3026286,-0.24135049271124936
3028068,-0.24135049271124936
3001339,-0.668295126470759
3003121,-0.668295126470759
3004903,-0.668295126470759
3006685,0.998054324330659
3008467,0.998054324330659
3010249,0.03920508001857076
3012031,-0.3813584498981658
3013813,-1.127972948183215
3015595,-0.21637616471720356
3017377,-1.127972948183215
3019159,-0.5595086824155704
3020941,-0.5595086824155704
3022723,0.13260903351421732
3024505,0.4858568264040207
3026287,-0.11638135197330894
3028069,-0.11638135197330894
3001340,-0.668295126470759
3003122,-0.668295126470759
3004904,-0.668295126470759
3006686,0.998054324330659
3008468,0.998054324330659
3010250,0.03920508001857076
3012032,-0.3813584498981658
3013814,-1.127972948183215
3015596,-0.21637616471720356
3017378,-1.127972948183215
3019160,-0.5595086824155704
3020942,-0.5595086824155704
3022724,0.13260903351421732
3024506,0.4858568264040207
3026288,-0.11638135197330894
3028070,-0.11638135197330894
3001341,-0.668295126470759
3003123,-0.668295126470759
3004905,-0.668295126470759
3006687,0.998054324330659
3008469,0.998054324330659
3010251,0.03920508001857076
3012033,-0.3813584498981658
3013815,-1.127972948183215
3015597,-0.21637616471720356
3017379,-1.127972948183215
3019161,-0.5595086824155704
3020943,-0.5595086824155704
3022725,0.13260903351421732
3024507,0.4858568264040207
3026289,-0.11638135197330894
3028071,-0.11638135197330894
3001342,-0.668295126470759
3003124,-0.668295126470759
3004906,-0.668295126470759
3006688,0.998054324330659
3008470,0.998054324330659
3010252,0.03920508001857076
3012034,-0.3813584498981658
3013816,-1.127972948183215
3015598,-0.21637616471720356
3017380,-1.127972948183215
3019162,-0.5595086824155704
3020944,-0.5595086824155704
3022726,0.13260903351421732
3024508,0.4858568264040207
3026290,-0.11638135197330894
3028072,-0.11638135197330894
3001343,-0.668295126470759
3003125,-0.668295126470759
3004907,-0.668295126470759
3006689,0.998054324330659
3008471,0.998054324330659
3010253,0.03920508001857076
3012035,-0.3813584498981658
3013817,-1.127972948183215
3015599,-0.21637616471720356
3017381,-1.127972948183215
3019163,-0.5595086824155704
3020945,-0.5595086824155704
3022727,0.13260903351421732
3024509,0.4858568264040207
3026291,-0.11638135197330894
3028073,-0.11638135197330894
3001344,-0.668295126470759
3003126,-0.668295126470759
3004908,-0.668295126470759
3006690,0.998054324330659
3008472,0.998054324330659
3010254,0.03920508001857076
3012036,-0.3813584498981658
3013818,-1.127972948183215
3015600,-0.21637616471720356
3017382,-1.127972948183215
3019164,-0.5595086824155704
3020946,-0.5595086824155704
3022728,0.13260903351421732
3024510,0.4858568264040207
3026292,-0.11638135197330894
3028074,-0.11638135197330894
3001345,-0.668295126470759
3003127,-0.668295126470759
3004909,-0.668295126470759
3006691,0.998054324330659
3008473,0.998054324330659
3010255,0.03920508001857076
3012037,-0.3813584498981658
3013819,-1.127972948183215
3015601,-0.21637616471720356
3017383,-1.127972948183215
3019165,-0.5595086824155704
3020947,-0.5595086824155704
3022729,0.13260903351421732
3024511,0.4858568264040207
3026293,-0.11638135197330894
3028075,-0.11638135197330894
3001346,-0.8127208316656138
3003128,-0.8127208316656138
3004910,-0.8127208316656138
3006692,0.8536286191358038
3008474,0.8536286191358038
3010256,-0.10522062517628424
3012038,-0.5257841550930209
3013820,-1.2723986533780702
3015602,-0.3608018699120585
3017384,-1.2723986533780702
3019166,-0.7039343876104254
3020948,-0.7039343876104254
3022730,-0.011816671680637748
3024512,0.3414311212091657
3026294,-0.26080705716816394
3028076,-0.26080705716816394
3001347,-0.8127208316656138
3003129,-0.8127208316656138
3004911,-0.8127208316656138
3006693,0.8536286191358038
3008475,0.8536286191358038
3010257,-0.10522062517628424
3012039,-0.5257841550930209
3013821,-1.2723986533780702
3015603,-0.3608018699120585
3017385,-1.2723986533780702
3019167,-0.7039343876104254
3020949,-0.7039343876104254
3022731,-0.011816671680637748
3024513,0.3414311212091657
3026295,-0.26080705716816394
3028077,-0.26080705716816394
3001348,-0.8127208316656138
3003130,-0.8127208316656138
3004912,-0.8127208316656138
3006694,0.8536286191358038
3008476,0.8536286191358038
3010258,-0.10522062517628424
3012040,-0.5257841550930209
3013822,-1.2723986533780702
3015604,-0.3608018699120585
3017386,-1.2723986533780702
3019168,-0.7039343876104254
3020950,-0.7039343876104254
3022732,-0.011816671680637748
3024514,0.3414311212091657
3026296,-0.26080705716816394
3028078,-0.26080705716816394
3001349,-0.8127208316656138
3003131,-0.8127208316656138
3004913,-0.8127208316656138
3006695,0.8536286191358038
3008477,0.8536286191358038
3010259,-0.10522062517628424
3012041,-0.5257841550930209
3013823,-1.2723986533780702
3015605,-0.3608018699120585
3017387,-1.2723986533780702
3019169,-0.7039343876104254
3020951,-0.7039343876104254
3022733,-0.011816671680637748
3024515,0.3414311212091657
3026297,-0.26080705716816394
3028079,-0.26080705716816394
3001350,0.26744242273659746
3003132,0.26744242273659746
3004914,0.26744242273659746
3006696,1.7446009368952982
3008478,1.7446009368952982
3010260,0.9749426292259269
3012042,0.5543790993091906
3013824,-0.19223539897585917
3015606,0.5263090185356698
3017388,-0.19223539897585917
3019170,0.18703793014906867
3020952,0.18703793014906867
3022734,1.0683465827215737
3024516,1.4215943756113771
3026298,0.8193561972340472
3028080,0.8193561972340472
3001351,0.26744242273659746
3003133,0.26744242273659746
3004915,0.26744242273659746
3006697,1.7446009368952982
3008479,1.7446009368952982
3010261,0.9749426292259269
3012043,0.5543790993091906
3013825,-0.19223539897585917
3015607,0.5263090185356698
3017389,-0.19223539897585917
3019171,0.18703793014906867
3020953,0.18703793014906867
3022735,1.0683465827215737
3024517,1.4215943756113771
3026299,0.8193561972340472
3028081,0.8193561972340472
3001352,0.26744242273659746
3003134,0.26744242273659746
3004916,0.26744242273659746
3006698,1.7446009368952982
3008480,1.7446009368952982
3010262,0.9749426292259269
3012044,0.5543790993091906
3013826,-0.19223539897585917
3015608,0.5263090185356698
3017390,-0.19223539897585917
3019172,0.18703793014906867
3020954,0.18703793014906867
3022736,1.0683465827215737
3024518,1.4215943756113771
3026300,0.8193561972340472
3028082,0.8193561972340472
3001353,3.0307069447056914
3003135,3.0307069447056914
3004917,3.0307069447056914
3006699,4.507865458864389
3008481,4.507865458864389
3010263,3.7382071511950192
3012045,3.317643621278284
3013827,2.571029122993235
3015609,3.2895735405047644
3017391,2.571029122993235
3019173,2.9503024521181627
3020955,2.9503024521181627
3022737,3.8316111046906673
3024519,4.1848588975804715
3026301,3.582620719203141
3028083,3.582620719203141
3001354,-0.3238314117904682
3003136,-0.3238314117904682
3004918,-0.3238314117904682
3006700,1.1533271023682332
3008482,1.1533271023682332
3010264,0.3836687946988621
3012046,-0.036894735217874314
3013828,-0.7835092335029249
3015610,-0.06496481599139557
3017392,-0.7835092335029249
3019174,-0.40423590437799695
3020956,-0.40423590437799695
3022738,0.47707274819450846
3024520,0.8303205410843119
3026302,0.22808236270698168
3028084,0.22808236270698168
3001355,-0.3238314117904682
3003137,-0.3238314117904682
3004919,-0.3238314117904682
3006701,1.1533271023682332
3008483,1.1533271023682332
3010265,0.3836687946988621
3012047,-0.036894735217874314
3013829,-0.7835092335029249
3015611,-0.06496481599139557
3017393,-0.7835092335029249
3019175,-0.40423590437799695
3020957,-0.40423590437799695
3022739,0.47707274819450846
3024521,0.8303205410843119
3026303,0.22808236270698168
3028085,0.22808236270698168
3001356,-0.3238314117904682
3003138,-0.3238314117904682
3004920,-0.3238314117904682
3006702,1.1533271023682332
3008484,1.1533271023682332
3010266,0.3836687946988621
3012048,-0.036894735217874314
3013830,-0.7835092335029249
3015612,-0.06496481599139557
3017394,-0.7835092335029249
3019176,-0.40423590437799695
3020958,-0.40423590437799695
3022740,0.47707274819450846
3024522,0.8303205410843119
3026304,0.22808236270698168
3028086,0.22808236270698168
3001357,1.501189786413473
3003139,1.501189786413473
3004921,1.501189786413473
3006703,2.9783483005721734
3008485,2.9783483005721734
3010267,2.2086899929028045
3012049,1.788126462986069
3013831,1.0415119647010165
3015613,1.7600563822125455
3017395,1.0415119647010165
3019177,1.4207852938259438
3020959,1.4207852938259438
3022741,2.3020939463984518
3024523,2.655341739288255
3026305,2.053103560910923
3028087,2.053103560910923
3001358,1.501189786413473
3003140,1.501189786413473
3004922,1.501189786413473
3006704,2.9783483005721734
3008486,2.9783483005721734
3010268,2.2086899929028045
3012050,1.788126462986069
3013832,1.0415119647010165
3015614,1.7600563822125455
3017396,1.0415119647010165
3019178,1.4207852938259438
3020960,1.4207852938259438
3022742,2.3020939463984518
3024524,2.655341739288255
3026306,2.053103560910923
3028088,2.053103560910923
3001359,1.3401657933428257
3003141,1.3401657933428257
3004923,1.3401657933428257
3006705,2.817324307501526
3008487,2.817324307501526
3010269,2.0476659998321574
3012051,1.6271024699154213
3013833,0.8804879716303693
3015615,1.5990323891418978
3017397,0.8804879716303693
3019179,1.2597613007552961
3020961,1.2597613007552961
3022743,2.1410699533278046
3024525,2.494317746217608
3026307,1.892079567840276
3028089,1.892079567840276
3001360,1.3401657933428257
3003142,1.3401657933428257
3004924,1.3401657933428257
3006706,2.817324307501526
3008488,2.817324307501526
3010270,2.0476659998321574
3012052,1.6271024699154213
3013834,0.8804879716303693
3015616,1.5990323891418978
3017398,0.8804879716303693
3019180,1.2597613007552961
3020962,1.2597613007552961
3022744,2.1410699533278046
3024526,2.494317746217608
3026308,1.892079567840276
3028090,1.892079567840276
3001361,2.540231808820946
3003143,2.540231808820946
3004925,2.540231808820946
3006707,4.017390322979644
3008489,4.017390322979644
3010271,1.037144190065391
3012053,0.6165806601486546
3013835,-0.13003383813639632
3015617,0.5885105793751316
3017399,-0.13003383813639632
3019181,0.24923949098853004
3020963,0.24923949098853004
3022745,5.722123449096009
3024527,6.075371241985812
3026309,5.473133063608481
3028091,5.473133063608481
3001362,42.6936278552235
3003144,42.6936278552235
3004926,42.6936278552235
3006708,44.1707863693822
3008490,44.1707863693822
3010272,37.59393603738927
3012054,37.173372507472536
3013836,36.42675800918748
3015618,37.14530242669901
3017400,36.42675800918748
3019182,36.80603133831241
3020964,36.80603133831241
3022746,42.27891529641989
3024528,42.63216308930969
3026310,42.02992491093236
3028092,42.02992491093236
3001363,0.028017106605982042
3003145,0.028017106605982042
3004927,0.028017106605982042
3006709,1.505175620764683
3008491,1.505175620764683
3010273,0.7355173130953117
3012055,0.3149537831785756
3013837,-0.4316607151064746
3015619,0.47993606835953745
3017401,-0.4316607151064746
3019183,-0.05238738598154647
3020965,-0.05238738598154647
3022747,0.8289212665909582
3024529,1.182169059480762
3026311,0.5799308811034319
3028093,0.5799308811034319
3001364,-0.7932642672086996
3003146,-0.7932642672086996
3004928,-0.7932642672086996
3006710,0.6838942469500009
3008492,0.6838942469500009
3010274,-0.0857640607193698
3012056,-0.5063275906361064
3013838,-1.2529420889211558
3015620,-0.3413453054551442
3017402,-1.2529420889211558
3019184,-0.8736687597962285
3020966,-0.8736687597962285
3022748,0.007639892776276705
3024530,0.36088768566608015
3026312,-0.24135049271124936
3028094,-0.24135049271124936
3001365,-0.7932642672086996
3003147,-0.7932642672086996
3004929,-0.7932642672086996
3006711,0.6838942469500009
3008493,0.6838942469500009
3010275,-0.0857640607193698
3012057,-0.5063275906361064
3013839,-1.2529420889211558
3015621,-0.3413453054551442
3017403,-1.2529420889211558
3019185,-0.8736687597962285
3020967,-0.8736687597962285
3022749,0.007639892776276705
3024531,0.36088768566608015
3026313,-0.24135049271124936
3028095,-0.24135049271124936
3001366,-0.7932642672086996
3003148,-0.7932642672086996
3004930,-0.7932642672086996
3006712,0.6838942469500009
3008494,0.6838942469500009
3010276,-0.0857640607193698
3012058,-0.5063275906361064
3013840,-1.2529420889211558
3015622,-0.3413453054551442
3017404,-1.2529420889211558
3019186,-0.8736687597962285
3020968,-0.8736687597962285
3022750,0.007639892776276705
3024532,0.36088768566608015
3026314,-0.24135049271124936
3028096,-0.24135049271124936
3001367,-0.7932642672086996
3003149,-0.7932642672086996
3004931,-0.7932642672086996
3006713,0.6838942469500009
3008495,0.6838942469500009
3010277,-0.0857640607193698
3012059,-0.5063275906361064
3013841,-1.2529420889211558
3015623,-0.3413453054551442
3017405,-1.2529420889211558
3019187,-0.8736687597962285
3020969,-0.8736687597962285
3022751,0.007639892776276705
3024533,0.36088768566608015
3026315,-0.24135049271124936
3028097,-0.24135049271124936
3001368,-0.7932642672086996
3003150,-0.7932642672086996
3004932,-0.7932642672086996
3006714,0.6838942469500009
3008496,0.6838942469500009
3010278,-0.0857640607193698
3012060,-0.5063275906361064
3013842,-1.2529420889211558
3015624,-0.3413453054551442
3017406,-1.2529420889211558
3019188,-0.8736687597962285
3020970,-0.8736687597962285
3022752,0.007639892776276705
3024534,0.36088768566608015
3026316,-0.24135049271124936
3028098,-0.24135049271124936
3001369,-0.7932642672086996
3003151,-0.7932642672086996
3004933,-0.7932642672086996
3006715,0.6838942469500009
3008497,0.6838942469500009
3010279,-0.0857640607193698
3012061,-0.5063275906361064
3013843,-1.2529420889211558
3015625,-0.3413453054551442
3017407,-1.2529420889211558
3019189,-0.8736687597962285
3020971,-0.8736687597962285
3022753,0.007639892776276705
3024535,0.36088768566608015
3026317,-0.24135049271124936
3028099,-0.24135049271124936
3001370,-0.7932642672086996
3003152,-0.7932642672086996
3004934,-0.7932642672086996
3006716,0.6838942469500009
3008498,0.6838942469500009
3010280,-0.0857640607193698
3012062,-0.5063275906361064
3013844,-1.2529420889211558
3015626,-0.3413453054551442
3017408,-1.2529420889211558
3019190,-0.8736687597962285
3020972,-0.8736687597962285
3022754,0.007639892776276705
3024536,0.36088768566608015
3026318,-0.24135049271124936
3028100,-0.24135049271124936
3001371,-0.7932642672086996
3003153,-0.7932642672086996
3004935,-0.7932642672086996
3006717,0.6838942469500009
3008499,0.6838942469500009
3010281,-0.0857640607193698
3012063,-0.5063275906361064
3013845,-1.2529420889211558
3015627,-0.3413453054551442
3017409,-1.2529420889211558
3019191,-0.8736687597962285
3020973,-0.8736687597962285
3022755,0.007639892776276705
3024537,0.36088768566608015
3026319,-0.24135049271124936
3028101,-0.24135049271124936
3001372,-0.668295126470759
3003154,-0.668295126470759
3004936,-0.668295126470759
3006718,0.998054324330659
3008500,0.998054324330659
3010282,0.03920508001857076
3012064,-0.3813584498981658
3013846,-1.127972948183215
3015628,-0.21637616471720356
3017410,-1.127972948183215
3019192,-0.5595086824155704
3020974,-0.5595086824155704
3022756,0.13260903351421732
3024538,0.4858568264040207
3026320,-0.11638135197330894
3028102,-0.11638135197330894
3001373,-0.668295126470759
3003155,-0.668295126470759
3004937,-0.668295126470759
3006719,0.998054324330659
3008501,0.998054324330659
3010283,0.03920508001857076
3012065,-0.3813584498981658
3013847,-1.127972948183215
3015629,-0.21637616471720356
3017411,-1.127972948183215
3019193,-0.5595086824155704
3020975,-0.5595086824155704
3022757,0.13260903351421732
3024539,0.4858568264040207
3026321,-0.11638135197330894
3028103,-0.11638135197330894
3001374,-0.668295126470759
3003156,-0.668295126470759
3004938,-0.668295126470759
3006720,0.998054324330659
3008502,0.998054324330659
3010284,0.03920508001857076
3012066,-0.3813584498981658
3013848,-1.127972948183215
3015630,-0.21637616471720356
3017412,-1.127972948183215
3019194,-0.5595086824155704
3020976,-0.5595086824155704
3022758,0.13260903351421732
3024540,0.4858568264040207
3026322,-0.11638135197330894
3028104,-0.11638135197330894
3001375,-0.668295126470759
3003157,-0.668295126470759
3004939,-0.668295126470759
3006721,0.998054324330659
3008503,0.998054324330659
3010285,0.03920508001857076
3012067,-0.3813584498981658
3013849,-1.127972948183215
3015631,-0.21637616471720356
3017413,-1.127972948183215
3019195,-0.5595086824155704
3020977,-0.5595086824155704
3022759,0.13260903351421732
3024541,0.4858568264040207
3026323,-0.11638135197330894
3028105,-0.11638135197330894
3001376,-0.668295126470759
3003158,-0.668295126470759
3004940,-0.668295126470759
3006722,0.998054324330659
3008504,0.998054324330659
3010286,0.03920508001857076
3012068,-0.3813584498981658
3013850,-1.127972948183215
3015632,-0.21637616471720356
3017414,-1.127972948183215
3019196,-0.5595086824155704
3020978,-0.5595086824155704
3022760,0.13260903351421732
3024542,0.4858568264040207
3026324,-0.11638135197330894
3028106,-0.11638135197330894
3001377,-0.668295126470759
3003159,-0.668295126470759
3004941,-0.668295126470759
3006723,0.998054324330659
3008505,0.998054324330659
3010287,0.03920508001857076
3012069,-0.3813584498981658
3013851,-1.127972948183215
3015633,-0.21637616471720356
3017415,-1.127972948183215
3019197,-0.5595086824155704
3020979,-0.5595086824155704
3022761,0.13260903351421732
3024543,0.4858568264040207
3026325,-0.11638135197330894
3028107,-0.11638135197330894
3001378,-0.668295126470759
3003160,-0.668295126470759
3004942,-0.668295126470759
3006724,0.998054324330659
3008506,0.998054324330659
3010288,0.03920508001857076
3012070,-0.3813584498981658
3013852,-1.127972948183215
3015634,-0.21637616471720356
3017416,-1.127972948183215
3019198,-0.5595086824155704
3020980,-0.5595086824155704
3022762,0.13260903351421732
3024544,0.4858568264040207
3026326,-0.11638135197330894
3028108,-0.11638135197330894
3001379,-0.8127208316656138
3003161,-0.8127208316656138
3004943,-0.8127208316656138
3006725,0.8536286191358038
3008507,0.8536286191358038
3010289,-0.10522062517628424
3012071,-0.5257841550930209
3013853,-1.2723986533780702
3015635,-0.3608018699120585
3017417,-1.2723986533780702
3019199,-0.7039343876104254
3020981,-0.7039343876104254
3022763,-0.011816671680637748
3024545,0.3414311212091657
3026327,-0.26080705716816394
3028109,-0.26080705716816394
3001380,-0.8127208316656138
3003162,-0.8127208316656138
3004944,-0.8127208316656138
3006726,0.8536286191358038
3008508,0.8536286191358038
3010290,-0.10522062517628424
3012072,-0.5257841550930209
3013854,-1.2723986533780702
3015636,-0.3608018699120585
3017418,-1.2723986533780702
3019200,-0.7039343876104254
3020982,-0.7039343876104254
3022764,-0.011816671680637748
3024546,0.3414311212091657
3026328,-0.26080705716816394
3028110,-0.26080705716816394
3001381,-0.8127208316656138
3003163,-0.8127208316656138
3004945,-0.8127208316656138
3006727,0.8536286191358038
3008509,0.8536286191358038
3010291,-0.10522062517628424
3012073,-0.5257841550930209
3013855,-1.2723986533780702
3015637,-0.3608018699120585
3017419,-1.2723986533780702
3019201,-0.7039343876104254
3020983,-0.7039343876104254
3022765,-0.011816671680637748
3024547,0.3414311212091657
3026329,-0.26080705716816394
3028111,-0.26080705716816394
3001382,-0.8127208316656138
3003164,-0.8127208316656138
3004946,-0.8127208316656138
3006728,0.8536286191358038
3008510,0.8536286191358038
3010292,-0.10522062517628424
3012074,-0.5257841550930209
3013856,-1.2723986533780702
3015638,-0.3608018699120585
3017420,-1.2723986533780702
3019202,-0.7039343876104254
3020984,-0.7039343876104254
3022766,-0.011816671680637748
3024548,0.3414311212091657
3026330,-0.26080705716816394
3028112,-0.26080705716816394
3001383,2.4458902279637185
3003165,2.4458902279637185
3004947,2.4458902279637185
3006729,3.9230487421224183
3008511,3.9230487421224183
3010293,3.1533904344530486
3012075,2.732826904536313
3013857,1.9862124062512623
3015639,3.2007292486977663
3017421,1.9862124062512623
3019203,2.365485735376189
3020985,2.365485735376189
3022767,3.246794387948696
3024549,4.070140787536982
3026331,3.4679026091596503
3028113,3.4679026091596503
3001384,0.9422660043391878
3003166,0.9422660043391878
3004948,0.9422660043391878
3006730,2.419424518497889
3008512,2.419424518497889
3010294,1.6497662108285174
3012076,1.2292026809117813
3013858,0.48258818262673137
3015640,1.201132600138261
3017422,0.48258818262673137
3019204,0.8618615117516591
3020986,0.8618615117516591
3022768,1.7431701643241642
3024550,2.0964179572139674
3026332,1.4941797788366376
3028114,1.4941797788366376
3001385,2.4458902279637185
3003167,2.4458902279637185
3004949,2.4458902279637185
3006731,3.9230487421224183
3008513,3.9230487421224183
3010295,3.1533904344530486
3012077,2.732826904536313
3013859,1.9862124062512623
3015641,3.2007292486977663
3017423,1.9862124062512623
3019205,2.365485735376189
3020987,2.365485735376189
3022769,3.246794387948696
3024551,4.070140787536982
3026333,3.4679026091596503
3028115,3.4679026091596503
3001386,1311.247100246382
3003168,1311.247100246382
3004950,1311.247100246382
3006732,1357.9601159915837
3008514,1327.5101129926006
3010296,1317.0890554411237
3012078,1263.439890213582
3013860,1263.048416595374
3015642,1337.7138215003536
3017424,1234.9525538870582
3019206,1224.2332950296338
3020988,1248.1056595195316
3022770,1232.45238719553
3024552,1228.7196638656962
3026334,1212.2701849270686
3028116,1212.2701849270686
3001387,0.35099216981212245
3003169,0.35099216981212245
3004951,0.35099216981212245
3006733,1.8281506839708224
3008515,1.8281506839708224
3010297,1.0584923763014527
3012079,0.6379288463847163
3013861,-0.10868565190033451
3015643,0.6098587656111948
3017425,-0.10868565190033451
3019207,0.2705876772245936
3020989,0.2705876772245936
3022771,1.1518963297970992
3024553,1.5051441226869027
3026335,0.902905944309572
3028117,0.902905944309572
3001388,255.4792711602961
3003170,255.4792711602961
3004952,255.4792711602961
3006734,257.25034259826646
3008516,257.25034259826646
3010298,254.6272483136617
3012080,247.7441791697658
3013862,247.21035777555647
3015644,258.8237709272111
3017426,247.21035777555647
3019208,247.88354402849325
3020990,247.88354402849325
3022772,249.0537896276611
3024554,242.4203154263441
3026336,242.81903496277454
3028118,242.81903496277454
3001389,18.985705170552038
3003171,18.985705170552038
3004953,18.985705170552038
3006735,20.46286368471074
3008517,20.46286368471074
3010299,19.712299644925118
3012081,19.29173611500838
3013863,18.52602734883958
3015645,20.361152382093955
3017427,18.52602734883958
3019209,18.905300677964508
3020991,18.905300677964508
3022773,19.805703598420763
3024555,21.19444281768348
3026337,20.988127675317525
3028119,20.988127675317525
3001390,616.6961853236602
3003172,616.6961853236602
3004954,616.6961853236602
3006736,627.128757928522
3008518,627.128757928522
3010300,610.6208069125421
3012082,590.6197779087042
3013864,590.2283042904961
3015646,619.9659389917765
3017428,590.2283042904961
3019210,591.028705234012
3020992,591.028705234012
3022774,584.5777871409222
3024556,565.641024716012
3026338,567.6220715591709
3028120,567.6220715591709
3001391,498.3936356909111
3003173,498.3936356909111
3004955,498.3936356909111
3006737,509.10228802495635
3008519,509.10228802495635
3010301,492.4606050557942
3012083,472.4595760519564
3013865,471.92575465774706
3015647,501.71684494284716
3017429,471.92575465774706
3019211,476.45803795548426
3020993,476.45803795548426
3022775,472.33660761129755
3024557,453.3998451863876
3026339,455.23854425354523
3028121,455.23854425354523
3001392,109.88576824098173
3003174,109.88576824098173
3004956,109.88576824098173
3006738,111.65683967895225
3008520,111.65683967895225
3010302,110.38047534339537
3012084,109.95991181347863
3013866,109.42609041926929
3015648,118.12161907552058
3017430,109.42609041926929
3019212,110.09927667220603
3020994,110.09927667220603
3022776,110.47387929689103
3024558,113.26887871708203
3026340,113.29445094667554
3028122,113.29445094667554
3001393,48.45641876365291
3003175,48.45641876365291
3004957,48.45641876365291
3006739,49.933577277811615
3008521,49.933577277811615
3010303,48.95112586606653
3012085,48.5305623361498
3013867,47.99674094194046
3015649,51.198768538057905
3017431,47.99674094194046
3019213,48.37601427106539
3020995,48.37601427106539
3022777,49.04452981956218
3024559,50.43326903882489
3026341,50.4588412684184
3028123,50.4588412684184
3001394,49.65648477913103
3003176,49.65648477913103
3004958,49.65648477913103
3006740,51.13364329328973
3008522,51.13364329328973
3010304,47.94060405629976
3012086,47.52004052638303
3013868,46.98621913217369
3015650,50.18824672829113
3017432,46.98621913217369
3019214,47.365492461298615
3020996,47.365492461298615
3022778,52.62558331533038
3024560,54.01432253459309
3026342,54.0398947641866
3028124,54.0398947641866
3001395,1696.4592848097395
3003177,1682.1185632345023
3004959,1682.1185632345023
3006741,1758.546532554602
3008523,1726.1464070384266
3010305,1696.4940479801578
3012087,1623.158144420273
3013869,1622.766670802065
3015651,2026.4036298653266
3017433,1571.6705948442484
3019215,1569.0802981488298
3020997,1591.0025401215353
3022779,1588.1027250334923
3024561,1615.6662259921818
3026343,1599.2167470535542
3028125,1584.876025478317
3001396,35.679658392938265
3003178,35.679658392938265
3004960,35.679658392938265
3006742,37.15681690709697
3008524,37.15681690709697
3010306,36.174365495351886
3012088,35.75380196543515
3013870,35.21998057122581
3015652,38.42200816734326
3017434,35.21998057122581
3019216,35.59925390035074
3020998,35.59925390035074
3022780,36.26776944884753
3024562,37.65650866811024
3026344,37.68208089770375
3028126,37.68208089770375
3001397,-0.11844068560610864
3003179,-0.11844068560610864
3004961,-0.11844068560610864
3006743,1.3587178285525918
3008525,1.3587178285525918
3010307,0.5890595208832213
3012089,0.1684959909664846
3013871,-0.5781185073185654
3015653,0.3334782761474465
3017435,-0.5781185073185654
3019217,-0.1988451781936375
3020999,-0.1988451781936375
3022781,0.6824634743788677
3024563,1.035711267268671
3026345,0.43347308889134123
3028127,0.43347308889134123
3001398,8.532861790766392
3003180,8.532861790766392
3004962,8.532861790766392
3006744,10.01002030492509
3008526,10.01002030492509
3010308,9.259456265139468
3012090,8.83889273522273
3013872,8.073183969053934
3015654,10.10136136826279
3017436,8.073183969053934
3019218,8.452457298178862
3021000,8.452457298178862
3022782,9.352860218635115
3024564,10.741599437897829
3026346,10.120266991636752
3028128,10.120266991636752
3001399,2.287307013459464
3003181,2.287307013459464
3004963,2.287307013459464
3006745,3.7644655276181638
3008527,3.7644655276181638
3010309,3.0139014878325385
3012091,2.5933379579158027
3013873,1.8276291917470064
3015655,3.855806590955863
3017437,1.8276291917470064
3019219,2.206902520871935
3021001,2.206902520871935
3022783,3.1073054413281853
3024565,4.4960446605909
3026347,3.874712214329826
3028129,3.874712214329826
3001400,-0.11844068560610864
3003182,-0.11844068560610864
3004964,-0.11844068560610864
3006746,1.3587178285525918
3008528,1.3587178285525918
3010310,0.5890595208832213
3012092,0.1684959909664846
3013874,-0.5781185073185654
3015656,0.3334782761474465
3017438,-0.5781185073185654
3019220,-0.1988451781936375
3021002,-0.1988451781936375
3022784,0.6824634743788677
3024566,1.035711267268671
3026348,0.43347308889134123
3028130,0.43347308889134123
3001401,116.12651410732163
3003183,116.12651410732163
3004965,116.12651410732163
3006747,117.89758554529215
3008529,117.89758554529215
3010311,116.62122120973527
3012093,116.20065767981852
3013875,115.66683628560918
3015657,125.31713975976297
3017439,115.66683628560918
3019221,116.34002253854592
3021003,116.34002253854592
3022785,116.71462516323092
3024567,119.95978374481547
3026349,120.18665598242461
3028131,120.18665598242461
3001402,9.731970581945832
3003184,9.731970581945832
3004966,9.731970581945832
3006748,11.209129096104531
3008530,11.209129096104531
3010312,10.45856505631891
3012094,10.038001526402173
3013876,9.272292760233375
3015658,11.30047015944223
3017440,9.272292760233375
3019222,9.651566089358303
3021004,9.651566089358303
3022786,10.551969009814558
3024568,11.940708229077272
3026350,11.319375782816193
3028132,11.319375782816193
3001403,-0.11844068560610864
3003185,-0.11844068560610864
3004967,-0.11844068560610864
3006749,1.3587178285525918
3008531,1.3587178285525918
3010313,0.5890595208832213
3012095,0.1684959909664846
3013877,-0.5781185073185654
3015659,0.3334782761474465
3017441,-0.5781185073185654
3019223,-0.1988451781936375
3021005,-0.1988451781936375
3022787,0.6824634743788677
3024569,1.035711267268671
3026351,0.43347308889134123
3028133,0.43347308889134123
3001404,4.424936136148231
3003186,4.424936136148231
3004968,4.424936136148231
3006750,5.902094650306931
3008532,5.902094650306931
3010314,5.151530610521305
3012096,4.730967080604566
3013878,3.965258314435775
3015660,5.99343571364463
3017442,3.965258314435775
3019224,4.344531643560701
3021006,4.344531643560701
3022788,5.24493456401695
3024570,6.633673783279664
3026352,6.012341337018592
3028134,6.012341337018592
3001405,23.10215462316853
3003187,23.10215462316853
3004969,23.10215462316853
3006751,24.76850407396995
3008533,24.76850407396995
3010315,23.828749097541607
3012097,23.40818556762487
3013879,22.642476801456073
3015661,24.670654200664934
3017443,22.642476801456073
3019225,23.210941067223718
3021007,23.210941067223718
3022789,23.922153051037252
3024571,25.31089227029997
3026353,25.104577127934018
3028135,25.104577127934018
3001406,5.413321309099043
3003188,5.413321309099043
3004970,5.413321309099043
3006752,7.079670759900461
3008534,7.079670759900461
3010316,6.13991578347212
3012098,5.719352253555382
3013880,4.953643487386586
3015662,6.981820886595441
3017444,4.953643487386586
3019226,5.522107753154231
3021008,5.522107753154231
3022790,6.233319736967766
3024572,7.62205895623048
3026354,7.000726509969404
3028136,7.000726509969404
3001407,609.6039005366523
3003189,609.6039005366523
3004971,609.6039005366523
3006753,620.0364731415141
3008535,620.0364731415141
3010317,603.5285221255342
3012099,583.5274931216964
3013881,583.1360195034882
3015663,612.8736542047686
3017445,583.1360195034882
3019227,583.9364204470041
3021009,583.9364204470041
3022791,577.4855023539143
3024573,558.5487399290041
3026355,560.529786772163
3028137,560.529786772163
3001408,122.36273392833354
3003190,122.36273392833354
3004972,122.36273392833354
3006754,124.13380536630406
3008536,124.13380536630406
3010318,122.85744103074718
3012100,122.43687750083043
3013882,121.9030561066211
3015664,131.5533595807749
3017446,121.9030561066211
3019228,122.57624235955784
3021010,122.57624235955784
3022792,122.95084498424283
3024574,126.19600356582737
3026356,126.42287580343651
3028138,126.42287580343651
3001409,2.9102459265894653
3003191,2.9102459265894653
3004973,2.9102459265894653
3006755,4.576595377390882
3008537,4.576595377390882
3010319,3.6368404009625364
3012101,3.2162768710458005
3013883,2.450568104877009
3015665,4.478745504085863
3017447,2.450568104877009
3019229,3.0190323706446534
3021011,3.0190323706446534
3022793,3.7302443544581836
3024575,5.118983573720899
3026357,4.497651127459825
3028139,4.497651127459825
3001410,4.379861095503557
3003192,4.379861095503557
3004974,4.379861095503557
3006756,6.046210546304975
3008538,6.046210546304975
3010320,5.1064555698766325
3012102,4.685892039959894
3013884,3.9201832737911015
3015666,5.948360672999956
3017448,3.9201832737911015
3019230,4.488647539558745
3021012,4.488647539558745
3022794,5.199859523372278
3024576,6.588598742634992
3026358,5.967266296373918
3028140,5.967266296373918
3001411,368.78840837034755
3003193,368.78840837034755
3004975,368.78840837034755
3006757,377.9185706473072
3008539,377.9185706473072
3010321,366.28231551411704
3012103,351.8786523838434
3013885,351.3448309896341
3015667,377.84377613702077
3017449,351.3448309896341
3019231,354.29862423028567
3021013,354.29862423028567
3022795,351.7556839431846
3024577,342.04477583875916
3026359,343.8834749059168
3028141,343.8834749059168
3001412,54.9369507191014
3003194,54.9369507191014
3004976,54.9369507191014
3006758,56.603300169902816
3008540,56.603300169902816
3010322,55.43165782151502
3012104,55.01109429159828
3013886,54.47727289738894
3015668,58.69175365695559
3017450,54.47727289738894
3019232,55.04573716315659
3021014,55.04573716315659
3022796,55.52506177501066
3024578,56.91380099427337
3026360,56.93937322386688
3028142,56.93937322386688
3001413,1161.1475794092473
3003195,1161.1475794092473
3004977,1220.8443948246108
3006759,1268.9314541989982
3008541,1236.5313286828227
3010323,1166.9895346039891
3012105,1092.3949025770394
3013887,1092.0034289588314
3015669,1161.629163405528
3017451,1123.6043816658791
3019233,1114.2591664376403
3021015,1136.1814084103457
3022797,1061.4073995589874
3024579,1049.7607987071478
3026361,1033.3113197685202
3028143,1033.3113197685202
3001414,-0.13789725006302306
3003196,-0.13789725006302306
3004978,-0.13789725006302306
3006760,1.528452200738395
3008542,1.528452200738395
3010324,0.5696029564263069
3012106,0.14903942650957014
3013888,-0.5975750717754799
3015670,0.314021711690532
3017452,-0.5975750717754799
3019234,-0.029110806007834493
3021016,-0.029110806007834493
3022798,0.6630069099219532
3024580,1.0162547028117566
3026362,0.41401652443442677
3028144,0.41401652443442677
3001415,15.877337424587777
3003197,15.877337424587777
3004979,15.877337424587777
3006761,17.54368687538919
3008543,17.54368687538919
3010325,16.603931898960848
3012107,16.18336836904411
3013889,15.417659602875318
3015671,17.445837002084176
3017453,15.417659602875318
3019235,15.986123868642961
3021017,15.986123868642961
3022799,16.697335852456494
3024581,18.08607507171921
3026363,17.464742625458136
3028145,17.464742625458136
3001416,2.763080050405186
3003198,2.763080050405186
3004980,2.763080050405186
3006762,4.240238564563883
3008544,4.240238564563883
3010326,3.4896745247782617
3012108,3.0691109948615254
3013890,2.3034022286927294
3015672,4.138527261947103
3017454,2.3034022286927294
3019236,2.682675557817657
3021018,2.682675557817657
3022800,3.583078478273908
3024582,4.971817697536623
3026364,4.350485251275548
3028146,4.350485251275548
3001417,0.5615879677758743
3003199,0.5615879677758743
3004981,0.5615879677758743
3006763,2.038746481934575
3008545,2.038746481934575
3010327,1.269088174265204
3012109,0.8485246443484672
3013891,0.10191014606341776
3015673,0.8204545635749467
3017455,0.10191014606341776
3019237,0.48118347518834553
3021019,0.48118347518834553
3022801,1.3624921277608508
3024583,1.715739920650654
3026365,1.1135017422733242
3028147,1.1135017422733242
3001418,4.16193314450573
3003200,4.16193314450573
3004982,4.16193314450573
3006764,5.63909165866443
3008546,5.63909165866443
3010328,4.888527618878803
3012110,4.467964088962065
3013892,3.7022553227932744
3015674,5.537380356047647
3017456,3.7022553227932744
3019238,4.081528651918201
3021020,4.081528651918201
3022802,4.981931572374449
3024584,6.3706707916371625
3026366,5.749338345376092
3028148,5.749338345376092
3001419,2921.5174348359997
3003201,2826.2984978523823
3004983,2811.701291325603
3006765,3155.2010150150904
3008547,3175.6967089804934
3010329,2934.9885089759887
3012111,2814.358546999006
3013893,2794.6738202114448
3015675,2887.4315040882143
3017457,2671.0096477772954
3019239,2767.4841052056377
3021021,2847.994103443673
3022803,2731.5528795250557
3024585,2768.46281193697
3026367,2748.542638591419
3028149,2694.031235819528
3001420,-0.029685866751191198
3003202,-0.029685866751191198
3004984,-0.029685866751191198
3006766,1.4474726474075086
3008548,1.4474726474075086
3010330,0.6778143397381385
3012112,0.2572508098214028
3013894,-0.4893636884636482
3015676,0.22918072904788128
3017458,-0.4893636884636482
3019240,-0.11009035933872001
3021022,-0.11009035933872001
3022804,0.7712182932337854
3024586,1.1244660861235887
3026368,0.5222279077462587
3028150,0.5222279077462587
3001421,550.065138555581
3003203,550.065138555581
3004985,550.065138555581
3006767,558.6698953378963
3008549,558.6698953378963
3010331,544.1321079204641
3012113,524.1310789166263
3013895,523.597257522417
3015677,553.388347807517
3017459,523.597257522417
3019241,522.5698426433863
3021023,522.5698426433863
3022805,518.0890881488442
3024587,499.1523257239341
3026369,500.9910247910917
3028151,500.9910247910917
3001422,3.993533690471546
3003204,3.993533690471546
3004986,3.993533690471546
3006768,5.470692204630246
3008550,5.470692204630246
3010332,4.720128164844623
3012114,4.299564634927885
3013896,3.5338558687590913
3015678,5.368980902013463
3017460,3.5338558687590913
3019242,3.9131291978840173
3021024,3.9131291978840173
3022806,4.813532118340269
3024588,6.202271337602982
3026370,5.580938891341907
3028152,5.580938891341907
3001423,1396.2498470004805
3003205,1396.2498470004805
3004987,1396.2498470004805
3006769,1442.9628627456823
3008551,1412.5128597466992
3010333,1402.0918021952223
3012115,1348.4426369676805
3013897,1348.0511633494725
3015679,1436.9431382687721
3017461,1319.9553006411568
3019243,1309.2360417837324
3021025,1333.1084062736302
3022807,1317.4551339496286
3024589,1316.3431871548662
3026371,1299.8937082162386
3028153,1299.8937082162386
3001424,1062.6673155216156
3003206,1062.6673155216156
3004988,1062.6673155216156
3006770,1109.3803312668174
3008552,1078.9303282678343
3010334,1062.2783498886527
3012116,1009.6021633766208
3013898,1009.2106897584126
3015680,1076.9286200304505
3017462,989.2733548784734
3019244,978.5540960210493
3021026,1002.4264605109471
3022808,991.8400366014553
3024590,974.3054890303503
3026372,957.8560100917223
3028154,957.8560100917223
3001425,163.5462920185036
3003207,163.5462920185036
3004989,163.5462920185036
3006771,165.31736345647414
3008553,165.31736345647414
3010335,164.83664209540012
3012117,161.05699683734764
3013899,160.5231754431383
3015681,174.43023593324077
3017463,160.5231754431383
3019245,161.1963616960751
3021027,161.1963616960751
3022809,162.36660729524294
3024591,162.90646309265728
3026373,163.13333533026645
3028155,163.13333533026645
3001426,223.78568663343935
3003208,223.78568663343935
3004990,223.78568663343935
3006772,225.5567580714099
3008554,225.5567580714099
3010336,225.07603671033587
3012118,218.19296756643996
3013900,217.65914617223063
3015682,229.81619743493098
3017464,217.65914617223063
3019246,218.3323324251674
3021028,218.3323324251674
3022810,219.50257802433526
3024592,220.0424338217496
3026374,220.44115335818003
3028156,220.44115335818003
3001427,184.98188196890635
3003209,184.98188196890635
3004991,184.98188196890635
3006773,186.75295340687688
3008555,186.75295340687688
3010337,184.06164422055798
3012119,177.17857507666207
3013901,176.64475368245274
3015683,188.8018049451531
3017465,176.64475368245274
3019247,177.31793993538952
3021029,177.31793993538952
3022811,183.07976084009235
3024593,183.61961663750668
3026375,184.01833617393712
3028157,184.01833617393712
3001428,4090.1365527528533
3003210,3959.2977112548774
3004992,3944.700504728098
3006774,4355.870070311257
3008556,4376.36576427666
3010338,4084.331203919345
3012120,3932.6660237691285
3013902,3912.981296981567
3015684,4133.346371179513
3017466,3728.6254561355872
3019248,3881.802000235323
3021030,4126.068262676134
3022812,3844.475747883528
3024594,4123.030301223888
3026376,4118.9630606867495
3028158,4028.8317534005023
3001429,16.619077561331373
3003211,16.619077561331373
3004993,16.619077561331373
3006775,18.096236075490076
3008557,18.096236075490076
3010339,17.34567203570445
3012121,16.925108505787712
3013903,16.159399739618916
3015685,18.187577138827777
3017467,16.159399739618916
3019249,16.538673068743844
3021031,16.538673068743844
3022813,17.439075989200095
3024595,18.827815208462813
3026377,18.62150006609686
3028159,18.62150006609686
3001430,-0.4991187221694223
3003212,-0.4991187221694223
3004994,-0.4991187221694223
3006776,0.978039791989278
3008558,0.978039791989278
3010340,0.20838148431990777
3012122,-0.21218204559682902
3013904,-0.9587965438818791
3015686,-0.04719976041586705
3017468,-0.9587965438818791
3019250,-0.5795232147569513
3021032,-0.5795232147569513
3022814,0.30178543781555417
3024596,0.6550332307053575
3026378,0.052795052328027565
3028160,0.052795052328027565
3001431,21.902861940069155
3003213,21.902861940069155
3004995,21.902861940069155
3006777,23.380020454227857
3008559,23.380020454227857
3010341,22.37941669655543
3012123,21.958853166638693
3013905,21.443184118356697
3015687,23.47136151756556
3017469,21.443184118356697
3019251,21.822457447481625
3021033,21.822457447481625
3022815,22.472820650051077
3024597,23.861559869313794
3026379,23.905284444834642
3028161,23.905284444834642
3001432,5.106458806364778
3003214,5.106458806364778
3004996,5.106458806364778
3006778,6.583617320523477
3008560,6.583617320523477
3010342,5.833053280737855
3012124,5.412489750821116
3013906,4.64678098465232
3015688,6.674958383861176
3017470,4.64678098465232
3019252,5.026054313777247
3021034,5.026054313777247
3022816,5.9264572342335
3024598,7.315196453496214
3026380,6.693864007235138
3028162,6.693864007235138
3001433,-0.4991187221694223
3003215,-0.4991187221694223
3004997,-0.4991187221694223
3006779,0.978039791989278
3008561,0.978039791989278
3010343,0.20838148431990777
3012125,-0.21218204559682902
3013907,-0.9587965438818791
3015689,-0.04719976041586705
3017471,-0.9587965438818791
3019253,-0.5795232147569513
3021035,-0.5795232147569513
3022817,0.30178543781555417
3024599,0.6550332307053575
3026381,0.052795052328027565
3028163,0.052795052328027565
3001434,274.6335471226397
3003216,274.6335471226397
3004998,274.6335471226397
3006780,276.40461856061023
3008562,276.40461856061023
3010344,273.78152427600537
3012126,264.7475068236322
3013908,264.21368542942287
3015690,276.9482957268242
3017472,264.21368542942287
3019254,264.09852399089965
3021036,264.09852399089965
3022818,266.05711728152755
3024600,258.17247636929113
3026382,258.57119590572154
3028164,258.57119590572154
3001435,16.113697835612022
3003217,16.113697835612022
3004999,16.113697835612022
3006781,17.590856349770725
3008563,17.590856349770725
3010345,16.8402923099851
3012127,16.41972878006836
3013909,15.65402001389957
3015691,17.682197413108426
3017473,15.65402001389957
3019255,16.033293343024493
3021037,16.033293343024493
3022819,16.933696263480744
3024601,18.32243548274346
3026383,18.11612034037751
3028165,18.11612034037751
3001436,31.92769037169491
3003218,31.92769037169491
3005000,31.92769037169491
3006782,33.40484888585362
3008564,33.40484888585362
3010346,32.422397474108536
3012128,32.0018339441918
3013910,31.46801254998245
3015692,34.67004014609991
3017474,31.46801254998245
3019256,31.84728587910739
3021038,31.84728587910739
3022820,32.51580142760418
3024602,33.90454064686689
3026384,33.9301128764604
3028166,33.9301128764604
3001437,2.0184066676054906
3003219,2.0184066676054906
3005001,2.0184066676054906
3006783,3.4955651817641904
3008565,3.4955651817641904
3010347,2.745001141978565
3012129,2.3244376120618293
3013911,1.5587288458930333
3015693,3.586906245101891
3017475,1.5587288458930333
3019257,1.9380021750179615
3021039,1.9380021750179615
3022821,2.838405095474212
3024603,4.227144314736928
3026385,3.6058118684758536
3028167,3.6058118684758536
3001438,76.4835107217949
3003220,76.4835107217949
3005002,76.4835107217949
3006784,78.25458215976542
3008566,78.25458215976542
3010348,76.97821782420854
3012130,76.5576542942918
3013912,76.02383290008245
3015694,83.6816274740091
3017476,76.02383290008245
3019258,76.6970191530192
3021040,76.6970191530192
3022822,77.0716217777042
3024604,78.4603609969669
3026386,78.4859332265604
3028168,78.4859332265604
3001439,-0.37414958143148197
3003221,-0.37414958143148197
3005003,-0.37414958143148197
3006785,1.2921998693699364
3008567,1.2921998693699364
3010349,0.33335062505784824
3012131,-0.08721290485888854
3013913,-0.8338274031439388
3015695,0.0777693803220733
3017477,-0.8338274031439388
3019259,-0.2653631373762934
3021041,-0.2653631373762934
3022823,0.42675457855349463
3024605,0.7800023714432981
3026387,0.17776419306596788
3028169,0.17776419306596788
3001440,402.2697731470094
3003222,402.2697731470094
3005004,402.2697731470094
3006786,409.29532116369796
3008568,409.29532116369796
3010350,399.7636802907789
3012132,385.36001716050527
3013914,384.82619576629594
3015696,409.2205266534115
3017478,384.82619576629594
3019260,385.6753747466765
3021042,385.6753747466765
3022824,385.2370487198464
3024606,381.7034350477672
3026388,383.5421341149248
3028170,383.5421341149248
3001441,306.27619001778356
3003223,306.27619001778356
3005005,306.27619001778356
3006787,315.4063522947432
3008569,315.4063522947432
3010351,301.7564454470654
3012133,289.3664340312794
3013915,288.8326126370701
3015697,315.3315577844568
3017479,288.8326126370701
3019261,291.78640587772173
3021043,291.78640587772173
3022825,290.6760444891748
3024607,283.0108281113282
3026389,284.8495271784858
3028171,284.8495271784858
3001442,12.509691502785154
3003224,12.509691502785154
3005006,12.509691502785154
3006788,14.17604095358657
3008570,14.17604095358657
3010352,13.236285977158229
3012134,12.815722447241491
3013916,12.050013681072697
3015698,14.07819108028155
3017480,12.050013681072697
3019262,12.618477946840342
3021044,12.618477946840342
3022826,13.329689930653876
3024608,14.718429149916592
3026390,14.097096703655515
3028172,14.097096703655515
3001443,17.598394210727275
3003225,17.598394210727275
3005007,17.598394210727275
3006789,19.264743661528694
3008571,19.264743661528694
3010353,18.32498868510035
3012135,17.904425155183613
3013917,17.138716389014817
3015699,19.16689378822368
3017481,17.138716389014817
3019263,17.707180654782462
3021045,17.707180654782462
3022827,18.418392638595996
3024609,19.807131857858714
3026391,19.600816715492762
3028173,19.600816715492762
3001444,632.938993238481
3003226,632.938993238481
3005008,632.938993238481
3006790,646.8502237327995
3008572,646.8502237327995
3010354,626.8636148273629
3012136,606.862585823525
3013918,606.4711122053169
3015700,638.3133611668684
3017482,606.4711122053169
3019264,610.7501710382895
3021046,610.7501710382895
3022828,600.820595055743
3024610,579.1848088236196
3026392,581.1658556667785
3028174,581.1658556667785
3001445,160.6637399871544
3003227,160.6637399871544
3005009,160.6637399871544
3006791,162.43481142512493
3008573,162.43481142512493
3010355,161.95409006405092
3012137,158.17444480599843
3013919,157.6406234117891
3015701,171.54768390189156
3017483,157.6406234117891
3019265,158.31380966472588
3021047,158.31380966472588
3022829,159.48405526389374
3024611,160.02391106130807
3026393,160.25078329891724
3028175,160.25078329891724
3001446,3912.851960596645
3003228,3765.1951302652665
3005010,3750.597923738487
3006792,4412.719811287748
3008574,4526.0603230468905
3010356,4054.4608841759496
3012138,3790.529944906308
3013920,3844.2711109983848
3015702,4688.0624982534355
3017484,3594.6575674719484
3019266,3894.9394156298163
3021048,4484.8627384126185
3022830,4127.669620601946
3024612,4171.9065849490835
3026394,4167.839344411945
3028176,4060.8900482922886
3001447,-0.5185752866263368
3003229,-0.5185752866263368
3005011,-0.5185752866263368
3006793,1.1477741641750812
3008575,1.1477741641750812
3010357,0.1889249198629933
3012139,-0.23163861005374342
3013921,-0.9782531083387935
3015703,-0.0666563248727815
3017485,-0.9782531083387935
3019267,-0.4097888425711482
3021049,-0.4097888425711482
3022831,0.2823288733586397
3024613,0.635576666248443
3026395,0.033338487871113105
3028177,0.033338487871113105
3001448,49.87094916016572
3003230,49.87094916016572
3005012,49.87094916016572
3006794,51.53729861096714
3008576,51.53729861096714
3010358,50.36565626257934
3012140,49.94509273266261
3013922,49.41127133845327
3015704,52.613298934570714
3017486,49.41127133845327
3019268,49.97973560422091
3021050,49.97973560422091
3022832,50.45906021607499
3024614,51.8477994353377
3026396,51.873371664931206
3028178,51.873371664931206
3001449,3.444374579005576
3003231,3.444374579005576
3005013,3.444374579005576
3006795,4.921533093164276
3008577,4.921533093164276
3010359,4.170969053378653
3012141,3.7504055234619167
3013923,2.98469675729312
3015705,4.8198217905474925
3017487,2.98469675729312
3019269,3.3639700864180457
3021051,3.3639700864180457
3022833,4.264373006874298
3024615,5.653112226137012
3026397,5.0317797798759365
3028179,5.0317797798759365
3001450,0.5615879677758743
3003232,0.5615879677758743
3005014,0.5615879677758743
3006796,2.038746481934575
3008578,2.038746481934575
3010360,1.269088174265204
3012142,0.8485246443484672
3013924,0.10191014606341776
3015706,0.8204545635749467
3017488,0.10191014606341776
3019270,0.48118347518834553
3021052,0.48118347518834553
3022834,1.3624921277608508
3024616,1.715739920650654
3026398,1.1135017422733242
3028180,1.1135017422733242
3001451,4.16193314450573
3003233,4.16193314450573
3005015,4.16193314450573
3006797,5.63909165866443
3008579,5.63909165866443
3010361,4.888527618878803
3012143,4.467964088962065
3013925,3.7022553227932744
3015707,5.537380356047647
3017489,3.7022553227932744
3019271,4.081528651918201
3021053,4.081528651918201
3022835,4.981931572374449
3024617,6.3706707916371625
3026399,5.749338345376092
3028181,5.749338345376092
3001452,1882.7662905262755
3003234,1868.4255689510383
3005016,1868.4255689510383
3006798,1945.98173819097
3008580,1915.5317351919869
3010362,1888.6082457210173
3012144,1820.2673122263443
3013926,1819.8758386081363
3015708,1917.380832085237
3017490,1768.7797626503198
3019272,1767.3176658747332
3021054,1791.190030364631
3022836,1789.539394948668
3024618,1819.7236724424288
3026400,1808.0135264349094
3028182,1793.6728048596722
3001453,-0.029685866751191198
3003235,-0.029685866751191198
3005017,-0.029685866751191198
3006799,1.4474726474075086
3008581,1.4474726474075086
3010363,0.6778143397381385
3012145,0.2572508098214028
3013927,-0.4893636884636482
3015709,0.22918072904788128
3017491,-0.4893636884636482
3019273,-0.11009035933872001
3021055,-0.11009035933872001
3022837,0.7712182932337854
3024619,1.1244660861235887
3026401,0.5222279077462587
3028183,0.5222279077462587
3001454,229.59783207783028
3003236,229.59783207783028
3005018,229.59783207783028
3006800,231.3689035158008
3008582,231.3689035158008
3010364,230.8881821547268
3012146,224.00511301083088
3013928,223.47129161662156
3015710,235.6283428793219
3017492,223.47129161662156
3019274,224.14447786955833
3021056,224.14447786955833
3022838,225.31472346872619
3024620,225.85457926614052
3026402,226.25329880257095
3028184,226.25329880257095
3001455,5.936388781589769
3003237,5.936388781589769
3005019,5.936388781589769
3006801,7.413547295748469
3008583,7.413547295748469
3010365,6.662983255962849
3012147,6.24241972604611
3013929,5.476710959877312
3015711,7.311835993131685
3017493,5.476710959877312
3019275,5.855984289002238
3021057,5.855984289002238
3022839,6.756387209458494
3024621,8.145126428721207
3026403,7.523793982460131
3028185,7.523793982460131
3001456,530.9353131099225
3003238,530.9353131099225
3005020,530.9353131099225
3006802,539.5400698922377
3008584,539.5400698922377
3010366,528.46286683488
3012148,508.4618378310418
3013930,507.9280164368325
3015712,537.7191067219328
3017494,507.9280164368325
3019276,512.0055590354519
3021058,512.0055590354519
3022840,508.33886939038297
3024622,489.402106965473
3026404,491.24080603263064
3028186,491.24080603263064
3001457,435.78753377221386
3003239,435.78753377221386
3005021,435.78753377221386
3006803,442.8130817889024
3008585,442.8130817889024
3010367,436.7420252760577
3012149,422.33836214578406
3013931,421.80454075157473
3015713,446.1988716386903
3017495,421.80454075157473
3019277,422.6537197319552
3021059,422.6537197319552
3022841,422.2153937051252
3024623,406.9893109860457
3026405,408.82801005320334
3028187,408.82801005320334
3001458,112.22397334069738
3003240,112.22397334069738
3005022,112.22397334069738
3006804,113.9950447786679
3008586,113.9950447786679
3010368,112.71868044311103
3012150,112.29811691319428
3013932,111.76429551898494
3015714,121.41459899313871
3017496,111.76429551898494
3019278,112.43748177192168
3021060,112.43748177192168
3022842,112.81208439660668
3024624,116.05724297819123
3026406,116.28411521580037
3028188,116.28411521580037
3001459,99.22750175726473
3003241,99.22750175726473
3005023,99.22750175726473
3006805,100.99857319523525
3008587,100.99857319523525
3010369,99.72220885967837
3012151,99.30164532976163
3013933,98.76782393555229
3015715,105.95680345707521
3017497,98.76782393555229
3019279,99.44101018848903
3021061,99.44101018848903
3022843,99.81561281317403
3024625,102.61061223336503
3026407,102.63618446295854
3028189,102.63618446295854
3001460,113.26204885466395
3003242,113.26204885466395
3005024,113.26204885466395
3006806,115.03312029263446
3008588,115.03312029263446
3010370,111.5461681318327
3012152,111.12560460191595
3013934,110.59178320770661
3015716,119.28731186395791
3017498,110.59178320770661
3019280,111.26496946064336
3021062,111.26496946064336
3022844,116.23114739086333
3024626,119.02614681105433
3026408,119.25301904866348
3028190,119.25301904866348
3001461,1826.098708803056
3003243,1811.7579872278188
3005025,1811.7579872278188
3006807,1897.923650099914
3008589,1865.5235245837387
3010371,1826.1334719734743
3012153,1746.8443467226982
3013935,1746.4528731044902
3015717,1853.5598128182733
3017499,1695.3567971466737
3019281,1702.5041940032506
3021063,1724.426435975956
3022845,1720.7080047505567
3024627,1750.8922822443176
3026409,1734.44280330569
3028191,1720.1020817304527
3001462,6.603566437220707
3003244,6.603566437220707
3005026,6.603566437220707
3006808,8.080724951379407
3008590,8.080724951379407
3010372,7.3301609115937865
3012154,6.909597381677048
3013936,6.143888615508249
3015718,8.172066014717108
3017500,6.143888615508249
3019282,6.523161944633176
3021064,6.523161944633176
3022846,7.423564865089432
3024628,8.81230408435215
3026410,8.19097163809107
3028192,8.19097163809107
3001463,1.4323164993100532
3003245,1.4323164993100532
3005027,1.4323164993100532
3006809,2.9094750134687537
3008591,2.9094750134687537
3010373,2.1398167057993858
3012155,1.719253175882649
3013937,0.9726386775975968
3015719,2.380207885998585
3017501,0.9726386775975968
3019283,1.351912006722525
3021065,1.351912006722525
3022847,2.2332206592950326
3024629,3.056567058883318
3026411,2.454328880505986
3028193,2.454328880505986
3001464,145.33938556660942
3003246,145.33938556660942
3005028,145.33938556660942
3006810,147.11045700457996
3008592,147.11045700457996
3010374,146.62973564350594
3012156,144.16442971684245
3013938,143.63060832263312
3015720,157.5127444680701
3017502,143.63060832263312
3019284,144.3037945755699
3021066,144.3037945755699
3022848,145.47404017473775
3024630,146.01389597215208
3026412,146.24076820976126
3028194,146.24076820976126
3001465,5.941246135684275
3003247,5.941246135684275
3005029,5.941246135684275
3006811,7.418404649842975
3008593,7.418404649842975
3010375,6.667840610057352
3012157,6.247277080140614
3013939,5.481568313971818
3015721,7.509745713180673
3017503,5.481568313971818
3019285,5.8608416430967445
3021067,5.8608416430967445
3022849,6.761244563552998
3024631,8.149983782815715
3026413,7.528651336554635
3028195,7.528651336554635
3001466,-0.4991187221694223
3003248,-0.4991187221694223
3005030,-0.4991187221694223
3006812,0.978039791989278
3008594,0.978039791989278
3010376,0.20838148431990777
3012158,-0.21218204559682902
3013940,-0.9587965438818791
3015722,-0.04719976041586705
3017504,-0.9587965438818791
3019286,-0.5795232147569513
3021068,-0.5795232147569513
3022850,0.30178543781555417
3024632,0.6550332307053575
3026414,0.052795052328027565
3028196,0.052795052328027565
3001467,92.380413274285
3003249,92.380413274285
3005031,92.380413274285
3006813,94.15148471225552
3008595,94.15148471225552
3010377,92.87512037669865
3012159,92.4545568467819
3013941,91.92073545257256
3015723,100.12216813754468
3017505,91.92073545257256
3019287,92.5939217055093
3021069,92.5939217055093
3022851,92.9685243301943
3024633,95.7635237503853
3026415,95.78909597997881
3028197,95.78909597997881
3001468,-0.4991187221694223
3003250,-0.4991187221694223
3005032,-0.4991187221694223
3006814,0.978039791989278
3008596,0.978039791989278
3010378,0.20838148431990777
3012160,-0.21218204559682902
3013942,-0.9587965438818791
3015724,-0.04719976041586705
3017506,-0.9587965438818791
3019288,-0.5795232147569513
3021070,-0.5795232147569513
3022852,0.30178543781555417
3024634,0.6550332307053575
3026416,0.052795052328027565
3028198,0.052795052328027565
3001469,2.0184066676054906
3003251,2.0184066676054906
3005033,2.0184066676054906
3006815,3.4955651817641904
3008597,3.4955651817641904
3010379,2.745001141978565
3012161,2.3244376120618293
3013943,1.5587288458930333
3015725,3.586906245101891
3017507,1.5587288458930333
3019289,1.9380021750179615
3021071,1.9380021750179615
3022853,2.838405095474212
3024635,4.227144314736928
3026417,3.6058118684758536
3028199,3.6058118684758536
3001470,8.263961444912418
3003252,8.263961444912418
3005034,8.263961444912418
3006816,9.741119959071117
3008598,9.741119959071117
3010380,8.990555919285494
3012162,8.569992389368757
3013944,7.804283623199958
3015726,9.832461022408816
3017508,7.804283623199958
3019290,8.183556952324889
3021072,8.183556952324889
3022854,9.083959872781142
3024636,10.472699092043856
3026418,9.851366645782779
3028200,9.851366645782779
3001471,59.090146556618166
3003253,59.090146556618166
3005035,59.090146556618166
3006817,60.756496007419585
3008599,60.756496007419585
3010381,59.584853659031786
3012163,59.16429012911505
3013945,58.63046873490571
3015727,62.844949494472395
3017509,58.63046873490571
3019291,59.19893300067336
3021073,59.19893300067336
3022855,59.67825761252743
3024637,61.06699683179014
3026419,61.09256906138365
3028201,61.09256906138365
3001472,1.5572856400479935
3003254,1.5572856400479935
3005036,1.5572856400479935
3006818,3.223635090849412
3008600,3.223635090849412
3010382,2.2647858465373263
3012164,1.8442223166205898
3013946,1.0976078183355376
3015728,2.5051770267365256
3017510,1.0976078183355376
3019292,1.6660720841031822
3021074,1.6660720841031822
3022856,2.358189800032973
3024638,3.1815361996212586
3026420,2.5792980212439267
3028202,2.5792980212439267
3001473,224.298139244448
3003255,224.298139244448
3005037,224.298139244448
3006819,226.06921068241854
3008601,226.06921068241854
3010383,225.58848932134453
3012165,218.70542017744862
3013947,218.1715987832393
3015729,230.32865004593964
3017511,218.1715987832393
3019293,218.84478503617606
3021075,218.84478503617606
3022857,220.01503063534392
3024639,220.55488643275825
3026421,220.9536059691887
3028203,220.9536059691887
3001474,86.49881910317059
3003256,86.49881910317059
3005038,86.49881910317059
3006820,88.26989054114111
3008602,88.26989054114111
3010384,86.99352620558423
3012166,86.57296267566748
3013948,86.03914128145814
3015730,93.6969358553848
3017512,86.03914128145814
3019294,86.71232753439489
3021076,86.71232753439489
3022858,87.08693015907988
3024640,88.47566937834259
3026422,88.5012416079361
3028204,88.5012416079361
3001475,5.14442096324507
3003257,5.14442096324507
3005039,5.14442096324507
3006821,6.8107704140464875
3008603,6.8107704140464875
3010385,5.871015437618147
3012167,5.450451907701408
3013949,4.684743141532612
3015731,6.712920540741468
3017513,4.684743141532612
3019295,5.253207407300257
3021077,5.253207407300257
3022859,5.964419391113792
3024641,7.353158610376506
3026423,6.7318261641154304
3028205,6.7318261641154304
3001476,6.591155181480028
3003258,6.591155181480028
3005040,6.591155181480028
3006822,8.257504632281446
3008604,8.257504632281446
3010386,7.317749655853108
3012168,6.897186125936369
3013950,6.131477359767571
3015732,8.159654758976432
3017514,6.131477359767571
3019296,6.6999416255352156
3021078,6.6999416255352156
3022860,7.411153609348753
3024642,8.79989282861147
3026424,8.178560382350392
3028206,8.178560382350392
3001477,164.05874462951226
3003259,164.05874462951226
3005041,164.05874462951226
3006823,165.8298160674828
3008605,165.8298160674828
3010387,165.34909470640878
3012169,161.5694494483563
3013951,161.03562805414697
3015733,174.94268854424942
3017515,161.03562805414697
3019297,161.70881430708374
3021079,161.70881430708374
3022861,162.8790599062516
3024643,163.41891570366593
3026425,163.6457879412751
3028207,163.6457879412751
3001478,45.622284577561885
3003260,45.622284577561885
3005042,45.622284577561885
3006824,47.288634028363305
3008606,47.288634028363305
3010388,46.116991679975506
3012170,45.69642815005877
3013952,45.16260675584943
3015734,48.36463435196688
3017516,45.16260675584943
3019298,45.731071021617076
3021080,45.731071021617076
3022862,46.21039563347115
3024644,47.59913485273386
3026426,47.62470708232737
3028208,47.62470708232737
3001479,1302.8812205658498
3003261,1420.7932258939322
3005043,1642.8780876055712
3006825,1719.3060569256709
3008607,1686.9059314094955
3010389,1308.7231757605916
3012171,1229.4340505098155
3013953,1229.0425768916075
3015735,1449.4906317518812
3017517,1532.2840895487495
3019299,1529.693792853331
3021081,1551.6160348260364
3022863,1198.706133232139
3024645,1228.8904107259
3026427,1212.4409317872723
3028209,1330.3529371153547
3001480,-0.5185752866263368
3003262,-0.5185752866263368
3005044,-0.5185752866263368
3006826,1.1477741641750812
3008608,1.1477741641750812
3010390,0.1889249198629933
3012172,-0.23163861005374342
3013954,-0.9782531083387935
3015736,-0.0666563248727815
3017518,-0.9782531083387935
3019300,-0.4097888425711482
3021082,-0.4097888425711482
3022864,0.2823288733586397
3024646,0.635576666248443
3026428,0.033338487871113105
3028210,0.033338487871113105
3001481,1.4128599348531394
3003263,1.4128599348531394
3005045,1.4128599348531394
3006827,3.0792093856545573
3008609,3.0792093856545573
3010391,2.120360141342471
3012173,1.6997966114257341
3013955,0.9531821131406828
3015737,2.3607513215416702
3017519,0.9531821131406828
3019301,1.5216463789083277
3021083,1.5216463789083277
3022865,2.2137640948381176
3024647,3.037110494426403
3026429,2.4348723160490713
3028211,2.4348723160490713
3001482,2.1769898821097455
3003264,2.1769898821097455
3005046,2.1769898821097455
3006828,3.654148396268445
3008610,3.654148396268445
3010392,2.884490088599075
3012174,2.46392655868234
3013956,1.717312060397289
3015738,2.931828902843793
3017520,1.717312060397289
3019302,2.0965853895222155
3021084,2.0965853895222155
3022866,2.9778940420947224
3024648,3.8012404416830083
3026430,3.199002263305677
3028212,3.199002263305677
3001483,0.5615879677758743
3003265,0.5615879677758743
3005047,0.5615879677758743
3006829,2.038746481934575
3008611,2.038746481934575
3010393,1.269088174265204
3012175,0.8485246443484672
3013957,0.10191014606341776
3015739,0.8204545635749467
3017521,0.10191014606341776
3019303,0.48118347518834553
3021085,0.48118347518834553
3022867,1.3624921277608508
3024649,1.715739920650654
3026431,1.1135017422733242
3028213,1.1135017422733242
3001484,0.5615879677758743
3003266,0.5615879677758743
3005048,0.5615879677758743
3006830,2.038746481934575
3008612,2.038746481934575
3010394,1.269088174265204
3012176,0.8485246443484672
3013958,0.10191014606341776
3015740,0.8204545635749467
3017522,0.10191014606341776
3019304,0.48118347518834553
3021086,0.48118347518834553
3022868,1.3624921277608508
3024650,1.715739920650654
3026432,1.1135017422733242
3028214,1.1135017422733242
3001485,870.475768489431
3003267,870.475768489431
3005049,870.475768489431
3006831,880.9083410942927
3008613,880.9083410942927
3010395,868.6262178375305
3012177,823.9884490098319
3013959,823.5969753916238
3015741,870.0424124938976
3017523,807.51524543718
3019305,808.315646380696
3021087,808.315646380696
3022869,809.3031453948612
3024651,779.3760803769158
3026433,770.8677644644241
3028215,770.8677644644241
3001486,-0.029685866751191198
3003268,-0.029685866751191198
3005050,-0.029685866751191198
3006832,1.4474726474075086
3008614,1.4474726474075086
3010396,0.6778143397381385
3012178,0.2572508098214028
3013960,-0.4893636884636482
3015742,0.22918072904788128
3017524,-0.4893636884636482
3019306,-0.11009035933872001
3021088,-0.11009035933872001
3022870,0.7712182932337854
3024652,1.1244660861235887
3026434,0.5222279077462587
3028216,0.5222279077462587
3001487,184.215348090975
3003269,184.215348090975
3005051,184.215348090975
3006833,185.98641952894553
3008615,185.98641952894553
3010397,185.50569816787151
3012179,180.27905045445794
3013961,179.74522906024862
3015743,193.65228955035107
3017525,179.74522906024862
3019307,180.4184153131854
3021089,180.4184153131854
3022871,181.58866091235325
3024653,182.12851670976758
3026435,182.52723624619802
3028217,182.52723624619802
3001488,5.936388781589769
3003270,5.936388781589769
3005052,5.936388781589769
3006834,7.413547295748469
3008616,7.413547295748469
3010398,6.662983255962849
3012180,6.24241972604611
3013962,5.476710959877312
3015744,7.311835993131685
3017526,5.476710959877312
3019308,5.855984289002238
3021090,5.855984289002238
3022872,6.756387209458494
3024654,8.145126428721207
3026436,7.523793982460131
3028218,7.523793982460131
3001489,329.71667093014366
3003271,329.71667093014366
3005053,329.71667093014366
3006835,336.7422189468322
3008617,336.7422189468322
3010399,325.1969263594255
3012181,312.8069149436395
3013963,312.2730935494302
3015745,336.6674244365458
3017527,312.2730935494302
3019309,314.39317470317656
3021091,314.39317470317656
3022873,314.1165254015349
3024655,306.4513090236883
3026437,308.2900080908459
3028219,308.2900080908459
3001490,194.69263953805088
3003272,194.69263953805088
3005054,194.69263953805088
3006836,196.46371097602142
3008618,196.46371097602142
3010400,195.9829896149474
3012182,189.0999204710515
3013964,188.56609907684216
3015746,200.7231503395425
3017528,188.56609907684216
3019310,189.23928532977894
3021092,189.23928532977894
3022874,190.4095309289468
3024656,190.94938672636113
3026438,191.34810626279156
3028220,191.34810626279156
3001491,59.616434789038095
3003273,59.616434789038095
3005055,59.616434789038095
3006837,61.0935933031968
3008619,61.0935933031968
3010401,60.111141891451716
3012183,59.69057836153498
3013965,59.15675696732564
3015747,63.37123772689231
3017529,59.15675696732564
3019311,59.53603029645057
3021093,59.53603029645057
3022875,60.20454584494736
3024657,61.59328506421007
3026439,61.61885729380358
3028221,61.61885729380358
3001492,49.569528410819316
3003274,49.569528410819316
3005056,49.569528410819316
3006838,51.04668692497802
3008620,51.04668692497802
3010402,50.06423551323294
3012184,49.6436719833162
3013966,49.10985058910686
3015748,52.31187818522431
3017530,49.10985058910686
3019312,49.48912391823179
3021094,49.48912391823179
3022876,50.15763946672858
3024658,51.54637868599129
3026440,51.5719509155848
3028222,51.5719509155848
3001493,12.165335526791688
3003275,12.165335526791688
3005057,12.165335526791688
3006839,13.642494040950387
3008621,13.642494040950387
3010403,10.681342175919879
3012185,10.26077864600314
3013967,9.495069879834343
3015749,11.330194913088718
3017531,9.495069879834343
3019313,9.87434320895927
3021095,9.87434320895927
3022877,15.366321434950498
3024659,16.755060654213207
3026441,16.133728207952135
3028223,16.133728207952135
3001494,1390.230945706784
3003276,1390.230945706784
3005058,1390.230945706784
3006840,1436.9439614519858
3008622,1404.5438359358104
3010404,1390.2657088772023
3012186,1315.6710768502526
3013968,1315.2796032320446
3015750,1384.9053376787413
3017532,1287.1837405237288
3019314,1276.4644816663044
3021096,1298.38672363901
3022878,1289.2751491377355
3024660,1280.2493248209673
3026442,1263.7998458823397
3028224,1263.7998458823397
3001495,5.611838532084121
3003277,5.611838532084121
3005059,5.611838532084121
3006841,7.088997046242821
3008623,7.088997046242821
3010405,6.338433006457199
3012187,5.917869476540461
3013969,5.152160710371664
3015751,7.180338109580519
3017533,5.152160710371664
3019315,5.531434039496591
3021097,5.531434039496591
3022879,6.431836959952845
3024661,7.82057617921556
3026443,7.19924373295448
3028225,7.19924373295448
3001496,-0.4991187221694223
3003278,-0.4991187221694223
3005060,-0.4991187221694223
3006842,0.978039791989278
3008624,0.978039791989278
3010406,0.20838148431990777
3012188,-0.21218204559682902
3013970,-0.9587965438818791
3015752,-0.04719976041586705
3017534,-0.9587965438818791
3019316,-0.5795232147569513
3021098,-0.5795232147569513
3022880,0.30178543781555417
3024662,0.6550332307053575
3026444,0.052795052328027565
3028226,0.052795052328027565
3001497,2.0184066676054906
3003279,2.0184066676054906
3005061,2.0184066676054906
3006843,3.4955651817641904
3008625,3.4955651817641904
3010407,2.745001141978565
3012189,2.3244376120618293
3013971,1.5587288458930333
3015753,3.586906245101891
3017535,1.5587288458930333
3019317,1.9380021750179615
3021099,1.9380021750179615
3022881,2.838405095474212
3024663,4.227144314736928
3026445,3.6058118684758536
3028227,3.6058118684758536
3001498,-0.4991187221694223
3003280,-0.4991187221694223
3005062,-0.4991187221694223
3006844,0.978039791989278
3008626,0.978039791989278
3010408,0.20838148431990777
3012190,-0.21218204559682902
3013972,-0.9587965438818791
3015754,-0.04719976041586705
3017536,-0.9587965438818791
3019318,-0.5795232147569513
3021100,-0.5795232147569513
3022882,0.30178543781555417
3024664,0.6550332307053575
3026446,0.052795052328027565
3028228,0.052795052328027565
3001499,1.4323164993100532
3003281,1.4323164993100532
3005063,1.4323164993100532
3006845,2.9094750134687537
3008627,2.9094750134687537
3010409,2.1398167057993858
3012191,1.719253175882649
3013973,0.9726386775975968
3015755,2.380207885998585
3017537,0.9726386775975968
3019319,1.351912006722525
3021101,1.351912006722525
3022883,2.2332206592950326
3024665,3.056567058883318
3026447,2.454328880505986
3028229,2.454328880505986
3001500,62.504374512337925
3003282,62.504374512337925
3005064,62.504374512337925
3006846,63.981533026496614
3008628,63.981533026496614
3010410,62.99908161475157
3012192,62.57851808483483
3013974,62.04469669062547
3015756,67.97720027903772
3017538,62.04469669062547
3019320,62.4239700197504
3021102,62.4239700197504
3022884,63.09248556824721
3024666,64.48122478750993
3026448,64.50679701710344
3028230,64.50679701710344
3001501,-0.4991187221694223
3003283,-0.4991187221694223
3005065,-0.4991187221694223
3006847,0.978039791989278
3008629,0.978039791989278
3010411,0.20838148431990777
3012193,-0.21218204559682902
3013975,-0.9587965438818791
3015757,-0.04719976041586705
3017539,-0.9587965438818791
3019321,-0.5795232147569513
3021103,-0.5795232147569513
3022885,0.30178543781555417
3024667,0.6550332307053575
3026449,0.052795052328027565
3028231,0.052795052328027565
3001502,-0.4991187221694223
3003284,-0.4991187221694223
3005066,-0.4991187221694223
3006848,0.978039791989278
3008630,0.978039791989278
3010412,0.20838148431990777
3012194,-0.21218204559682902
3013976,-0.9587965438818791
3015758,-0.04719976041586705
3017540,-0.9587965438818791
3019322,-0.5795232147569513
3021104,-0.5795232147569513
3022886,0.30178543781555417
3024668,0.6550332307053575
3026450,0.052795052328027565
3028232,0.052795052328027565
3001503,4.156035790294258
3003285,4.156035790294258
3005067,4.156035790294258
3006849,5.6331943044529575
3008631,5.6331943044529575
3010413,4.882630264667331
3012195,4.462066734750593
3013977,3.696357968581803
3015759,5.724535367790657
3017541,3.696357968581803
3019323,4.075631297706727
3021105,4.075631297706727
3022887,4.976034218162977
3024669,6.364773437425691
3026451,5.7434409911646185
3028233,5.7434409911646185
3001504,21.81214387757968
3003286,21.81214387757968
3005068,21.81214387757968
3006850,23.4784933283811
3008632,23.4784933283811
3010414,22.538738351952755
3012196,22.118174822036018
3013978,21.35246605586722
3015760,23.380643455076083
3017542,21.35246605586722
3019324,21.920930321634867
3021106,21.920930321634867
3022888,22.6321423054484
3024670,24.02088152471112
3026452,23.814566382345166
3028234,23.814566382345166
3001505,-0.37414958143148197
3003287,-0.37414958143148197
3005069,-0.37414958143148197
3006851,1.2921998693699364
3008633,1.2921998693699364
3010415,0.33335062505784824
3012197,-0.08721290485888854
3013979,-0.8338274031439388
3015761,0.0777693803220733
3017543,-0.8338274031439388
3019325,-0.2653631373762934
3021107,-0.2653631373762934
3022889,0.42675457855349463
3024671,0.7800023714432981
3026453,0.17776419306596788
3028235,0.17776419306596788
3001506,388.8603846785435
3003288,388.8603846785435
3005070,388.8603846785435
3006852,395.88593269523204
3008634,395.88593269523204
3010416,386.354291822313
3012198,371.95062869203934
3013980,371.41680729783
3015762,395.8111381849456
3017544,371.41680729783
3019326,372.2659862782105
3021108,372.2659862782105
3022890,371.8276602513805
3024672,368.29404657930127
3026454,370.1327456464589
3028236,370.1327456464589
3001507,92.71164063725924
3003289,92.71164063725924
3005071,92.71164063725924
3006853,94.48271207522976
3008635,94.48271207522976
3010417,93.20634773967288
3012199,92.78578420975613
3013981,92.25196281554679
3015763,100.45339550051891
3017545,92.25196281554679
3019327,92.92514906848353
3021109,92.92514906848353
3022891,93.29975169316853
3024673,96.09475111335954
3026455,96.12032334295304
3028237,96.12032334295304
3001508,-0.37414958143148197
3003290,-0.37414958143148197
3005072,-0.37414958143148197
3006854,1.2921998693699364
3008636,1.2921998693699364
3010418,0.33335062505784824
3012200,-0.08721290485888854
3013982,-0.8338274031439388
3015764,0.0777693803220733
3017546,-0.8338274031439388
3019328,-0.2653631373762934
3021110,-0.2653631373762934
3022892,0.42675457855349463
3024674,0.7800023714432981
3026456,0.17776419306596788
3028238,0.17776419306596788
3001509,2.641345580735492
3003291,2.641345580735492
3005073,2.641345580735492
3006855,4.307695031536908
3008637,4.307695031536908
3010419,3.3679400551085648
3012201,2.9473765251918285
3013983,2.1816677590230356
3015765,4.209845158231889
3017547,2.1816677590230356
3019329,2.75013202479068
3021111,2.75013202479068
3022893,3.461344008604212
3024675,4.850083227866926
3026457,4.228750781605854
3028239,4.228750781605854
3001510,118.97578665154013
3003292,118.97578665154013
3005074,118.97578665154013
3006856,120.74685808951065
3008638,120.74685808951065
3010420,119.47049375395378
3012202,119.04993022403703
3013984,118.51610882982769
3015766,128.16641230398147
3017548,118.51610882982769
3019330,119.18929508276443
3021112,119.18929508276443
3022894,119.56389770744943
3024676,122.80905628903395
3026458,123.03592852664309
3028240,123.03592852664309
3001511,8.239319988552973
3003293,8.239319988552973
3005075,8.239319988552973
3006857,9.905669439354389
3008639,9.905669439354389
3010421,8.96591446292605
3012203,8.545350933009312
3013985,7.779642166840513
3015767,9.80781956604937
3017549,7.779642166840513
3019331,8.34810643260816
3021113,8.34810643260816
3022895,9.059318416421696
3024677,10.44805763568441
3026459,9.826725189423334
3028241,9.826725189423334
3001512,866.0114550832202
3003294,866.0114550832202
3005076,877.7474562363506
3006858,891.658686730669
3008640,891.658686730669
3010422,864.1619044313197
3012204,811.6341645201461
3013986,811.242690901938
3015768,859.7927422644829
3017550,806.8969621006246
3019332,811.1760209335972
3021114,811.1760209335972
3022896,796.9488609051754
3024678,761.2816094661885
3026460,752.7732935536968
3028242,752.7732935536968
3001513,-0.5185752866263368
3003295,-0.5185752866263368
3005077,-0.5185752866263368
3006859,1.1477741641750812
3008641,1.1477741641750812
3010423,0.1889249198629933
3012205,-0.23163861005374342
3013987,-0.9782531083387935
3015769,-0.0666563248727815
3017551,-0.9782531083387935
3019333,-0.4097888425711482
3021115,-0.4097888425711482
3022897,0.2823288733586397
3024679,0.635576666248443
3026461,0.033338487871113105
3028243,0.033338487871113105
3001514,-0.5185752866263368
3003296,-0.5185752866263368
3005078,-0.5185752866263368
3006860,1.1477741641750812
3008642,1.1477741641750812
3010424,0.1889249198629933
3012206,-0.23163861005374342
3013988,-0.9782531083387935
3015770,-0.0666563248727815
3017552,-0.9782531083387935
3019334,-0.4097888425711482
3021116,-0.4097888425711482
3022898,0.2823288733586397
3024680,0.635576666248443
3026462,0.033338487871113105
3028244,0.033338487871113105
3001515,3.444374579005576
3003297,3.444374579005576
3005079,3.444374579005576
3006861,4.921533093164276
3008643,4.921533093164276
3010425,4.170969053378653
3012207,3.7504055234619167
3013989,2.98469675729312
3015771,4.8198217905474925
3017553,2.98469675729312
3019335,3.3639700864180457
3021117,3.3639700864180457
3022899,4.264373006874298
3024681,5.653112226137012
3026463,5.0317797798759365
3028245,5.0317797798759365
3001516,0.5615879677758743
3003298,0.5615879677758743
3005080,0.5615879677758743
3006862,2.038746481934575
3008644,2.038746481934575
3010426,1.269088174265204
3012208,0.8485246443484672
3013990,0.10191014606341776
3015772,0.8204545635749467
3017554,0.10191014606341776
3019336,0.48118347518834553
3021118,0.48118347518834553
3022900,1.3624921277608508
3024682,1.715739920650654
3026464,1.1135017422733242
3028246,1.1135017422733242
3001517,3.444374579005576
3003299,3.444374579005576
3005081,3.444374579005576
3006863,4.921533093164276
3008645,4.921533093164276
3010427,4.170969053378653
3012209,3.7504055234619167
3013991,2.98469675729312
3015773,4.8198217905474925
3017555,2.98469675729312
3019337,3.3639700864180457
3021119,3.3639700864180457
3022901,4.264373006874298
3024683,5.653112226137012
3026465,5.0317797798759365
3028247,5.0317797798759365
3001518,1919.5118764149704
3003300,1905.1711548397332
3005082,1905.1711548397332
3006864,2012.6056044689508
3008646,1982.1556014699677
3010428,1925.3538316097122
3012210,1857.0128981150392
3013992,1856.6214244968312
3015774,1954.126417973932
3017556,1805.5253485390147
3019338,1833.941532152714
3021120,1857.8138966426118
3022902,1826.2849808373628
3024684,1856.4692583311237
3026466,1844.7591123236043
3028248,1830.418390748367
3001519,-0.029685866751191198
3003301,-0.029685866751191198
3005083,-0.029685866751191198
3006865,1.4474726474075086
3008647,1.4474726474075086
3010429,0.6778143397381385
3012211,0.2572508098214028
3013993,-0.4893636884636482
3015775,0.22918072904788128
3017557,-0.4893636884636482
3019339,-0.11009035933872001
3021121,-0.11009035933872001
3022903,0.7712182932337854
3024685,1.1244660861235887
3026467,0.5222279077462587
3028249,0.5222279077462587
3001520,364.5195462692233
3003302,364.5195462692233
3005084,364.5195462692233
3006866,371.5450942859119
3008648,371.5450942859119
3010430,362.0134534129928
3012212,347.6097902827192
3013994,347.07596888850986
3015776,371.47029977562545
3017558,347.07596888850986
3019340,347.92514786889035
3021122,347.92514786889035
3022904,347.48682184206035
3024686,341.25418436276794
3026468,343.09288342992556
3028250,343.09288342992556
3001521,8.102163515000832
3003303,8.102163515000832
3005085,8.102163515000832
3006867,9.579322029159531
3008649,9.579322029159531
3010431,8.828757989373909
3012213,8.408194459457171
3013995,7.642485693288371
3015777,9.477610726542746
3017559,7.642485693288371
3019341,8.021759022413303
3021123,8.021759022413303
3022905,8.922161942869556
3024687,10.31090116213227
3026469,9.689568715871193
3028251,9.689568715871193
3001522,562.1636049331632
3003304,562.1636049331632
3005086,562.1636049331632
3006868,570.7683617154785
3008650,570.7683617154785
3010432,556.2305742980463
3012214,536.2295452942085
3013996,535.6957238999992
3015778,565.4868141850992
3017560,535.6957238999992
3019342,534.6683090209685
3021124,534.6683090209685
3022906,530.1875545264264
3024688,511.2507921015158
3026470,513.0894911686738
3028252,513.0894911686738
3001523,530.4322388929334
3003305,530.4322388929334
3005087,530.4322388929334
3006869,539.0369956752486
3008651,539.0369956752486
3010433,524.4992082578165
3012215,504.4981792539784
3013997,503.96435785976905
3015779,533.7554481448693
3017561,503.96435785976905
3019343,502.93694298073854
3021125,502.93694298073854
3022907,498.45618848619637
3024689,479.5194260612864
3026471,481.35812512844404
3028253,481.35812512844404
3001524,200.12038584360005
3003306,200.12038584360005
3005088,200.12038584360005
3006870,201.89145728157058
3008652,201.89145728157058
3010434,201.41073592049656
3012216,194.52766677660065
3013998,193.99384538239133
3015780,206.15089664509168
3017562,193.99384538239133
3019344,194.6670316353281
3021126,194.6670316353281
3022908,195.83727723449596
3024690,196.3771330319103
3026472,196.77585256834072
3028254,196.77585256834072
3001525,154.97613674196762
3003307,154.97613674196762
3005089,154.97613674196762
3006871,156.74720817993816
3008653,156.74720817993816
3010435,156.26648681886414
3012217,152.48684156081165
3013999,151.95302016660233
3015781,163.47296935419843
3017563,151.95302016660233
3019345,152.6262064195391
3021127,152.6262064195391
3022909,153.79645201870696
3024691,154.3363078161213
3026473,154.56318005373046
3028255,154.56318005373046
3001526,95.67618424625228
3003308,95.67618424625228
3005090,95.67618424625228
3006872,97.4472556842228
3008654,97.4472556842228
3010436,93.96030352342103
3012218,93.53973999350428
3014000,93.00591859929494
3015782,101.20735128426708
3017564,93.00591859929494
3019346,93.67910485223169
3021128,93.67910485223169
3022910,98.64528278245166
3024692,101.44028220264266
3026474,101.46585443223617
3028256,101.46585443223617
3001527,2238.1603474939575
3003309,2223.8196259187202
3005091,2223.8196259187202
3006873,2341.442828185499
3008655,2309.0427026693237
3010437,2238.1951106643764
3012219,2154.1666524824923
3014001,2153.775178864284
3015783,2246.240501883101
3017565,2102.679102906467
3019347,2126.7317630276043
3021129,2148.6540050003096
3022911,2128.0303105103503
3024693,2150.3007104821063
3026475,2143.428415715944
3028257,2129.087694140707
3001528,26.037957735680628
3003310,26.037957735680628
3005092,26.037957735680628
3006874,27.51511624983933
3008656,27.51511624983933
3010438,26.514512492166897
3012220,26.09394896225016
3014002,25.57827991396817
3015784,27.60645731317703
3017566,25.57827991396817
3019348,25.9575532430931
3021130,25.9575532430931
3022912,26.607916445662543
3024694,27.99665566492526
3026476,28.040380240446115
3028258,28.040380240446115
3001529,-0.4991187221694223
3003311,-0.4991187221694223
3005093,-0.4991187221694223
3006875,0.978039791989278
3008657,0.978039791989278
3010439,0.20838148431990777
3012221,-0.21218204559682902
3014003,-0.9587965438818791
3015785,-0.04719976041586705
3017567,-0.9587965438818791
3019349,-0.5795232147569513
3021131,-0.5795232147569513
3022913,0.30178543781555417
3024695,0.6550332307053575
3026477,0.052795052328027565
3028259,0.052795052328027565
3001530,4.156035790294258
3003312,4.156035790294258
3005094,4.156035790294258
3006876,5.6331943044529575
3008658,5.6331943044529575
3010440,4.882630264667331
3012222,4.462066734750593
3014004,3.696357968581803
3015786,5.724535367790657
3017568,3.696357968581803
3019350,4.075631297706727
3021132,4.075631297706727
3022914,4.976034218162977
3024696,6.364773437425691
3026478,5.7434409911646185
3028260,5.7434409911646185
3001531,6.899049318632572
3003313,6.899049318632572
3005095,6.899049318632572
3006877,8.376207832791273
3008659,8.376207832791273
3010441,7.625643793005649
3012223,7.205080263088912
3014005,6.439371496920114
3015787,8.467548896128973
3017569,6.439371496920114
3019351,6.818644826045042
3021133,6.818644826045042
3022915,7.719047746501297
3024697,9.107786965764014
3026479,8.486454519502937
3028261,8.486454519502937
3001532,-0.4991187221694223
3003314,-0.4991187221694223
3005096,-0.4991187221694223
3006878,0.978039791989278
3008660,0.978039791989278
3010442,0.20838148431990777
3012224,-0.21218204559682902
3014006,-0.9587965438818791
3015788,-0.04719976041586705
3017570,-0.9587965438818791
3019352,-0.5795232147569513
3021134,-0.5795232147569513
3022916,0.30178543781555417
3024698,0.6550332307053575
3026480,0.052795052328027565
3028262,0.052795052328027565
3001533,142.55407420630814
3003315,142.55407420630814
3005097,142.55407420630814
3006879,144.32514564427868
3008661,144.32514564427868
3010443,143.84442428320466
3012225,141.37911835654117
3014007,140.84529696233184
3015789,154.72743310776883
3017571,140.84529696233184
3019353,141.51848321526862
3021135,141.51848321526862
3022917,142.68872881443647
3024699,143.2285846118508
3026481,143.45545684945998
3028263,143.45545684945998
3001534,3.122575576698768
3003316,3.122575576698768
3005098,3.122575576698768
3006880,4.599734090857467
3008662,4.599734090857467
3010444,3.8491700510718445
3012226,3.428606521155106
3014008,2.6628977549863118
3015790,4.6910751541951665
3017572,2.6628977549863118
3019354,3.0421710841112373
3021136,3.0421710841112373
3022918,3.9425740045674895
3024700,5.331313223830203
3026482,4.709980777569129
3028264,4.709980777569129
3001535,5.941246135684275
3003317,5.941246135684275
3005099,5.941246135684275
3006881,7.418404649842975
3008663,7.418404649842975
3010445,6.667840610057352
3012227,6.247277080140614
3014009,5.481568313971818
3015791,7.509745713180673
3017573,5.481568313971818
3019355,5.8608416430967445
3021137,5.8608416430967445
3022919,6.761244563552998
3024701,8.149983782815715
3026483,7.528651336554635
3028265,7.528651336554635
3001536,6.899049318632572
3003318,6.899049318632572
3005100,6.899049318632572
3006882,8.376207832791273
3008664,8.376207832791273
3010446,7.625643793005649
3012228,7.205080263088912
3014010,6.439371496920114
3015792,8.467548896128973
3017574,6.439371496920114
3019356,6.818644826045042
3021138,6.818644826045042
3022920,7.719047746501297
3024702,9.107786965764014
3026484,8.486454519502937
3028266,8.486454519502937
3001537,92.71164063725924
3003319,92.71164063725924
3005101,92.71164063725924
3006883,94.48271207522976
3008665,94.48271207522976
3010447,93.20634773967288
3012229,92.78578420975613
3014011,92.25196281554679
3015793,100.45339550051891
3017575,92.25196281554679
3019357,92.92514906848353
3021139,92.92514906848353
3022921,93.29975169316853
3024703,96.09475111335954
3026485,96.12032334295304
3028267,96.12032334295304
3001538,2.641345580735492
3003320,2.641345580735492
3005102,2.641345580735492
3006884,4.307695031536908
3008666,4.307695031536908
3010448,3.3679400551085648
3012230,2.9473765251918285
3014012,2.1816677590230356
3015794,4.209845158231889
3017576,2.1816677590230356
3019358,2.75013202479068
3021140,2.75013202479068
3022922,3.461344008604212
3024704,4.850083227866926
3026486,4.228750781605854
3028268,4.228750781605854
3001539,197.8289472897269
3003321,197.8289472897269
3005103,197.8289472897269
3006885,199.60001872769743
3008667,199.60001872769743
3010449,199.1192973666234
3012231,192.2362282227275
3014013,191.70240682851818
3015795,203.85945809121853
3017577,191.70240682851818
3019359,192.37559308145495
3021141,192.37559308145495
3022923,193.5458386806228
3024705,194.08569447803714
3026487,194.48441401446757
3028269,194.48441401446757
3001540,133.32599685398364
3003322,133.32599685398364
3005104,133.32599685398364
3006886,135.09706829195417
3008668,135.09706829195417
3010450,133.8207039563972
3012232,132.15104100421667
3014014,131.61721961000734
3015796,144.51221373367426
3017578,131.61721961000734
3019360,132.2904058629441
3021142,132.2904058629441
3022924,132.66500848762902
3024706,134.0005072595263
3026488,134.22737949713547
3028270,134.22737949713547
3001541,7.582883086616614
3003323,7.582883086616614
3005105,7.582883086616614
3006887,9.249232537418035
3008669,9.249232537418035
3010451,8.309477560989695
3012233,7.888914031072955
3014015,7.123205264904159
3015797,9.151382664113017
3017579,7.123205264904159
3019361,7.691669530671802
3021143,7.691669530671802
3022925,8.402881514485342
3024707,9.791620733748056
3026489,9.17028828748698
3028271,9.17028828748698
3001542,6.591155181480028
3003324,6.591155181480028
3005106,6.591155181480028
3006888,8.257504632281446
3008670,8.257504632281446
3010452,7.317749655853108
3012234,6.897186125936369
3014016,6.131477359767571
3015798,8.159654758976432
3017580,6.131477359767571
3019362,6.6999416255352156
3021144,6.6999416255352156
3022926,7.411153609348753
3024708,8.79989282861147
3026490,8.178560382350392
3028272,8.178560382350392
3001543,306.27619001778356
3003325,306.27619001778356
3005107,306.27619001778356
3006889,315.4063522947432
3008671,315.4063522947432
3010453,301.7564454470654
3012235,289.3664340312794
3014017,288.8326126370701
3015799,315.3315577844568
3017581,288.8326126370701
3019363,291.78640587772173
3021145,291.78640587772173
3022927,290.6760444891748
3024709,283.0108281113282
3026491,284.8495271784858
3028273,284.8495271784858
3001544,57.83082401000332
3003326,57.83082401000332
3005108,57.83082401000332
3006890,59.49717346080474
3008672,59.49717346080474
3010454,58.32553111241694
3012236,57.904967582500205
3014018,57.371146188290865
3015800,62.44126477097005
3017582,57.371146188290865
3019364,57.93961045405851
3021146,57.93961045405851
3022928,58.418935065912585
3024710,59.807674285175295
3026492,59.8332465147688
3028274,59.8332465147688
3001545,1689.2145615071772
3003327,1593.9956245235594
3005109,1579.3984179967802
3006891,1974.5871902970766
3008673,1995.282685384638
3010455,1564.598487907623
3012237,1486.7770027824297
3014019,1559.8114220438592
3015801,1611.8412699270095
3017583,1424.4715802500293
3019365,1604.518634687222
3021147,2261.2806773178286
3022929,2343.61540490883
3024711,2246.296477549117
3026493,2256.4147290340143
3028275,2161.195792050398
3001546,-0.5185752866263368
3003328,-0.5185752866263368
3005110,-0.5185752866263368
3006892,1.1477741641750812
3008674,1.1477741641750812
3010456,0.1889249198629933
3012238,-0.23163861005374342
3014020,-0.9782531083387935
3015802,-0.0666563248727815
3017584,-0.9782531083387935
3019366,-0.4097888425711482
3021148,-0.4097888425711482
3022930,0.2823288733586397
3024712,0.635576666248443
3026494,0.033338487871113105
3028276,0.033338487871113105
3001547,23.80551993912966
3003329,23.80551993912966
3005111,23.80551993912966
3006893,25.47186938993108
3008675,25.47186938993108
3010457,24.28207469561593
3012239,23.86151116569919
3014021,23.345842117417202
3015803,25.374019516626063
3017585,23.345842117417202
3019367,23.914306383184847
3021149,23.914306383184847
3022931,24.375478649111574
3024713,25.764217868374292
3026495,25.807942443895147
3028277,25.807942443895147
3001548,4.16193314450573
3003330,4.16193314450573
3005112,4.16193314450573
3006894,5.63909165866443
3008676,5.63909165866443
3010458,4.888527618878803
3012240,4.467964088962065
3014022,3.7022553227932744
3015804,6.199607287990619
3017586,3.7022553227932744
3019368,4.081528651918201
3021150,4.081528651918201
3022932,4.981931572374449
3024714,6.3706707916371625
3026496,5.749338345376092
3028278,5.749338345376092
3001549,0.5615879677758743
3003331,0.5615879677758743
3005113,0.5615879677758743
3006895,2.038746481934575
3008677,2.038746481934575
3010459,1.269088174265204
3012241,0.8485246443484672
3014023,0.10191014606341776
3015805,1.4826814955179188
3017587,0.10191014606341776
3019369,0.48118347518834553
3021151,0.48118347518834553
3022933,1.3624921277608508
3024715,1.715739920650654
3026497,1.1135017422733242
3028279,1.1135017422733242
3001550,2.1769898821097455
3003332,2.1769898821097455
3005114,2.1769898821097455
3006896,3.654148396268445
3008678,3.654148396268445
3010460,2.884490088599075
3012242,2.46392655868234
3014024,1.717312060397289
3015806,3.594055834786766
3017588,1.717312060397289
3019370,2.0965853895222155
3021152,2.0965853895222155
3022934,2.9778940420947224
3024716,3.8012404416830083
3026498,3.199002263305677
3028280,3.199002263305677
3001551,1476.916074710064
3003333,1462.5753531348269
3005115,1462.5753531348269
3006897,1540.1315223747586
3008679,1509.6815193757755
3010461,1482.7580299048059
3012243,1416.9488464049155
3014025,1416.5573727867074
3015807,1529.5710538621843
3017589,1365.461296828891
3019371,1363.9992000533043
3021153,1387.871564543202
3022935,1377.3018517126
3024717,1391.3714422205244
3026499,1374.9219632818968
3028281,1360.5812417066595
3001552,-0.029685866751191198
3003334,-0.029685866751191198
3005116,-0.029685866751191198
3006898,1.4474726474075086
3008680,1.4474726474075086
3010462,0.6778143397381385
3012244,0.2572508098214028
3014026,-0.4893636884636482
3015808,0.8914076609908526
3017590,-0.4893636884636482
3019372,-0.11009035933872001
3021154,-0.11009035933872001
3022936,0.7712182932337854
3024718,1.1244660861235887
3026500,0.5222279077462587
3028282,0.5222279077462587
3001553,355.560762258587
3003335,355.560762258587
3005117,355.560762258587
3006899,362.58631027527554
3008681,362.58631027527554
3010463,353.05466940235647
3012245,338.65100627208284
3014027,338.1171848778735
3015809,362.5115157649891
3017591,338.1171848778735
3019373,338.966363858254
3021155,338.966363858254
3022937,338.528037831424
3024719,332.2954003521316
3026501,334.1340994192892
3028283,334.1340994192892
3001554,15.95189990570044
3003336,15.95189990570044
3005118,15.95189990570044
3006900,17.42905841985914
3008682,17.42905841985914
3010464,16.678494380073513
3012246,16.257930850156775
3014028,15.492222083987981
3015810,17.98957404918533
3017592,15.492222083987981
3019374,15.87149541311291
3021156,15.87149541311291
3022938,16.77189833356916
3024720,18.160637552831876
3026502,17.954322410465924
3028284,17.954322410465924
3001555,615.074479203881
3003337,615.074479203881
3005119,615.074479203881
3006901,625.5070518087427
3008683,625.5070518087427
3010465,608.9991007927629
3012247,588.998071788925
3014029,588.6065981707169
3015811,618.3442328719973
3017593,588.6065981707169
3019375,589.4069991142328
3021157,589.4069991142328
3022939,582.956081021143
3024721,564.0193185962328
3026503,566.0003654393917
3028285,566.0003654393917
3001556,459.376096850799
3003338,459.376096850799
3005120,459.376096850799
3006902,466.40164486748756
3008684,466.40164486748756
3010466,456.8700039945685
3012248,435.55463565934167
3014030,435.02081426513234
3015812,464.81190455023244
3017594,435.02081426513234
3019376,435.8699932455129
3021158,435.8699932455129
3022940,435.43166721868283
3024722,416.4949047937729
3026504,418.3336038609305
3028286,418.3336038609305
3001557,151.0010887005219
3003339,151.0010887005219
3005121,151.0010887005219
3006903,152.77216013849244
3008685,152.77216013849244
3010467,152.29143877741842
3012249,148.51179351936594
3014031,147.9779721251566
3015813,162.4570989274535
3017595,147.9779721251566
3019377,148.65115837809338
3021159,148.65115837809338
3022941,149.82140397726124
3024723,150.36125977467557
3026505,150.58813201228475
3028287,150.58813201228475
3001558,646.513756890486
3003340,646.513756890486
3005122,646.513756890486
3006904,656.9463294953478
3008686,656.9463294953478
3010468,640.4383784793679
3012250,620.43734947553
3014032,620.0458758573219
3015814,649.7835105586023
3017596,620.0458758573219
3019378,620.8462768008378
3021160,620.8462768008378
3022942,614.395358707748
3024724,601.198782703879
3026506,603.1798295470379
3028288,603.1798295470379
3001559,53.08851361077376
3003341,53.08851361077376
3005123,53.08851361077376
3006905,54.56567212493246
3008687,54.56567212493246
3010469,51.372632887942494
3012251,50.95206935802576
3014033,50.41824796381642
3015815,54.21726621679376
3017597,50.41824796381642
3019379,50.79752129294135
3021161,50.79752129294135
3022943,56.05761214697311
3024725,57.446351366235824
3026507,57.47192359582933
3028289,57.47192359582933
3001560,2022.1846385331783
3003342,2007.843916957941
3005124,2007.843916957941
3006906,2094.0095798300363
3008688,2061.609454313861
3010470,2022.2194017035965
3012252,1942.9302764528204
3014034,1942.5388028346124
3015816,2049.6457425483954
3017598,1891.4427268767959
3019380,1898.5901237333728
3021162,1920.5123657060783
3022944,1916.793934480679
3024726,1946.9782119744398
3026508,1930.5287330358121
3028290,1916.188011460575
3001561,0.32216265164525926
3003343,0.32216265164525926
3005125,0.32216265164525926
3006907,1.7993211658039598
3008689,1.7993211658039598
3010471,1.0296628581345888
3012253,0.6090993282178523
3014035,-0.13751517006719755
3015817,1.2432561793873038
3017599,-0.13751517006719755
3019381,0.24175815905773052
3021163,0.24175815905773052
3022945,1.1230668116302356
3024727,1.476314604520039
3026509,0.8740764261427089
3028291,0.8740764261427089
3001562,-0.4991187221694223
3003344,-0.4991187221694223
3005126,-0.4991187221694223
3006908,0.978039791989278
3008690,0.978039791989278
3010472,0.20838148431990777
3012254,-0.21218204559682902
3014036,-0.9587965438818791
3015818,0.4219748055726225
3017600,-0.9587965438818791
3019382,-0.5795232147569513
3021164,-0.5795232147569513
3022946,0.30178543781555417
3024728,0.6550332307053575
3026510,0.052795052328027565
3028292,0.052795052328027565
3001563,75.86057180866489
3003345,75.86057180866489
3005127,75.86057180866489
3006909,77.6316432466354
3008691,77.6316432466354
3010473,76.35527891107853
3012255,75.93471538116178
3014037,75.40089398695244
3015819,83.65567921773898
3017601,75.40089398695244
3019383,76.07408023988918
3021165,76.07408023988918
3022947,76.44868286457418
3024729,77.83742208383688
3026511,77.86299431343039
3028293,77.86299431343039
3001564,6.098186711501365
3003346,6.098186711501365
3005128,6.098186711501365
3006910,7.575345225660064
3008692,7.575345225660064
3010474,6.824781185874441
3012256,6.404217655957702
3014038,5.638508889788907
3015820,8.135860854986253
3017602,5.638508889788907
3019384,6.017782218913834
3021166,6.017782218913834
3022948,6.918185139370086
3024730,8.306924358632806
3026512,7.6855919123717245
3028294,7.6855919123717245
3001565,-0.4991187221694223
3003347,-0.4991187221694223
3005129,-0.4991187221694223
3006911,0.978039791989278
3008693,0.978039791989278
3010475,0.20838148431990777
3012257,-0.21218204559682902
3014039,-0.9587965438818791
3015821,0.4219748055726225
3017603,-0.9587965438818791
3019385,-0.5795232147569513
3021167,-0.5795232147569513
3022949,0.30178543781555417
3024731,0.6550332307053575
3026513,0.052795052328027565
3028295,0.052795052328027565
3001566,139.47662844575893
3003348,139.47662844575893
3005130,139.47662844575893
3006912,141.24769988372947
3008694,141.24769988372947
3010476,140.76697852265545
3012258,138.30167259599196
3014040,137.76785120178263
3015822,151.25983598230945
3017604,137.76785120178263
3019386,138.4410374547194
3021168,138.4410374547194
3022950,139.61128305388726
3024732,140.1511388513016
3026514,140.37801108891077
3028296,140.37801108891077
3001567,-0.4991187221694223
3003349,-0.4991187221694223
3005131,-0.4991187221694223
3006913,0.978039791989278
3008695,0.978039791989278
3010477,0.20838148431990777
3012259,-0.21218204559682902
3014041,-0.9587965438818791
3015823,0.4219748055726225
3017605,-0.9587965438818791
3019387,-0.5795232147569513
3021169,-0.5795232147569513
3022951,0.30178543781555417
3024733,0.6550332307053575
3026515,0.052795052328027565
3028297,0.052795052328027565
3001568,-0.4991187221694223
3003350,-0.4991187221694223
3005132,-0.4991187221694223
3006914,0.978039791989278
3008696,0.978039791989278
3010478,0.20838148431990777
3012260,-0.21218204559682902
3014042,-0.9587965438818791
3015824,0.4219748055726225
3017606,-0.9587965438818791
3019388,-0.5795232147569513
3021170,-0.5795232147569513
3022952,0.30178543781555417
3024734,0.6550332307053575
3026516,0.052795052328027565
3028298,0.052795052328027565
3001569,8.263961444912418
3003351,8.263961444912418
3005133,8.263961444912418
3006915,9.741119959071117
3008697,9.741119959071117
3010479,8.990555919285494
3012261,8.569992389368757
3014043,7.804283623199958
3015825,10.301635588397305
3017607,7.804283623199958
3019389,8.183556952324889
3021171,8.183556952324889
3022953,9.083959872781142
3024735,10.472699092043856
3026517,9.851366645782779
3028299,9.851366645782779
3001570,30.34607745662561
3003352,30.34607745662561
3005134,30.34607745662561
3006916,32.01242690742703
3008698,32.01242690742703
3010480,30.84078455903923
3012262,30.42022102912249
3014044,29.886399634913154
3015826,33.68541788789049
3017608,29.886399634913154
3019390,30.4548639006808
3021172,30.4548639006808
3022954,30.934188512534874
3024736,32.32292773179758
3026518,32.34849996139108
3028300,32.34849996139108
3001571,-0.37414958143148197
3003353,-0.37414958143148197
3005135,-0.37414958143148197
3006917,1.2921998693699364
3008699,1.2921998693699364
3010481,0.33335062505784824
3012263,-0.08721290485888854
3014045,-0.8338274031439388
3015827,0.546943946310563
3017609,-0.8338274031439388
3019391,-0.2653631373762934
3021173,-0.2653631373762934
3022955,0.42675457855349463
3024737,0.7800023714432981
3026519,0.17776419306596788
3028301,0.17776419306596788
3001572,133.32599685398364
3003354,133.32599685398364
3005136,133.32599685398364
3006918,135.09706829195417
3008700,135.09706829195417
3010482,133.8207039563972
3012264,132.15104100421667
3014046,131.61721961000734
3015828,145.10920439053416
3017610,131.61721961000734
3019392,132.2904058629441
3021174,132.2904058629441
3022956,132.66500848762902
3024738,134.0005072595263
3026520,134.22737949713547
3028302,134.22737949713547
3001573,142.67904334704608
3003355,142.67904334704608
3005137,142.67904334704608
3006919,144.4501147850166
3008701,144.4501147850166
3010483,143.9693934239426
3012265,141.5040874972791
3014047,140.97026610306978
3015829,155.44939290536666
3017611,140.97026610306978
3019393,141.64345235600655
3021175,141.64345235600655
3022957,142.8136979551744
3024739,143.35355375258874
3026521,143.5804259901979
3028303,143.5804259901979
3001574,5.14442096324507
3003356,5.14442096324507
3005138,5.14442096324507
3006920,6.8107704140464875
3008702,6.8107704140464875
3010484,5.871015437618147
3012266,5.450451907701408
3014048,4.684743141532612
3015830,7.182095106729958
3017612,4.684743141532612
3019394,5.253207407300257
3021176,5.253207407300257
3022958,5.964419391113792
3024740,7.353158610376506
3026522,6.7318261641154304
3028304,6.7318261641154304
3001575,5.14442096324507
3003357,5.14442096324507
3005139,5.14442096324507
3006921,6.8107704140464875
3008703,6.8107704140464875
3010485,5.871015437618147
3012267,5.450451907701408
3014049,4.684743141532612
3015831,7.182095106729958
3017613,4.684743141532612
3019395,5.253207407300257
3021177,5.253207407300257
3022959,5.964419391113792
3024741,7.353158610376506
3026523,6.7318261641154304
3028305,6.7318261641154304
3001576,142.67904334704608
3003358,142.67904334704608
3005140,142.67904334704608
3006922,144.4501147850166
3008704,144.4501147850166
3010486,143.9693934239426
3012268,141.5040874972791
3014050,140.97026610306978
3015832,155.44939290536666
3017614,140.97026610306978
3019396,141.64345235600655
3021178,141.64345235600655
3022960,142.8136979551744
3024742,143.35355375258874
3026524,143.5804259901979
3028306,143.5804259901979
3001577,53.69013110610537
3003359,53.69013110610537
3005141,53.69013110610537
3006923,55.35648055690679
3008705,55.35648055690679
3010487,54.18483820851899
3012269,53.764274678602256
3014051,53.230453284392915
3015833,58.041924700819465
3017615,53.230453284392915
3019397,53.79891755016056
3021179,53.79891755016056
3022961,54.278242162014635
3024743,55.666981381277346
3026525,55.69255361087085
3028307,55.69255361087085
3001578,1031.6591824615384
3003360,1031.6591824615384
3005142,1053.1151268154904
3006924,1101.202186189878
3008706,1068.8020606737025
3010488,1031.2702168285757
3012270,962.9065056293315
3014052,962.5150320111234
3015834,1028.2828397659696
3017616,964.0336414851361
3019398,954.6884262568975
3021180,976.610668229603
3022962,945.1443788541662
3024744,912.5832903056111
3026526,896.1338113669831
3028308,896.1338113669831
3001579,3.9665350444547296
3003361,3.9665350444547296
3005143,3.9665350444547296
3006925,5.632884495256146
3008707,5.632884495256146
3010489,4.693129518827804
3012271,4.272565988911065
3014053,3.506857222742273
3015835,6.004209187939617
3017617,3.506857222742273
3019399,4.075321488509916
3021181,4.075321488509916
3022963,4.786533472323449
3024745,6.175272691586163
3026527,5.553940245325089
3028309,5.553940245325089
3001580,6.4467294762851735
3003362,6.4467294762851735
3005144,6.4467294762851735
3006926,8.113078927086592
3008708,8.113078927086592
3010490,7.1733239506582525
3012272,6.752760420741514
3014054,5.987051654572716
3015836,8.484403619770065
3017618,5.987051654572716
3019400,6.555515920340361
3021182,6.555515920340361
3022964,7.266727904153899
3024746,8.655467123416615
3026528,8.034134677155535
3028310,8.034134677155535
3001581,0.5615879677758743
3003363,0.5615879677758743
3005145,0.5615879677758743
3006927,2.038746481934575
3008709,2.038746481934575
3010491,1.269088174265204
3012273,0.8485246443484672
3014055,0.10191014606341776
3015837,1.4826814955179188
3017619,0.10191014606341776
3019401,0.48118347518834553
3021183,0.48118347518834553
3022965,1.3624921277608508
3024747,1.715739920650654
3026529,1.1135017422733242
3028311,1.1135017422733242
3001582,0.5615879677758743
3003364,0.5615879677758743
3005146,0.5615879677758743
3006928,2.038746481934575
3008710,2.038746481934575
3010492,1.269088174265204
3012274,0.8485246443484672
3014056,0.10191014606341776
3015838,1.4826814955179188
3017620,0.10191014606341776
3019402,0.48118347518834553
3021184,0.48118347518834553
3022966,1.3624921277608508
3024748,1.715739920650654
3026530,1.1135017422733242
3028312,1.1135017422733242
3001583,0.5615879677758743
3003365,0.5615879677758743
3005147,0.5615879677758743
3006929,2.038746481934575
3008711,2.038746481934575
3010493,1.269088174265204
3012275,0.8485246443484672
3014057,0.10191014606341776
3015839,1.4826814955179188
3017621,0.10191014606341776
3019403,0.48118347518834553
3021185,0.48118347518834553
3022967,1.3624921277608508
3024749,1.715739920650654
3026531,1.1135017422733242
3028313,1.1135017422733242
3001584,3.3248524897449676
3003366,3.3248524897449676
3005148,3.3248524897449676
3006930,4.802011003903667
3008712,4.802011003903667
3010494,4.032352696234299
3012276,3.611789166317561
3014058,2.865174668032511
3015840,4.245946017487011
3017622,2.865174668032511
3019404,3.244447997157437
3021186,3.244447997157437
3022968,4.1257566497299445
3024750,4.479004442619746
3026532,3.876766264242417
3028314,3.876766264242417
3001585,-0.029685866751191198
3003367,-0.029685866751191198
3005149,-0.029685866751191198
3006931,1.4474726474075086
3008713,1.4474726474075086
3010495,0.6778143397381385
3012277,0.2572508098214028
3014059,-0.4893636884636482
3015841,0.8914076609908526
3017623,-0.4893636884636482
3019405,-0.11009035933872001
3021187,-0.11009035933872001
3022969,0.7712182932337854
3024751,1.1244660861235887
3026533,0.5222279077462587
3028315,0.5222279077462587
3001586,-0.029685866751191198
3003368,-0.029685866751191198
3005150,-0.029685866751191198
3006932,1.4474726474075086
3008714,1.4474726474075086
3010496,0.6778143397381385
3012278,0.2572508098214028
3014060,-0.4893636884636482
3015842,0.8914076609908526
3017624,-0.4893636884636482
3019406,-0.11009035933872001
3021188,-0.11009035933872001
3022970,0.7712182932337854
3024752,1.1244660861235887
3026534,0.5222279077462587
3028316,0.5222279077462587
3001587,-0.029685866751191198
3003369,-0.029685866751191198
3005151,-0.029685866751191198
3006933,1.4474726474075086
3008715,1.4474726474075086
3010497,0.6778143397381385
3012279,0.2572508098214028
3014061,-0.4893636884636482
3015843,0.8914076609908526
3017625,-0.4893636884636482
3019407,-0.11009035933872001
3021189,-0.11009035933872001
3022971,0.7712182932337854
3024753,1.1244660861235887
3026535,0.5222279077462587
3028317,0.5222279077462587
3001588,1.79533533145275
3003370,1.79533533145275
3005152,1.79533533145275
3006934,3.2724938456114496
3008716,3.2724938456114496
3010498,2.5028355379420817
3012280,2.0822720080253454
3014062,1.3356575097402927
3015844,2.7164288591947954
3017626,1.3356575097402927
3019408,1.7149308388652205
3021190,1.7149308388652205
3022972,2.596239491437728
3024754,2.949487284327532
3026536,2.3472491059502
3028318,2.3472491059502
3001589,1.79533533145275
3003371,1.79533533145275
3005153,1.79533533145275
3006935,3.2724938456114496
3008717,3.2724938456114496
3010499,2.5028355379420817
3012281,2.0822720080253454
3014063,1.3356575097402927
3015845,2.7164288591947954
3017627,1.3356575097402927
3019409,1.7149308388652205
3021191,1.7149308388652205
3022973,2.596239491437728
3024755,2.949487284327532
3026537,2.3472491059502
3028319,2.3472491059502
3001590,1.6343113383821024
3003372,1.6343113383821024
3005154,1.6343113383821024
3006936,3.1114698525408024
3008718,3.1114698525408024
3010500,2.3418115448714345
3012282,1.921248014954698
3014064,1.1746335166696455
3015846,2.555404866124148
3017628,1.1746335166696455
3019410,1.5539068457945733
3021192,1.5539068457945733
3022974,2.435215498367081
3024756,2.788463291256885
3026538,2.1862251128795522
3028320,2.1862251128795522
3001591,1.6343113383821024
3003373,1.6343113383821024
3005155,1.6343113383821024
3006937,3.1114698525408024
3008719,3.1114698525408024
3010501,2.3418115448714345
3012283,1.921248014954698
3014065,1.1746335166696455
3015847,2.555404866124148
3017629,1.1746335166696455
3019411,1.5539068457945733
3021193,1.5539068457945733
3022975,2.435215498367081
3024757,2.788463291256885
3026539,2.1862251128795522
3028321,2.1862251128795522
3001592,2.8343773538602224
3003374,2.8343773538602224
3005156,2.8343773538602224
3006938,4.31153586801892
3008720,4.31153586801892
3010502,1.3312897351046664
3012284,0.9107262051879313
3014066,0.16411170690287952
3015848,1.5448830563573803
3017630,0.16411170690287952
3019412,0.5433850360278066
3021194,0.5433850360278066
3022976,6.0162689941352845
3024758,6.369516787025088
3026540,5.767278608647757
3028322,5.767278608647757
3001593,42.987773400262775
3003375,42.987773400262775
3005157,42.987773400262775
3006939,44.46493191442148
3008721,44.46493191442148
3010503,37.88808158242855
3012285,37.467518052511814
3014067,36.72090355422676
3015849,38.101674903681264
3017631,36.72090355422676
3019413,37.100176883351686
3021195,37.100176883351686
3022977,42.57306084145917
3024759,42.92630863434897
3026541,42.324070455971636
3028323,42.324070455971636
3001594,0.32216265164525926
3003376,0.32216265164525926
3005158,0.32216265164525926
3006940,1.7993211658039598
3008722,1.7993211658039598
3010504,1.0296628581345888
3012286,0.6090993282178523
3014068,-0.13751517006719755
3015850,1.2432561793873038
3017632,-0.13751517006719755
3019414,0.24175815905773052
3021196,0.24175815905773052
3022978,1.1230668116302356
3024760,1.476314604520039
3026542,0.8740764261427089
3028324,0.8740764261427089
3001595,-0.4991187221694223
3003377,-0.4991187221694223
3005159,-0.4991187221694223
3006941,0.978039791989278
3008723,0.978039791989278
3010505,0.20838148431990777
3012287,-0.21218204559682902
3014069,-0.9587965438818791
3015851,0.4219748055726225
3017633,-0.9587965438818791
3019415,-0.5795232147569513
3021197,-0.5795232147569513
3022979,0.30178543781555417
3024761,0.6550332307053575
3026543,0.052795052328027565
3028325,0.052795052328027565
3001596,-0.4991187221694223
3003378,-0.4991187221694223
3005160,-0.4991187221694223
3006942,0.978039791989278
3008724,0.978039791989278
3010506,0.20838148431990777
3012288,-0.21218204559682902
3014070,-0.9587965438818791
3015852,0.4219748055726225
3017634,-0.9587965438818791
3019416,-0.5795232147569513
3021198,-0.5795232147569513
3022980,0.30178543781555417
3024762,0.6550332307053575
3026544,0.052795052328027565
3028326,0.052795052328027565
3001597,-0.4991187221694223
3003379,-0.4991187221694223
3005161,-0.4991187221694223
3006943,0.978039791989278
3008725,0.978039791989278
3010507,0.20838148431990777
3012289,-0.21218204559682902
3014071,-0.9587965438818791
3015853,0.4219748055726225
3017635,-0.9587965438818791
3019417,-0.5795232147569513
3021199,-0.5795232147569513
3022981,0.30178543781555417
3024763,0.6550332307053575
3026545,0.052795052328027565
3028327,0.052795052328027565
3001598,-0.4991187221694223
3003380,-0.4991187221694223
3005162,-0.4991187221694223
3006944,0.978039791989278
3008726,0.978039791989278
3010508,0.20838148431990777
3012290,-0.21218204559682902
3014072,-0.9587965438818791
3015854,0.4219748055726225
3017636,-0.9587965438818791
3019418,-0.5795232147569513
3021200,-0.5795232147569513
3022982,0.30178543781555417
3024764,0.6550332307053575
3026546,0.052795052328027565
3028328,0.052795052328027565
3001599,-0.4991187221694223
3003381,-0.4991187221694223
3005163,-0.4991187221694223
3006945,0.978039791989278
3008727,0.978039791989278
3010509,0.20838148431990777
3012291,-0.21218204559682902
3014073,-0.9587965438818791
3015855,0.4219748055726225
3017637,-0.9587965438818791
3019419,-0.5795232147569513
3021201,-0.5795232147569513
3022983,0.30178543781555417
3024765,0.6550332307053575
3026547,0.052795052328027565
3028329,0.052795052328027565
3001600,-0.4991187221694223
3003382,-0.4991187221694223
3005164,-0.4991187221694223
3006946,0.978039791989278
3008728,0.978039791989278
3010510,0.20838148431990777
3012292,-0.21218204559682902
3014074,-0.9587965438818791
3015856,0.4219748055726225
3017638,-0.9587965438818791
3019420,-0.5795232147569513
3021202,-0.5795232147569513
3022984,0.30178543781555417
3024766,0.6550332307053575
3026548,0.052795052328027565
3028330,0.052795052328027565
3001601,-0.4991187221694223
3003383,-0.4991187221694223
3005165,-0.4991187221694223
3006947,0.978039791989278
3008729,0.978039791989278
3010511,0.20838148431990777
3012293,-0.21218204559682902
3014075,-0.9587965438818791
3015857,0.4219748055726225
3017639,-0.9587965438818791
3019421,-0.5795232147569513
3021203,-0.5795232147569513
3022985,0.30178543781555417
3024767,0.6550332307053575
3026549,0.052795052328027565
3028331,0.052795052328027565
3001602,-0.4991187221694223
3003384,-0.4991187221694223
3005166,-0.4991187221694223
3006948,0.978039791989278
3008730,0.978039791989278
3010512,0.20838148431990777
3012294,-0.21218204559682902
3014076,-0.9587965438818791
3015858,0.4219748055726225
3017640,-0.9587965438818791
3019422,-0.5795232147569513
3021204,-0.5795232147569513
3022986,0.30178543781555417
3024768,0.6550332307053575
3026550,0.052795052328027565
3028332,0.052795052328027565
3001603,-0.37414958143148197
3003385,-0.37414958143148197
3005167,-0.37414958143148197
3006949,1.2921998693699364
3008731,1.2921998693699364
3010513,0.33335062505784824
3012295,-0.08721290485888854
3014077,-0.8338274031439388
3015859,0.546943946310563
3017641,-0.8338274031439388
3019423,-0.2653631373762934
3021205,-0.2653631373762934
3022987,0.42675457855349463
3024769,0.7800023714432981
3026551,0.17776419306596788
3028333,0.17776419306596788
3001604,-0.37414958143148197
3003386,-0.37414958143148197
3005168,-0.37414958143148197
3006950,1.2921998693699364
3008732,1.2921998693699364
3010514,0.33335062505784824
3012296,-0.08721290485888854
3014078,-0.8338274031439388
3015860,0.546943946310563
3017642,-0.8338274031439388
3019424,-0.2653631373762934
3021206,-0.2653631373762934
3022988,0.42675457855349463
3024770,0.7800023714432981
3026552,0.17776419306596788
3028334,0.17776419306596788
3001605,-0.37414958143148197
3003387,-0.37414958143148197
3005169,-0.37414958143148197
3006951,1.2921998693699364
3008733,1.2921998693699364
3010515,0.33335062505784824
3012297,-0.08721290485888854
3014079,-0.8338274031439388
3015861,0.546943946310563
3017643,-0.8338274031439388
3019425,-0.2653631373762934
3021207,-0.2653631373762934
3022989,0.42675457855349463
3024771,0.7800023714432981
3026553,0.17776419306596788
3028335,0.17776419306596788
3001606,-0.37414958143148197
3003388,-0.37414958143148197
3005170,-0.37414958143148197
3006952,1.2921998693699364
3008734,1.2921998693699364
3010516,0.33335062505784824
3012298,-0.08721290485888854
3014080,-0.8338274031439388
3015862,0.546943946310563
3017644,-0.8338274031439388
3019426,-0.2653631373762934
3021208,-0.2653631373762934
3022990,0.42675457855349463
3024772,0.7800023714432981
3026554,0.17776419306596788
3028336,0.17776419306596788
3001607,-0.37414958143148197
3003389,-0.37414958143148197
3005171,-0.37414958143148197
3006953,1.2921998693699364
3008735,1.2921998693699364
3010517,0.33335062505784824
3012299,-0.08721290485888854
3014081,-0.8338274031439388
3015863,0.546943946310563
3017645,-0.8338274031439388
3019427,-0.2653631373762934
3021209,-0.2653631373762934
3022991,0.42675457855349463
3024773,0.7800023714432981
3026555,0.17776419306596788
3028337,0.17776419306596788
3001608,-0.37414958143148197
3003390,-0.37414958143148197
3005172,-0.37414958143148197
3006954,1.2921998693699364
3008736,1.2921998693699364
3010518,0.33335062505784824
3012300,-0.08721290485888854
3014082,-0.8338274031439388
3015864,0.546943946310563
3017646,-0.8338274031439388
3019428,-0.2653631373762934
3021210,-0.2653631373762934
3022992,0.42675457855349463
3024774,0.7800023714432981
3026556,0.17776419306596788
3028338,0.17776419306596788
3001609,-0.37414958143148197
3003391,-0.37414958143148197
3005173,-0.37414958143148197
3006955,1.2921998693699364
3008737,1.2921998693699364
3010519,0.33335062505784824
3012301,-0.08721290485888854
3014083,-0.8338274031439388
3015865,0.546943946310563
3017647,-0.8338274031439388
3019429,-0.2653631373762934
3021211,-0.2653631373762934
3022993,0.42675457855349463
3024775,0.7800023714432981
3026557,0.17776419306596788
3028339,0.17776419306596788
3001610,-0.5185752866263368
3003392,-0.5185752866263368
3005174,-0.5185752866263368
3006956,1.1477741641750812
3008738,1.1477741641750812
3010520,0.1889249198629933
3012302,-0.23163861005374342
3014084,-0.9782531083387935
3015866,0.40251824111570805
3017648,-0.9782531083387935
3019430,-0.4097888425711482
3021212,-0.4097888425711482
3022994,0.2823288733586397
3024776,0.635576666248443
3026558,0.033338487871113105
3028340,0.033338487871113105
3001611,-0.5185752866263368
3003393,-0.5185752866263368
3005175,-0.5185752866263368
3006957,1.1477741641750812
3008739,1.1477741641750812
3010521,0.1889249198629933
3012303,-0.23163861005374342
3014085,-0.9782531083387935
3015867,0.40251824111570805
3017649,-0.9782531083387935
3019431,-0.4097888425711482
3021213,-0.4097888425711482
3022995,0.2823288733586397
3024777,0.635576666248443
3026559,0.033338487871113105
3028341,0.033338487871113105
3001612,-0.5185752866263368
3003394,-0.5185752866263368
3005176,-0.5185752866263368
3006958,1.1477741641750812
3008740,1.1477741641750812
3010522,0.1889249198629933
3012304,-0.23163861005374342
3014086,-0.9782531083387935
3015868,0.40251824111570805
3017650,-0.9782531083387935
3019432,-0.4097888425711482
3021214,-0.4097888425711482
3022996,0.2823288733586397
3024778,0.635576666248443
3026560,0.033338487871113105
3028342,0.033338487871113105
3001613,-0.5185752866263368
3003395,-0.5185752866263368
3005177,-0.5185752866263368
3006959,1.1477741641750812
3008741,1.1477741641750812
3010523,0.1889249198629933
3012305,-0.23163861005374342
3014087,-0.9782531083387935
3015869,0.40251824111570805
3017651,-0.9782531083387935
3019433,-0.4097888425711482
3021215,-0.4097888425711482
3022997,0.2823288733586397
3024779,0.635576666248443
3026561,0.033338487871113105
3028343,0.033338487871113105
3001647,4.818210615536965
3003429,4.818210615536965
3005211,4.818210615536965
3006993,6.295369129695665
3008775,6.295369129695665
3010557,5.544805089910043
3012339,5.124241559993305
3014121,4.358532793824508
3015903,6.193657827078882
3017685,4.358532793824508
3019467,4.737806122949435
3021249,4.737806122949435
3023031,5.638209043405689
3024813,7.026948262668403
3026595,6.405615816407326
3028377,6.405615816407326
3001648,0.26744242273659746
3003430,0.26744242273659746
3005212,0.26744242273659746
3006994,1.7446009368952982
3008776,1.7446009368952982
3010558,0.9749426292259269
3012340,0.5543790993091906
3014122,-0.19223539897585917
3015904,0.5263090185356698
3017686,-0.19223539897585917
3019468,0.18703793014906867
3021250,0.18703793014906867
3023032,1.0683465827215737
3024814,1.4215943756113771
3026596,0.8193561972340472
3028378,0.8193561972340472
3001649,0.26744242273659746
3003431,0.26744242273659746
3005213,0.26744242273659746
3006995,1.7446009368952982
3008777,1.7446009368952982
3010559,0.9749426292259269
3012341,0.5543790993091906
3014123,-0.19223539897585917
3015905,0.5263090185356698
3017687,-0.19223539897585917
3019469,0.18703793014906867
3021251,0.18703793014906867
3023033,1.0683465827215737
3024815,1.4215943756113771
3026597,0.8193561972340472
3028379,0.8193561972340472
3001650,884.1398098382854
3003432,884.1398098382854
3005214,884.1398098382854
3006996,894.5723824431471
3008778,894.5723824431471
3010560,882.2902591863849
3012342,837.6524903586864
3014124,837.2610167404782
3015906,883.706453842752
3017688,821.1792867860345
3019470,821.9796877295504
3021252,821.9796877295504
3023034,822.9671867437156
3024816,793.04012172577
3026598,784.5318058132783
3028380,784.5318058132783
3001651,-0.3238314117904682
3003433,-0.3238314117904682
3005215,-0.3238314117904682
3006997,1.1533271023682332
3008779,1.1533271023682332
3010561,0.3836687946988621
3012343,-0.036894735217874314
3014125,-0.7835092335029249
3015907,-0.06496481599139557
3017689,-0.7835092335029249
3019471,-0.40423590437799695
3021253,-0.40423590437799695
3023035,0.47707274819450846
3024817,0.8303205410843119
3026599,0.22808236270698168
3028381,0.22808236270698168
3001652,77.83680997568831
3003434,77.83680997568831
3005216,77.83680997568831
3006998,79.60788141365883
3008780,79.60788141365883
3010562,78.33151707810195
3012344,77.9109535481852
3014126,77.37713215397586
3015908,85.03492672790253
3017690,77.37713215397586
3019472,78.05031840691261
3021254,78.05031840691261
3023036,78.4249210315976
3024818,79.81366025086031
3026600,79.83923248045382
3028382,79.83923248045382
3001653,4.649811161502785
3003435,4.649811161502785
3005217,4.649811161502785
3006999,6.126969675661485
3008781,6.126969675661485
3010563,5.376405635875862
3012345,4.955842105959124
3014127,4.190133339790328
3015909,6.025258373044702
3017691,4.190133339790328
3019473,4.569406668915255
3021255,4.569406668915255
3023037,5.469809589371508
3024819,6.858548808634224
3026601,6.237216362373146
3028383,6.237216362373146
3001654,328.0774941457674
3003436,328.0774941457674
3005218,328.0774941457674
3007000,335.10304216245595
3008782,335.10304216245595
3010564,323.55774957504923
3012346,311.16773815926325
3014128,310.6339167650539
3015910,335.0282476521695
3017692,310.6339167650539
3019474,311.4830957454344
3021256,311.4830957454344
3023038,312.4773486171586
3024820,304.812132239312
3026602,306.6508313064696
3028384,306.6508313064696
3001655,174.18934233444068
3003437,174.18934233444068
3005219,174.18934233444068
3007001,175.96041377241121
3008783,175.96041377241121
3010565,175.4796924113372
3012347,171.70004715328471
3014129,171.1662257590754
3015911,185.07328624917784
3017693,171.1662257590754
3019475,171.83941201201216
3021257,171.83941201201216
3023039,173.00965761118002
3024821,173.54951340859435
3026603,173.94823294502478
3028385,173.94823294502478
3001656,58.34436997685677
3003438,58.34436997685677
3005220,58.34436997685677
3007002,59.82152849101547
3008784,59.82152849101547
3010566,58.83907707927039
3012348,58.418513549353655
3014130,57.884692155144315
3015912,62.09917291471096
3017694,57.884692155144315
3019476,58.26396548426924
3021258,58.26396548426924
3023040,58.932481032766034
3024822,60.321220252028745
3026604,60.34679248162225
3028386,60.34679248162225
3001657,76.71565340917553
3003439,76.71565340917553
3005221,76.71565340917553
3007003,78.48672484714605
3008785,78.48672484714605
3010567,77.21036051158917
3012349,76.78979698167242
3014131,76.25597558746308
3015913,83.91377016138973
3017695,76.25597558746308
3019477,76.92916184039983
3021259,76.92916184039983
3023041,77.30376446508483
3024823,78.69250368434753
3026605,78.71807591394104
3028387,78.71807591394104
3001658,41.62750634562795
3003440,41.62750634562795
3005222,41.62750634562795
3007004,43.10466485978665
3008786,43.10466485978665
3010568,39.911625622796684
3012350,39.49106209287995
3014132,38.95724069867061
3015914,42.159268294788056
3017696,38.95724069867061
3019478,39.33651402779554
3021260,39.33651402779554
3023042,44.596604881827304
3024824,45.985344101090014
3026606,46.01091633068352
3028388,46.01091633068352
3001659,1157.145402126967
3003441,1157.145402126967
3005223,1157.145402126967
3007005,1203.8584178721687
3008787,1171.4582923559933
3010569,1150.1704627043796
3012351,1082.5855332704355
3014133,1082.1940596522275
3015915,1147.9618674070744
3017697,1062.2567247722886
3019479,1051.5374659148642
3021261,1073.4597078875697
3023043,1068.6362000355045
3024825,1036.0751114869502
3026607,1019.6256325483224
3028389,1019.6256325483224
3001660,0.028017106605982042
3003442,0.028017106605982042
3005224,0.028017106605982042
3007006,1.505175620764683
3008788,1.505175620764683
3010570,0.7355173130953117
3012352,0.3149537831785756
3014134,-0.4316607151064746
3015916,0.47993606835953745
3017698,-0.4316607151064746
3019480,-0.05238738598154647
3021262,-0.05238738598154647
3023044,0.8289212665909582
3024826,1.182169059480762
3026608,0.5799308811034319
3028390,0.5799308811034319
3001661,-0.7932642672086996
3003443,-0.7932642672086996
3005225,-0.7932642672086996
3007007,0.6838942469500009
3008789,0.6838942469500009
3010571,-0.0857640607193698
3012353,-0.5063275906361064
3014135,-1.2529420889211558
3015917,-0.3413453054551442
3017699,-1.2529420889211558
3019481,-0.8736687597962285
3021263,-0.8736687597962285
3023045,0.007639892776276705
3024827,0.36088768566608015
3026609,-0.24135049271124936
3028391,-0.24135049271124936
3001662,4.8123132613255
3003444,4.8123132613255
3005226,4.8123132613255
3007008,6.2894717754842
3008790,6.2894717754842
3010572,5.538907735698578
3012354,5.118344205781839
3014136,4.352635439613043
3015918,6.380812838821899
3017700,4.352635439613043
3019482,4.73190876873797
3021264,4.73190876873797
3023046,5.632311689194223
3024828,7.021050908456937
3026610,6.399718462195861
3028392,6.399718462195861
3001663,4.8123132613255
3003445,4.8123132613255
3005227,4.8123132613255
3007009,6.2894717754842
3008791,6.2894717754842
3010573,5.538907735698578
3012355,5.118344205781839
3014137,4.352635439613043
3015919,6.380812838821899
3017701,4.352635439613043
3019483,4.73190876873797
3021265,4.73190876873797
3023047,5.632311689194223
3024829,7.021050908456937
3026611,6.399718462195861
3028393,6.399718462195861
3001664,-0.7932642672086996
3003446,-0.7932642672086996
3005228,-0.7932642672086996
3007010,0.6838942469500009
3008792,0.6838942469500009
3010574,-0.0857640607193698
3012356,-0.5063275906361064
3014138,-1.2529420889211558
3015920,-0.3413453054551442
3017702,-1.2529420889211558
3019484,-0.8736687597962285
3021266,-0.8736687597962285
3023048,0.007639892776276705
3024830,0.36088768566608015
3026612,-0.24135049271124936
3028394,-0.24135049271124936
3001665,97.78412906667555
3003447,97.78412906667555
3005229,97.78412906667555
3007011,99.55520050464607
3008793,99.55520050464607
3010575,98.27883616908919
3012357,97.85827263917244
3014139,97.3244512449631
3015921,104.51343076648602
3017703,97.3244512449631
3019485,97.99763749789985
3021267,97.99763749789985
3023049,98.37224012258484
3024831,101.16723954277585
3026613,101.19281177236935
3028395,101.19281177236935
3001666,-0.7932642672086996
3003448,-0.7932642672086996
3005230,-0.7932642672086996
3007012,0.6838942469500009
3008794,0.6838942469500009
3010576,-0.0857640607193698
3012358,-0.5063275906361064
3014140,-1.2529420889211558
3015922,-0.3413453054551442
3017704,-1.2529420889211558
3019486,-0.8736687597962285
3021268,-0.8736687597962285
3023050,0.007639892776276705
3024832,0.36088768566608015
3026614,-0.24135049271124936
3028396,-0.24135049271124936
3001667,-0.7932642672086996
3003449,-0.7932642672086996
3005231,-0.7932642672086996
3007013,0.6838942469500009
3008795,0.6838942469500009
3010577,-0.0857640607193698
3012359,-0.5063275906361064
3014141,-1.2529420889211558
3015923,-0.3413453054551442
3017705,-1.2529420889211558
3019487,-0.8736687597962285
3021269,-0.8736687597962285
3023051,0.007639892776276705
3024833,0.36088768566608015
3026615,-0.24135049271124936
3028397,-0.24135049271124936
3001668,5.8040411664620875
3003450,5.8040411664620875
3005232,5.8040411664620875
3007014,7.281199680620787
3008796,7.281199680620787
3010578,6.530635640835164
3012360,6.110072110918425
3014142,5.34436334474963
3015924,7.372540743958485
3017706,5.34436334474963
3019488,5.723636673874557
3021270,5.723636673874557
3023052,6.624039594330809
3024834,8.012778813593526
3026616,7.391446367332447
3028398,7.391446367332447
3001669,74.80251370128055
3003451,74.80251370128055
3005233,74.80251370128055
3007015,76.46886315208197
3008797,76.46886315208197
3010579,75.29722080369419
3012361,74.87665727377744
3014143,74.3428358795681
3015925,81.11300623182574
3017707,74.3428358795681
3019489,74.91130014533574
3021271,74.91130014533574
3023053,75.39062475718984
3024835,76.77936397645254
3026617,76.80493620604605
3028399,76.80493620604605
3001670,-0.668295126470759
3003452,-0.668295126470759
3005234,-0.668295126470759
3007016,0.998054324330659
3008798,0.998054324330659
3010580,0.03920508001857076
3012362,-0.3813584498981658
3014144,-1.127972948183215
3015926,-0.21637616471720356
3017708,-1.127972948183215
3019490,-0.5595086824155704
3021272,-0.5595086824155704
3023054,0.13260903351421732
3024836,0.4858568264040207
3026618,-0.11638135197330894
3028400,-0.11638135197330894
3001671,36.980364511208315
3003453,36.980364511208315
3005235,36.980364511208315
3007017,38.646713962009734
3008799,38.646713962009734
3010581,37.475071613621935
3012363,37.0545080837052
3014145,36.52068668949586
3015927,39.72271428561331
3017709,36.52068668949586
3019491,37.089150955263506
3021273,37.089150955263506
3023055,37.56847556711758
3024837,38.95721478638029
3026619,38.9827870159738
3028401,38.9827870159738
3001672,100.86436817961581
3003454,100.86436817961581
3005236,100.86436817961581
3007018,102.63543961758633
3008800,102.63543961758633
3010582,101.35907528202945
3012364,100.9385117521127
3014146,100.40469035790336
3015928,109.10021901415463
3017710,100.40469035790336
3019492,101.07787661084011
3021274,101.07787661084011
3023056,101.4524792355251
3024838,104.24747865571611
3026620,104.27305088530962
3028402,104.27305088530962
3001673,-0.668295126470759
3003455,-0.668295126470759
3005237,-0.668295126470759
3007019,0.998054324330659
3008801,0.998054324330659
3010583,0.03920508001857076
3012365,-0.3813584498981658
3014147,-1.127972948183215
3015929,-0.21637616471720356
3017711,-1.127972948183215
3019493,-0.5595086824155704
3021275,-0.5595086824155704
3023057,0.13260903351421732
3024839,0.4858568264040207
3026621,-0.11638135197330894
3028403,-0.11638135197330894
3001674,2.347200035696214
3003456,2.347200035696214
3005238,2.347200035696214
3007020,4.013549486497629
3008802,4.013549486497629
3010584,3.0737945100692876
3012366,2.6532309801525518
3014148,1.8875222139837573
3015930,3.9156996131926145
3017712,1.8875222139837573
3019494,2.4559864797514024
3021276,2.4559864797514024
3023058,3.1671984635649344
3024840,4.555937682827649
3026622,3.934605236566576
3028404,3.934605236566576
3001675,58.79600101157889
3003457,58.79600101157889
3005239,58.79600101157889
3007021,60.46235046238031
3008803,60.46235046238031
3010585,59.29070811399251
3012367,58.870144584075774
3014149,58.336323189866434
3015931,62.55080394943312
3017713,58.336323189866434
3019495,58.90478745563408
3021277,58.90478745563408
3023059,59.384112067488154
3024841,60.772851286750864
3026623,60.79842351634437
3028405,60.79842351634437
3001676,20.387968016848045
3003458,20.387968016848045
3005240,20.387968016848045
3007022,22.054317467649465
3008804,22.054317467649465
3010586,21.114562491221122
3012368,20.693998961304384
3014150,19.928290195135588
3015932,21.95646759434445
3017714,19.928290195135588
3019496,20.496754460903233
3021278,20.496754460903233
3023060,21.207966444716767
3024842,22.596705663979485
3026624,22.390390521613533
3028406,22.390390521613533
3001677,221.3000564277786
3003459,221.3000564277786
3005241,221.3000564277786
3007023,223.07112786574913
3008805,223.07112786574913
3010587,222.59040650467512
3012369,215.7073373607792
3014151,215.17351596656988
3015933,227.33056722927023
3017715,215.17351596656988
3019497,215.84670221950665
3021279,215.84670221950665
3023061,217.0169478186745
3024843,217.55680361608884
3026625,217.95552315251928
3028407,217.95552315251928
3001678,-0.8127208316656138
3003460,-0.8127208316656138
3005242,-0.8127208316656138
3007024,0.8536286191358038
3008806,0.8536286191358038
3010588,-0.10522062517628424
3012370,-0.5257841550930209
3014152,-1.2723986533780702
3015934,-0.3608018699120585
3017716,-1.2723986533780702
3019498,-0.7039343876104254
3021280,-0.7039343876104254
3023062,-0.011816671680637748
3024844,0.3414311212091657
3026626,-0.26080705716816394
3028408,-0.26080705716816394
3001679,8.966126549234833
3003461,8.966126549234833
3005243,8.966126549234833
3007025,10.632476000036249
3008807,10.632476000036249
3010589,9.692721023607909
3012371,9.272157493691171
3014153,8.506448727522375
3015935,10.534626126731231
3017717,8.506448727522375
3019499,9.07491299329002
3021281,9.07491299329002
3023063,9.786124977103556
3024845,11.17486419636627
3026627,10.553531750105194
3028409,10.553531750105194
3001680,9.444426561029152
3003462,9.444426561029152
3005244,9.444426561029152
3007026,10.921585075187851
3008808,10.921585075187851
3010590,10.171021035402228
3012372,9.75045750548549
3014154,8.984748739316695
3015936,10.819873772571068
3017718,8.984748739316695
3019500,9.364022068441622
3021282,9.364022068441622
3023064,10.264424988897876
3024846,11.65316420816059
3026628,11.031831761899513
3028410,11.031831761899513
3001681,0.6481204592999107
3003463,0.6481204592999107
3005245,0.6481204592999107
3007027,2.1252789734586117
3008809,2.1252789734586117
3010591,1.3556206657892402
3012373,0.9350571358725038
3014155,0.18844263758745416
3015937,0.9069870550989833
3017719,0.18844263758745416
3019501,0.567715966712382
3021283,0.567715966712382
3023065,1.449024619284887
3024847,1.8022724121746907
3026629,1.2000342337973606
3028411,1.2000342337973606
3001682,4.136687945320426
3003464,4.136687945320426
3005246,4.136687945320426
3007028,5.613846459479126
3008810,5.613846459479126
3010592,4.863282419693499
3012374,4.442718889776762
3014156,3.6770101236079697
3015938,5.512135156862343
3017720,3.6770101236079697
3019502,4.056283452732894
3021284,4.056283452732894
3023066,4.956686373189145
3024848,6.345425592451859
3026630,5.724093146190788
3028412,5.724093146190788
3001683,1617.1484749444287
3003465,1602.8077533691915
3005247,1602.8077533691915
3007029,1680.3639226091232
3008811,1649.91391961014
3010593,1622.9904301391705
3012375,1559.3888295756058
3014157,1558.9973559573978
3015939,1660.0583270557395
3017721,1507.9012799995812
3019503,1506.4391832239946
3021285,1530.3115477138924
3023067,1528.6609122979294
3024849,1558.8451897916902
3026631,1542.3957108530626
3028413,1528.0549892778254
3001684,0.0568466247728453
3003466,0.0568466247728453
3005248,0.0568466247728453
3007030,1.5340051389315457
3008812,1.5340051389315457
3010594,0.7643468312621756
3012376,0.3437833013454398
3014158,-0.40283119693961134
3015940,0.3157132205719182
3017722,-0.40283119693961134
3019504,-0.02355786781468349
3021286,-0.02355786781468349
3023068,0.8577507847578224
3024850,1.2109985776476258
3026632,0.6087603992702955
3028414,0.6087603992702955
3001685,319.188088674457
3003467,319.188088674457
3005249,319.188088674457
3007031,326.21363669114555
3008813,326.21363669114555
3010595,314.66834410373883
3012377,302.27833268795285
3014159,301.7445112937435
3015941,328.6543298574327
3017723,301.7445112937435
3019505,302.59369027412407
3021287,302.59369027412407
3023069,303.5879431458482
3024851,295.9227267680016
3026633,297.76142583515923
3028415,297.76142583515923
3001686,9.276027106994972
3003468,9.276027106994972
3005250,9.276027106994972
3007032,10.753185621153671
3008814,10.753185621153671
3010596,10.002621581368048
3012378,9.58205805145131
3014160,8.816349285282515
3015942,10.651474318536886
3017724,8.816349285282515
3019506,9.195622614407442
3021288,9.195622614407442
3023070,10.096025534863696
3024852,11.48476475412641
3026634,10.863432307865333
3028416,10.863432307865333
3001687,1036.4360063619818
3003469,1036.4360063619818
3005251,1036.4360063619818
3007033,1083.1490221071836
3008815,1052.6990191082004
3010597,1035.268258963718
3012379,983.3708542169865
3014161,982.9793805987783
3015943,1050.6973108708164
3017725,963.0420457188391
3019507,952.322786861415
3021289,976.1951513513128
3023071,964.8299456765202
3024853,947.2953981054152
3026635,930.8459191667872
3028417,930.8459191667872
3001688,535.0197189613975
3003470,535.0197189613975
3005252,535.0197189613975
3007034,543.6244757437128
3008816,543.6244757437128
3010598,529.0866883262806
3012380,509.0856593224423
3014162,508.551837928233
3015944,538.3429282133335
3017726,508.551837928233
3019508,507.5244230492024
3021290,507.5244230492024
3023072,503.0436685546603
3024854,484.10690612975037
3026636,485.945605196908
3028418,485.945605196908
3001689,175.10346276328607
3003471,175.10346276328607
3005253,175.10346276328607
3007035,176.8745342012566
3008817,176.8745342012566
3010599,176.3938128401826
3012381,172.6141675821301
3014163,172.08034618792078
3015945,188.5028943545968
3017727,172.08034618792078
3019509,172.75353244085755
3021291,172.75353244085755
3023073,173.9237780400254
3024855,174.46363383743974
3026637,174.86235337387018
3028419,174.86235337387018
3001690,165.23877215401708
3003472,165.23877215401708
3005254,165.23877215401708
3007036,167.00984359198762
3008818,167.00984359198762
3010600,166.5291222309136
3012382,162.74947697286112
3014164,162.2156555786518
3015946,178.63820374532781
3017728,162.2156555786518
3019510,162.88884183158856
3021292,162.88884183158856
3023074,164.05908743075642
3024856,164.59894322817075
3026638,164.82581546577993
3028420,164.82581546577993
3001691,60.7912556053309
3003473,60.7912556053309
3005255,60.7912556053309
3007037,62.268414119489606
3008819,62.268414119489606
3010601,59.07537488249964
3012383,58.654811352582904
3014165,58.12098995837356
3015947,62.33547071794022
3017729,58.12098995837356
3019511,58.50026328749849
3021293,58.50026328749849
3023075,63.76035414153026
3024857,65.14909336079296
3026639,65.17466559038647
3028421,65.17466559038647
3001692,2836.869022757772
3003474,2778.3844838868476
3005256,2763.7872773600684
3007038,2984.2611335745073
3008820,2951.861008058332
3010602,2822.306579401412
3012384,2739.2362604146124
3014166,2738.844786796404
3015948,2792.0358838393327
3017730,2627.323818944909
3019512,2669.385541523147
3021294,2713.192917982234
3023076,2630.307749981723
3024858,2618.709462990123
3026640,2625.169143034502
3028422,2566.6846041635777
3001693,6.421380662218315
3003475,6.421380662218315
3005257,6.421380662218315
3007039,7.898539176377015
3008821,7.898539176377015
3010603,7.147975136591392
3012385,6.727411606674654
3014167,5.961702840505858
3015949,7.989880239714717
3017731,5.961702840505858
3019513,6.3409761696307845
3021295,6.3409761696307845
3023077,7.241379090087038
3024859,8.630118309349758
3026641,8.00878586308868
3028423,8.00878586308868
3001694,1.4070713001247503
3003476,1.4070713001247503
3005258,1.4070713001247503
3007040,2.8842298142834504
3008822,2.8842298142834504
3010604,2.114571506614082
3012386,1.694007976697346
3014168,0.9473934784122939
3015950,2.354962686813281
3017732,0.9473934784122939
3019514,1.3266668075372219
3021296,1.3266668075372219
3023078,2.207975460109729
3024860,3.0313218596980147
3026642,2.429083681320683
3028424,2.429083681320683
3001695,4.130790591108954
3003477,4.130790591108954
3005259,4.130790591108954
3007041,5.607949105267654
3008823,5.607949105267654
3010605,4.857385065482028
3012387,4.436821535565289
3014169,3.671112769396497
3015951,5.699290168605353
3017733,3.671112769396497
3019515,4.0503860985214235
3021297,4.0503860985214235
3023079,4.950789018977673
3024861,6.339528238240387
3026643,5.718195791979315
3028425,5.718195791979315
3001696,9.437825036906556
3003478,9.437825036906556
3005260,9.437825036906556
3007042,10.914983551065255
3008824,10.914983551065255
3010606,10.164419511279634
3012388,9.743855981362897
3014170,8.978147215194099
3015952,11.006324614402953
3017734,8.978147215194099
3019516,9.357420544319027
3021298,9.357420544319027
3023080,10.257823464775282
3024862,11.646562684037995
3026644,11.025230237776917
3028426,11.025230237776917
3001697,1.4070713001247503
3003479,1.4070713001247503
3005261,1.4070713001247503
3007043,2.8842298142834504
3008825,2.8842298142834504
3010607,2.114571506614082
3012389,1.694007976697346
3014171,0.9473934784122939
3015953,2.354962686813281
3017735,0.9473934784122939
3019517,1.3266668075372219
3021299,1.3266668075372219
3023081,2.207975460109729
3024863,3.0313218596980147
3026645,2.429083681320683
3028427,2.429083681320683
3001698,222.37244792557433
3003480,222.37244792557433
3005262,222.37244792557433
3007044,224.14351936354487
3008826,224.14351936354487
3010608,223.66279800247085
3012390,216.77972885857494
3014172,216.24590746436562
3015954,230.91844640363954
3017736,216.24590746436562
3019518,216.9190937173024
3021300,216.9190937173024
3023082,218.08933931647024
3024864,218.62919511388458
3026646,219.027914650315
3028428,219.027914650315
3001699,3.0973303775134635
3003481,3.0973303775134635
3005263,3.0973303775134635
3007045,4.574488891672162
3008827,4.574488891672162
3010609,3.8239248518865376
3012391,3.403361321969801
3014173,2.637652555801007
3015955,4.665829955009863
3017737,2.637652555801007
3019519,3.016925884925934
3021301,3.016925884925934
3023083,3.917328805382185
3024865,5.306068024644899
3026647,4.684735578383825
3028429,4.684735578383825
3001700,-0.4125862306453858
3003482,-0.4125862306453858
3005264,-0.4125862306453858
3007046,1.064572283513315
3008828,1.064572283513315
3010610,0.2949139758439438
3012392,-0.12564955407279277
3014174,-0.8722640523578425
3015956,0.03933273110816948
3017738,-0.8722640523578425
3019520,-0.4929907232329147
3021302,-0.4929907232329147
3023084,0.3883179293395904
3024866,0.7415657222293938
3026648,0.13932754385206414
3028430,0.13932754385206414
3001701,10.999749928484588
3003483,10.999749928484588
3005265,10.999749928484588
3007047,12.476908442643287
3008829,12.476908442643287
3010611,11.726344402857665
3012393,11.305780872940927
3014175,10.540072106772131
3015957,12.568249505980987
3017739,10.540072106772131
3019521,10.919345435897059
3021303,10.919345435897059
3023085,11.819748356353312
3024867,13.208487575616026
3026649,12.587155129354949
3028431,12.587155129354949
3001702,7.400697311614225
3003484,7.400697311614225
3005266,7.400697311614225
3007048,9.067046762415643
3008830,9.067046762415643
3010612,8.127291785987305
3012394,7.706728256070564
3014176,6.941019489901768
3015958,8.969196889110624
3017740,6.941019489901768
3019522,7.509483755669413
3021304,7.509483755669413
3023086,8.220695739482952
3024868,9.609434958745664
3026650,8.988102512484588
3028432,8.988102512484588
3001703,1.532040440862691
3003485,1.532040440862691
3005267,1.532040440862691
3007049,3.1983898916641085
3008831,3.1983898916641085
3010613,2.239540647352023
3012395,1.818977117435286
3014177,1.072362619150235
3015959,2.4799318275512223
3017741,1.072362619150235
3019523,1.6408268849178798
3021305,1.6408268849178798
3023087,2.3329446008476697
3024869,3.1562910004359552
3026651,2.554052822058624
3028433,2.554052822058624
3001704,211.77378742439862
3003486,211.77378742439862
3005268,211.77378742439862
3007050,213.54485886236915
3008832,213.54485886236915
3010614,213.06413750129514
3012396,206.18106835739923
3014178,205.6472469631899
3015960,220.31978590246382
3017742,205.6472469631899
3019524,206.32043321612667
3021306,206.32043321612667
3023088,207.49067881529453
3024870,208.03053461270886
3026652,208.4292541491393
3028434,208.4292541491393
3001705,231.64467926171108
3003487,231.64467926171108
3005269,231.64467926171108
3007051,233.4157506996816
3008833,233.4157506996816
3010615,232.9350293386076
3012397,226.05196019471168
3014179,225.51813880050236
3015961,239.6470396287308
3017743,225.51813880050236
3019525,226.19132505343913
3021307,226.19132505343913
3023089,227.36157065260699
3024871,220.72809645128999
3026653,221.12681598772042
3028435,221.12681598772042
3001706,1.532040440862691
3003488,1.532040440862691
3005270,1.532040440862691
3007052,3.1983898916641085
3008834,3.1983898916641085
3010616,2.239540647352023
3012398,1.818977117435286
3014180,1.072362619150235
3015962,2.4799318275512223
3017744,1.072362619150235
3019526,1.6408268849178798
3021308,1.6408268849178798
3023090,2.3329446008476697
3024872,3.1562910004359552
3026654,2.554052822058624
3028436,2.554052822058624
3001707,7.400697311614225
3003489,7.400697311614225
3005271,7.400697311614225
3007053,9.067046762415643
3008835,9.067046762415643
3010617,8.127291785987305
3012399,7.706728256070564
3014181,6.941019489901768
3015963,8.969196889110624
3017745,6.941019489901768
3019527,7.509483755669413
3021309,7.509483755669413
3023091,8.220695739482952
3024873,9.609434958745664
3026655,8.988102512484588
3028437,8.988102512484588
3001708,97.72008125220411
3003490,97.72008125220411
3005272,97.72008125220411
3007054,99.49115269017463
3008836,99.49115269017463
3010618,98.21478835461775
3012400,97.794224824701
3014182,97.26040343049166
3015964,104.44938295201459
3017746,97.26040343049166
3019528,97.93358968342841
3021310,97.93358968342841
3023092,98.3081923081134
3024874,101.10319172830441
3026656,101.12876395789792
3028438,101.12876395789792
3001709,61.50101804586702
3003491,61.50101804586702
3005273,61.50101804586702
3007055,63.16736749666844
3008837,63.16736749666844
3010619,61.99572514828064
3012401,61.57516161836391
3014183,61.04134022415457
3015965,66.97384381256684
3017747,61.04134022415457
3019529,61.60980448992221
3021311,61.60980448992221
3023093,62.08912910177629
3024875,63.47786832103902
3026657,63.503440550632526
3028439,63.503440550632526
3001710,871.0323766977368
3003492,871.0323766977368
3005274,882.7683778508672
3007056,896.6796083451857
3008838,896.6796083451857
3010620,869.1828260458364
3012402,816.6550861346627
3014184,816.2636125164546
3015966,864.8136638789995
3017748,811.9178837151412
3019530,816.1969425481138
3021312,816.1969425481138
3023094,801.969782519692
3024876,766.3025310807051
3026658,757.7942151682134
3028440,757.7942151682134
3001711,-0.43204279510230026
3003493,-0.43204279510230026
3005275,-0.43204279510230026
3007057,1.2343066556991178
3008839,1.2343066556991178
3010621,0.27545741138702934
3012403,-0.14510611852970723
3014185,-0.891720616814757
3015967,0.019876166651255023
3017749,-0.891720616814757
3019531,-0.3232563510471116
3021313,-0.3232563510471116
3023095,0.36886136488267596
3024877,0.7221091577724793
3026659,0.1198709793951497
3028441,0.1198709793951497
3001712,2.471674676355332
3003494,2.471674676355332
3005276,2.471674676355332
3007058,4.138024127156748
3008840,4.138024127156748
3010622,3.198269150728407
3012404,2.777705620811671
3014186,2.011996854642875
3015968,4.04017425385173
3017750,2.011996854642875
3019532,2.5804611204105203
3021314,2.5804611204105203
3023096,3.2916731042240537
3024878,4.680412323486767
3026660,4.059079877225693
3028442,4.059079877225693
3001713,2.4689345053659095
3003495,2.4689345053659095
3005277,2.4689345053659095
3007059,3.9460930195246093
3008841,3.9460930195246093
3010623,3.1955289797389863
3012405,2.774965449822251
3014187,2.0092566836534522
3015969,3.844381716907825
3017751,2.0092566836534522
3019533,2.38853001277838
3021315,2.38853001277838
3023097,3.2889329332346335
3024879,4.677672152497346
3026661,4.056339706236271
3028443,4.056339706236271
3001714,0.26744242273659746
3003496,0.26744242273659746
3005278,0.26744242273659746
3007060,1.7446009368952982
3008842,1.7446009368952982
3010624,0.9749426292259269
3012406,0.5543790993091906
3014188,-0.19223539897585917
3015970,0.5263090185356698
3017752,-0.19223539897585917
3019534,0.18703793014906867
3021316,0.18703793014906867
3023098,1.0683465827215737
3024880,1.4215943756113771
3026662,0.8193561972340472
3028444,0.8193561972340472
3001715,0.26744242273659746
3003497,0.26744242273659746
3005279,0.26744242273659746
3007061,1.7446009368952982
3008843,1.7446009368952982
3010625,0.9749426292259269
3012407,0.5543790993091906
3014189,-0.19223539897585917
3015971,0.5263090185356698
3017753,-0.19223539897585917
3019535,0.18703793014906867
3021317,0.18703793014906867
3023099,1.0683465827215737
3024881,1.4215943756113771
3026663,0.8193561972340472
3028445,0.8193561972340472
3001716,663.8346936229675
3003498,663.8346936229675
3005280,663.8346936229675
3007062,674.2672662278293
3008844,674.2672662278293
3010626,657.7593152118494
3012408,637.7582862080116
3014190,637.3668125898034
3015972,667.1044472910838
3017754,637.3668125898034
3019536,638.1672135333193
3021318,638.1672135333193
3023100,631.7162954402295
3024882,618.5197194363608
3026664,620.5007662795197
3028446,620.5007662795197
3001717,-0.3238314117904682
3003499,-0.3238314117904682
3005281,-0.3238314117904682
3007063,1.1533271023682332
3008845,1.1533271023682332
3010627,0.3836687946988621
3012409,-0.036894735217874314
3014191,-0.7835092335029249
3015973,-0.06496481599139557
3017755,-0.7835092335029249
3019537,-0.40423590437799695
3021319,-0.40423590437799695
3023101,0.47707274819450846
3024883,0.8303205410843119
3026665,0.22808236270698168
3028447,0.22808236270698168
3001718,74.0164380249284
3003500,74.0164380249284
3005282,74.0164380249284
3007064,75.49359653908711
3008846,75.49359653908711
3010628,74.51114512734205
3012410,74.0905815974253
3014192,73.55676020321596
3015974,80.3269305554736
3017756,73.55676020321596
3019538,73.93603353234089
3021320,73.93603353234089
3023102,74.6045490808377
3024884,75.9932883001004
3026666,76.01886052969391
3028448,76.01886052969391
3001719,2.9818295799321186
3003501,2.9818295799321186
3005283,2.9818295799321186
3007065,4.4589880940908175
3008847,4.4589880940908175
3010629,3.7084240543051967
3012411,3.287860524388459
3014193,2.5221517582196613
3015975,4.3572767914740345
3017757,2.5221517582196613
3019539,2.901425087344589
3021321,2.901425087344589
3023103,3.8018280078008417
3024885,5.190567227063555
3026667,4.569234780802479
3028449,4.569234780802479
3001720,328.0774941457674
3003502,328.0774941457674
3005284,328.0774941457674
3007066,335.10304216245595
3008848,335.10304216245595
3010630,323.55774957504923
3012412,311.16773815926325
3014194,310.6339167650539
3015976,335.0282476521695
3017758,310.6339167650539
3019540,312.75399791880034
3021322,312.75399791880034
3023104,312.4773486171586
3024886,304.812132239312
3026668,306.6508313064696
3028450,306.6508313064696
3001721,109.83537963952038
3003503,109.83537963952038
3005285,109.83537963952038
3007067,111.6064510774909
3008849,111.6064510774909
3010631,110.33008674193402
3012413,109.90952321201728
3014195,109.37570181780794
3015977,118.07123047405923
3017759,109.37570181780794
3019541,110.04888807074468
3021323,110.04888807074468
3023105,110.42349069542968
3024887,113.21849011562068
3026669,113.24406234521419
3028451,113.24406234521419
3001722,37.385261298246256
3003504,37.385261298246256
3005286,37.385261298246256
3007068,38.86241981240496
3008850,38.86241981240496
3010632,37.87996840065988
3012414,37.45940487074314
3014196,36.9255834765338
3015978,40.12761107265125
3017760,36.9255834765338
3019542,37.30485680565873
3021324,37.30485680565873
3023106,37.97337235415552
3024888,39.36211157341823
3026670,39.38768380301174
3028452,39.38768380301174
3001723,98.93335621222546
3003505,98.93335621222546
3005287,98.93335621222546
3007069,100.70442765019598
3008851,100.70442765019598
3010633,99.4280633146391
3012415,99.00749978472236
3014197,98.47367839051302
3015979,105.66265791203594
3017761,98.47367839051302
3019543,99.14686464344976
3021325,99.14686464344976
3023107,99.52146726813476
3024889,102.31646668832576
3026671,102.34203891791927
3028453,102.34203891791927
3001724,7.5138743821142
3003506,7.5138743821142
3005288,7.5138743821142
3007070,8.991032896272904
3008852,8.991032896272904
3010634,6.029881031242392
3012416,5.609317501325655
3014198,4.843608735156858
3015980,6.67873376841123
3017762,4.843608735156858
3019544,5.222882064281783
3021326,5.222882064281783
3023108,10.714860290273016
3024890,12.10359950953573
3026672,11.482267063274653
3028454,11.482267063274653
3001725,938.1707794904424
3003507,938.1707794904424
3005289,938.1707794904424
3007071,948.6033520953042
3008853,948.6033520953042
3010635,930.5140368142183
3012417,877.9862969030447
3014199,877.5948232848366
3015981,924.0402603871104
3017763,861.5130933303928
3019545,862.3134942739088
3021327,862.3134942739088
3023109,867.892568593609
3024891,832.2253171546221
3026673,823.7170012421304
3028455,823.7170012421304
3001726,0.028017106605982042
3003508,0.028017106605982042
3005290,0.028017106605982042
3007072,1.505175620764683
3008854,1.505175620764683
3010636,0.7355173130953117
3012418,0.3149537831785756
3014200,-0.4316607151064746
3015982,0.47993606835953745
3017764,-0.4316607151064746
3019546,-0.05238738598154647
3021328,-0.05238738598154647
3023110,0.8289212665909582
3024892,1.182169059480762
3026674,0.5799308811034319
3028456,0.5799308811034319
3001727,-0.7932642672086996
3003509,-0.7932642672086996
3005291,-0.7932642672086996
3007073,0.6838942469500009
3008855,0.6838942469500009
3010637,-0.0857640607193698
3012419,-0.5063275906361064
3014201,-1.2529420889211558
3015983,-0.3413453054551442
3017765,-1.2529420889211558
3019547,-0.8736687597962285
3021329,-0.8736687597962285
3023111,0.007639892776276705
3024893,0.36088768566608015
3026675,-0.24135049271124936
3028457,-0.24135049271124936
3001728,15.819552290572744
3003510,15.819552290572744
3005292,15.819552290572744
3007074,17.296710804731443
3008856,17.296710804731443
3010638,16.546146764945817
3012420,16.12558323502908
3014202,15.359874468860289
3015984,17.388051868069144
3017766,15.359874468860289
3019548,15.739147797985217
3021330,15.739147797985217
3023112,16.639550718441463
3024894,18.02828993770418
3026676,17.821974795338228
3028458,17.821974795338228
3001729,5.647100590644998
3003511,5.647100590644998
3005293,5.647100590644998
3007075,7.124259104803698
3008857,7.124259104803698
3010639,6.373695065018075
3012421,5.9531315351013365
3014203,5.1874227689325405
3015985,7.215600168141396
3017767,5.1874227689325405
3019549,5.566696098057467
3021331,5.566696098057467
3023113,6.4670990185137205
3024895,7.855838237776436
3026677,7.234505791515358
3028459,7.234505791515358
3001730,-0.7932642672086996
3003512,-0.7932642672086996
3005294,-0.7932642672086996
3007076,0.6838942469500009
3008858,0.6838942469500009
3010640,-0.0857640607193698
3012422,-0.5063275906361064
3014204,-1.2529420889211558
3015986,-0.3413453054551442
3017768,-1.2529420889211558
3019550,-0.8736687597962285
3021332,-0.8736687597962285
3023114,0.007639892776276705
3024896,0.36088768566608015
3026678,-0.24135049271124936
3028460,-0.24135049271124936
3001731,74.17957478815053
3003513,74.17957478815053
3005295,74.17957478815053
3007077,75.65673330230923
3008859,75.65673330230923
3010641,74.67428189056417
3012423,74.25371836064743
3014205,73.71989696643809
3015987,80.49006731869572
3017769,73.71989696643809
3019551,74.09917029556301
3021333,74.09917029556301
3023115,74.76768584405983
3024897,76.15642506332253
3026679,76.18199729291604
3028461,76.18199729291604
3001732,-0.7932642672086996
3003514,-0.7932642672086996
3005296,-0.7932642672086996
3007078,0.6838942469500009
3008860,0.6838942469500009
3010642,-0.0857640607193698
3012424,-0.5063275906361064
3014206,-1.2529420889211558
3015988,-0.3413453054551442
3017770,-1.2529420889211558
3019552,-0.8736687597962285
3021334,-0.8736687597962285
3023116,0.007639892776276705
3024898,0.36088768566608015
3026680,-0.24135049271124936
3028462,-0.24135049271124936
3001733,-0.7932642672086996
3003515,-0.7932642672086996
3005297,-0.7932642672086996
3007079,0.6838942469500009
3008861,0.6838942469500009
3010643,-0.0857640607193698
3012425,-0.5063275906361064
3014207,-1.2529420889211558
3015989,-0.3413453054551442
3017771,-1.2529420889211558
3019553,-0.8736687597962285
3021335,-0.8736687597962285
3023117,0.007639892776276705
3024899,0.36088768566608015
3026681,-0.24135049271124936
3028463,-0.24135049271124936
3001734,-0.7932642672086996
3003516,-0.7932642672086996
3005298,-0.7932642672086996
3007080,0.6838942469500009
3008862,0.6838942469500009
3010644,-0.0857640607193698
3012426,-0.5063275906361064
3014208,-1.2529420889211558
3015990,-0.3413453054551442
3017772,-1.2529420889211558
3019554,-0.8736687597962285
3021336,-0.8736687597962285
3023118,0.007639892776276705
3024900,0.36088768566608015
3026682,-0.24135049271124936
3028464,-0.24135049271124936
3001735,7.13179696576025
3003517,7.13179696576025
3005299,7.13179696576025
3007081,8.79814641656167
3008863,8.79814641656167
3010645,7.858391440133327
3012427,7.437827910216588
3014209,6.672119144047793
3015991,8.70029654325665
3017773,6.672119144047793
3019555,7.240583409815438
3021337,7.240583409815438
3023119,7.951795393628974
3024901,9.340534612891691
3026683,8.719202166630614
3028465,8.719202166630614
3001736,-0.668295126470759
3003518,-0.668295126470759
3005300,-0.668295126470759
3007082,0.998054324330659
3008864,0.998054324330659
3010646,0.03920508001857076
3012428,-0.3813584498981658
3014210,-1.127972948183215
3015992,-0.21637616471720356
3017774,-1.127972948183215
3019556,-0.5595086824155704
3021338,-0.5595086824155704
3023120,0.13260903351421732
3024902,0.4858568264040207
3026684,-0.11638135197330894
3028466,-0.11638135197330894
3001737,33.118241201770886
3003519,33.118241201770886
3005301,33.118241201770886
3007083,34.784590652572305
3008865,34.784590652572305
3010647,33.612948304184506
3012429,33.19238477426777
3014211,32.65856338005843
3015993,35.86059097617588
3017775,32.65856338005843
3019557,33.22702764582608
3021339,33.22702764582608
3023121,33.70635225768015
3024903,35.09509147694286
3026685,35.12066370653637
3028467,35.12066370653637
3001738,78.17335651021394
3003520,78.17335651021394
3005302,78.17335651021394
3007084,79.94442794818445
3008866,79.94442794818445
3010648,78.66806361262758
3012430,78.24750008271083
3014212,77.71367868850149
3015994,85.37147326242815
3017776,77.71367868850149
3019558,78.38686494143823
3021340,78.38686494143823
3023122,78.76146756612323
3024904,80.15020678538593
3026686,80.17577901497944
3028468,80.17577901497944
3001739,-0.668295126470759
3003521,-0.668295126470759
3005303,-0.668295126470759
3007085,0.998054324330659
3008867,0.998054324330659
3010649,0.03920508001857076
3012431,-0.3813584498981658
3014213,-1.127972948183215
3015995,-0.21637616471720356
3017777,-1.127972948183215
3019559,-0.5595086824155704
3021341,-0.5595086824155704
3023123,0.13260903351421732
3024905,0.4858568264040207
3026687,-0.11638135197330894
3028469,-0.11638135197330894
3001740,2.347200035696214
3003522,2.347200035696214
3005304,2.347200035696214
3007086,4.013549486497629
3008868,4.013549486497629
3010650,3.0737945100692876
3012432,2.6532309801525518
3014214,1.8875222139837573
3015996,3.9156996131926145
3017778,1.8875222139837573
3019560,2.4559864797514024
3021342,2.4559864797514024
3023124,3.1671984635649344
3024906,4.555937682827649
3026688,3.934605236566576
3028470,3.934605236566576
3001741,36.20484646667385
3003523,36.20484646667385
3005305,36.20484646667385
3007087,37.87119591747527
3008869,37.87119591747527
3010651,36.69955356908747
3012433,36.278990039170736
3014215,35.745168644961396
3015997,38.94719624107884
3017779,35.745168644961396
3019561,36.31363291072904
3021343,36.31363291072904
3023125,36.792957522583116
3024907,38.181696741845826
3026689,38.20726897143933
3028471,38.20726897143933
3001742,17.15982296049314
3003524,17.15982296049314
3005306,17.15982296049314
3007088,18.82617241129456
3008870,18.82617241129456
3010652,17.886417434866217
3012434,17.46585390494948
3014216,16.700145138780684
3015998,18.728322537989545
3017780,16.700145138780684
3019562,17.26860940454833
3021344,17.26860940454833
3023126,17.979821388361863
3024908,19.36856060762458
3026690,19.16224546525863
3028472,19.16224546525863
3001743,113.11617848465178
3003525,113.11617848465178
3005307,113.11617848465178
3007089,114.8872499226223
3008871,114.8872499226223
3010653,113.61088558706543
3012435,113.19032205714868
3014217,112.65650066293934
3015999,122.30680413709312
3017781,112.65650066293934
3019563,113.32968691587608
3021345,113.32968691587608
3023127,113.70428954056108
3024909,116.94944812214563
3026691,117.17632035975477
3028473,117.17632035975477
3001744,-0.8127208316656138
3003526,-0.8127208316656138
3005308,-0.8127208316656138
3007090,0.8536286191358038
3008872,0.8536286191358038
3010654,-0.10522062517628424
3012436,-0.5257841550930209
3014218,-1.2723986533780702
3016000,-0.3608018699120585
3017782,-1.2723986533780702
3019564,-0.7039343876104254
3021346,-0.7039343876104254
3023128,-0.011816671680637748
3024910,0.3414311212091657
3026692,-0.26080705716816394
3028474,-0.26080705716816394
3001745,-0.8127208316656138
3003527,-0.8127208316656138
3005309,-0.8127208316656138
3007091,0.8536286191358038
3008873,0.8536286191358038
3010655,-0.10522062517628424
3012437,-0.5257841550930209
3014219,-1.2723986533780702
3016001,-0.3608018699120585
3017783,-1.2723986533780702
3019565,-0.7039343876104254
3021347,-0.7039343876104254
3023129,-0.011816671680637748
3024911,0.3414311212091657
3026693,-0.26080705716816394
3028475,-0.26080705716816394
3001746,3.8677875994664555
3003528,3.8677875994664555
3005310,3.8677875994664555
3007092,5.344946113625153
3008874,5.344946113625153
3010656,4.594382073839526
3012438,4.1738185439227875
3014220,3.4081097777539973
3016002,5.24323481100837
3017784,3.4081097777539973
3019566,3.787383106878924
3021348,3.787383106878924
3023130,4.6877860273351715
3024912,6.076525246597885
3026694,5.455192800336815
3028476,5.455192800336815
3001747,0.26744242273659746
3003529,0.26744242273659746
3005311,0.26744242273659746
3007093,1.7446009368952982
3008875,1.7446009368952982
3010657,0.9749426292259269
3012439,0.5543790993091906
3014221,-0.19223539897585917
3016003,0.5263090185356698
3017785,-0.19223539897585917
3019567,0.18703793014906867
3021349,0.18703793014906867
3023131,1.0683465827215737
3024913,1.4215943756113771
3026695,0.8193561972340472
3028477,0.8193561972340472
3001748,0.26744242273659746
3003530,0.26744242273659746
3005312,0.26744242273659746
3007094,1.7446009368952982
3008876,1.7446009368952982
3010658,0.9749426292259269
3012440,0.5543790993091906
3014222,-0.19223539897585917
3016004,0.5263090185356698
3017786,-0.19223539897585917
3019568,0.18703793014906867
3021350,0.18703793014906867
3023132,1.0683465827215737
3024914,1.4215943756113771
3026696,0.8193561972340472
3028478,0.8193561972340472
3001749,1508.8519161712425
3003531,1494.5111945960052
3005313,1494.5111945960052
3007095,1572.067363835937
3008877,1541.6173608369538
3010659,1514.6938713659843
3012441,1457.0454924933108
3014223,1456.6540188751028
3016005,1550.4063137582882
3017787,1405.5579429172863
3019569,1404.0958461416997
3021351,1427.9682106315975
3023133,1417.3984978009953
3024915,1447.5827752947562
3026697,1431.1332963561285
3028479,1416.7925747808913
3001750,-0.3238314117904682
3003532,-0.3238314117904682
3005314,-0.3238314117904682
3007096,1.1533271023682332
3008878,1.1533271023682332
3010660,0.3836687946988621
3012442,-0.036894735217874314
3014224,-0.7835092335029249
3016006,-0.06496481599139557
3017788,-0.7835092335029249
3019570,-0.40423590437799695
3021352,-0.40423590437799695
3023134,0.47707274819450846
3024916,0.8303205410843119
3026698,0.22808236270698168
3028480,0.22808236270698168
3001751,188.8280560162596
3003533,188.8280560162596
3005315,188.8280560162596
3007097,190.59912745423014
3008879,190.59912745423014
3010661,190.11840609315612
3012443,183.23533694926022
3014225,182.7015155550509
3016007,194.85856681775124
3017789,182.7015155550509
3019571,183.37470180798766
3021353,183.37470180798766
3023135,184.54494740715552
3024917,185.08480320456985
3026699,185.4835227410003
3028481,185.4835227410003
3001752,-0.3238314117904682
3003534,-0.3238314117904682
3005316,-0.3238314117904682
3007098,1.1533271023682332
3008880,1.1533271023682332
3010662,0.3836687946988621
3012444,-0.036894735217874314
3014226,-0.7835092335029249
3016008,-0.06496481599139557
3017790,-0.7835092335029249
3019572,-0.40423590437799695
3021354,-0.40423590437799695
3023136,0.47707274819450846
3024918,0.8303205410843119
3026700,0.22808236270698168
3028482,0.22808236270698168
3001753,932.1511005428831
3003535,932.1511005428831
3005317,932.1511005428831
3007099,942.5836731477449
3008881,942.5836731477449
3010663,930.3015498909826
3012445,885.6637810632841
3014227,885.272307445076
3016009,931.7177445473498
3017791,869.1905774906322
3019573,869.9909784341481
3021355,869.9909784341481
3023137,870.9784774483134
3024919,841.0514124303679
3026701,832.5430965178763
3028483,832.5430965178763
3001754,329.2322936565335
3003536,329.2322936565335
3005318,329.2322936565335
3007100,336.25784167322206
3008882,336.25784167322206
3010664,326.726200800303
3012446,312.32253767002936
3014228,311.78871627582004
3016010,336.1830471629356
3017792,311.78871627582004
3019574,312.6378952562005
3021356,312.6378952562005
3023138,312.1995692293705
3024920,305.9669317500781
3026702,307.80563081723574
3028484,307.80563081723574
3001755,124.44587793348096
3003537,124.44587793348096
3005319,124.44587793348096
3007101,126.21694937145148
3008883,126.21694937145148
3010665,124.9405850358946
3012447,124.52002150597785
3014229,123.98620011176851
3016011,133.6365035859224
3017793,123.98620011176851
3019575,124.65938636470526
3021357,124.65938636470526
3023139,125.03398898939025
3024921,128.27914757097486
3026703,128.50601980858403
3028485,128.50601980858403
3001756,166.10781328403914
3003538,166.10781328403914
3005320,166.10781328403914
3007102,167.87888472200967
3008884,167.87888472200967
3010666,167.39816336093565
3012448,163.61851810288317
3014230,163.08469670867385
3016012,176.9917571987763
3017794,163.08469670867385
3019576,163.75788296161062
3021358,163.75788296161062
3023140,164.92812856077848
3024922,165.4679843581928
3026704,165.86670389462324
3028486,165.86670389462324
3001757,25.72857007087224
3003539,25.72857007087224
3005321,25.72857007087224
3007103,27.205728585030947
3008885,27.205728585030947
3010667,23.994537002113624
3012449,23.573973472196887
3014231,23.0583044239149
3016013,24.893429457169272
3017795,23.0583044239149
3019577,23.437577753039825
3021359,23.437577753039825
3023141,28.67951626114424
3024923,30.06825548040696
3026705,30.111980055927816
3028487,30.111980055927816
3001758,2488.5296724317827
3003540,2430.045133560858
3005322,2430.045133560858
3007104,2676.64644058018
3008886,2644.2463150640046
3010668,2488.5644356022017
3012450,2430.510865943641
3014232,2430.1193923254327
3016014,2485.0027784756603
3017796,2318.5984244739375
3019578,2386.7875978570582
3021360,2430.5949743161455
3023142,2380.655032266253
3024924,2332.6768630800616
3026706,2339.136543124441
3028488,2280.652004253516
3001759,0.028017106605982042
3003541,0.028017106605982042
3005323,0.028017106605982042
3007105,1.505175620764683
3008887,1.505175620764683
3010669,0.7355173130953117
3012451,0.3149537831785756
3014233,-0.4316607151064746
3016015,0.47993606835953745
3017797,-0.4316607151064746
3019579,-0.05238738598154647
3021361,-0.05238738598154647
3023143,0.8289212665909582
3024925,1.182169059480762
3026707,0.5799308811034319
3028489,0.5799308811034319
3001760,1.138170954270777
3003542,1.138170954270777
3005324,1.138170954270777
3007106,2.615329468429477
3008888,2.615329468429477
3010670,1.8456711607601086
3012452,1.4251076308433728
3014234,0.6784931325583201
3016016,2.0860623409593084
3017798,0.6784931325583201
3019580,1.0577664616832483
3021362,1.0577664616832483
3023144,1.939075114255756
3024926,2.7624215138440413
3026708,2.160183335466709
3028490,2.160183335466709
3001761,57.19514283130683
3003543,57.19514283130683
3005325,57.19514283130683
3007107,58.672301345465534
3008889,58.672301345465534
3010671,57.68984993372045
3012453,57.26928640380372
3014235,56.73546500959438
3016017,60.94994576916103
3017799,56.73546500959438
3019581,57.114738338719306
3021363,57.114738338719306
3023145,57.7832538872161
3024927,59.17199310647881
3026709,59.197565336072316
3028491,59.197565336072316
3001762,4.8123132613255
3003544,4.8123132613255
3005326,4.8123132613255
3007108,6.2894717754842
3008890,6.2894717754842
3010672,5.538907735698578
3012454,5.118344205781839
3014236,4.352635439613043
3016018,6.380812838821899
3017800,4.352635439613043
3019582,4.73190876873797
3021364,4.73190876873797
3023146,5.632311689194223
3024928,7.021050908456937
3026710,6.399718462195861
3028492,6.399718462195861
3001763,-0.7932642672086996
3003545,-0.7932642672086996
3005327,-0.7932642672086996
3007109,0.6838942469500009
3008891,0.6838942469500009
3010673,-0.0857640607193698
3012455,-0.5063275906361064
3014237,-1.2529420889211558
3016019,-0.3413453054551442
3017801,-1.2529420889211558
3019583,-0.8736687597962285
3021365,-0.8736687597962285
3023147,0.007639892776276705
3024929,0.36088768566608015
3026711,-0.24135049271124936
3028493,-0.24135049271124936
3001764,216.81645675304625
3003546,216.81645675304625
3005328,216.81645675304625
3007110,218.5875281910168
3008892,218.5875281910168
3010674,218.10680682994277
3012456,211.22373768604686
3014238,210.68991629183753
3016020,222.84696755453788
3017802,210.68991629183753
3019584,211.3631025447743
3021366,211.3631025447743
3023148,212.53334814394216
3024930,213.0732039413565
3026712,213.47192347778693
3028494,213.47192347778693
3001765,-0.7932642672086996
3003547,-0.7932642672086996
3005329,-0.7932642672086996
3007111,0.6838942469500009
3008893,0.6838942469500009
3010675,-0.0857640607193698
3012457,-0.5063275906361064
3014239,-1.2529420889211558
3016021,-0.3413453054551442
3017803,-1.2529420889211558
3019585,-0.8736687597962285
3021367,-0.8736687597962285
3023149,0.007639892776276705
3024931,0.36088768566608015
3026713,-0.24135049271124936
3028495,-0.24135049271124936
3001766,-0.7932642672086996
3003548,-0.7932642672086996
3005330,-0.7932642672086996
3007112,0.6838942469500009
3008894,0.6838942469500009
3010676,-0.0857640607193698
3012458,-0.5063275906361064
3014240,-1.2529420889211558
3016022,-0.3413453054551442
3017804,-1.2529420889211558
3019586,-0.8736687597962285
3021368,-0.8736687597962285
3023150,0.007639892776276705
3024932,0.36088768566608015
3026714,-0.24135049271124936
3028496,-0.24135049271124936
3001767,2.828430031659491
3003549,2.828430031659491
3005331,2.828430031659491
3007113,4.305588545818188
3008895,4.305588545818188
3010677,3.555024506032566
3012459,3.1344609761158284
3014241,2.3687522099470346
3016023,4.396929609155889
3017805,2.3687522099470346
3019587,2.7480255390719606
3021369,2.7480255390719606
3023151,3.648428459528212
3024933,5.037167678790926
3026715,4.415835232529852
3028497,4.415835232529852
3001768,82.87077456795689
3003550,82.87077456795689
3005332,82.87077456795689
3007114,84.6418460059274
3008896,84.6418460059274
3010678,83.36548167037053
3012460,82.94491814045378
3014242,82.41109674624444
3016024,90.0688913201711
3017806,82.41109674624444
3019588,83.08428299918118
3021370,83.08428299918118
3023152,83.45888562386618
3024934,84.84762484312888
3026716,84.87319707272239
3028498,84.87319707272239
3001769,4.8502754182057926
3003551,4.8502754182057926
3005333,4.8502754182057926
3007115,6.51662486900721
3008897,6.51662486900721
3010679,5.57686989257887
3012461,5.156306362662131
3014243,4.390597596493335
3016025,6.418774995702191
3017807,4.390597596493335
3019589,4.95906186226098
3021371,4.95906186226098
3023153,5.670273846074515
3024935,7.059013065337229
3026717,6.437680619076153
3028499,6.437680619076153
3001770,178.04275752073866
3003552,178.04275752073866
3005334,178.04275752073866
3007116,179.8138289587092
3008898,179.8138289587092
3010680,179.33310759763518
3012462,174.1064598842216
3014244,173.57263849001228
3016026,187.47969898011473
3017808,173.57263849001228
3019590,174.24582474294905
3021372,174.24582474294905
3023154,175.4160703421169
3024936,175.95592613953124
3026718,176.35464567596168
3028500,176.35464567596168
3001771,244.6349687428518
3003553,244.6349687428518
3005335,244.6349687428518
3007117,246.40604018082234
3008899,246.40604018082234
3010681,243.78294589621743
3012463,236.89987675232152
3014245,236.3660553581122
3016027,247.97946850976706
3017809,236.3660553581122
3019591,237.03924161104896
3021373,237.03924161104896
3023155,238.20948721021682
3024937,231.57601300889982
3026719,231.97473254533026
3028501,231.97473254533026
3001772,-0.668295126470759
3003554,-0.668295126470759
3005336,-0.668295126470759
3007118,0.998054324330659
3008900,0.998054324330659
3010682,0.03920508001857076
3012464,-0.3813584498981658
3014246,-1.127972948183215
3016028,-0.21637616471720356
3017810,-1.127972948183215
3019592,-0.5595086824155704
3021374,-0.5595086824155704
3023156,0.13260903351421732
3024938,0.4858568264040207
3026720,-0.11638135197330894
3028502,-0.11638135197330894
3001773,2.347200035696214
3003555,2.347200035696214
3005337,2.347200035696214
3007119,4.013549486497629
3008901,4.013549486497629
3010683,3.0737945100692876
3012465,2.6532309801525518
3014247,1.8875222139837573
3016029,3.9156996131926145
3017811,1.8875222139837573
3019593,2.4559864797514024
3021375,2.4559864797514024
3023157,3.1671984635649344
3024939,4.555937682827649
3026721,3.934605236566576
3028503,3.934605236566576
3001774,172.79148425376528
3003556,172.79148425376528
3005338,172.79148425376528
3007120,174.5625556917358
3008902,174.5625556917358
3010684,174.0818343306618
3012466,170.3021890726093
3014248,169.76836767839998
3016030,183.67542816850244
3017812,169.76836767839998
3019594,170.44155393133676
3021376,170.44155393133676
3023158,171.6117995305046
3024940,172.15165532791895
3026722,172.55037486434938
3028504,172.55037486434938
3001775,36.24843822830015
3003557,36.24843822830015
3005339,36.24843822830015
3007121,37.91478767910157
3008903,37.91478767910157
3010685,36.74314533071377
3012467,36.32258180079704
3014249,35.7887604065877
3016031,38.990788002705145
3017813,35.7887604065877
3019595,36.35722467235534
3021377,36.35722467235534
3023159,36.83654928420942
3024941,38.22528850347213
3026723,38.250860733065636
3028505,38.250860733065636
3001776,1067.1249486540378
3003558,1067.1249486540378
3005340,1126.8217640694013
3007122,1174.9088234437888
3008904,1142.5086979276134
3010686,1066.735983021075
3012468,998.3722718218306
3014250,997.9807982036225
3016032,1055.5900781300923
3017814,1029.5817509106696
3019596,1020.236535682431
3021378,1042.1587776551364
3023160,972.4516172182884
3024942,949.4850616232021
3026724,933.0355826845745
3028506,933.0355826845745
3001777,-0.8127208316656138
3003559,-0.8127208316656138
3005341,-0.8127208316656138
3007123,0.8536286191358038
3008905,0.8536286191358038
3010687,-0.10522062517628424
3012469,-0.5257841550930209
3014251,-1.2723986533780702
3016033,-0.3608018699120585
3017815,-1.2723986533780702
3019597,-0.7039343876104254
3021379,-0.7039343876104254
3023161,-0.011816671680637748
3024943,0.3414311212091657
3026725,-0.26080705716816394
3028507,-0.26080705716816394
3001778,8.966126549234833
3003560,8.966126549234833
3005342,8.966126549234833
3007124,10.632476000036249
3008906,10.632476000036249
3010688,9.692721023607909
3012470,9.272157493691171
3014252,8.506448727522375
3016034,10.534626126731231
3017816,8.506448727522375
3019598,9.07491299329002
3021380,9.07491299329002
3023162,9.786124977103556
3024944,11.17486419636627
3026726,10.553531750105194
3028508,10.553531750105194
3001779,6.6115052977158815
3003561,6.6115052977158815
3005343,6.6115052977158815
3007125,8.088663811874584
3008907,8.088663811874584
3010689,7.33809977208896
3012471,6.917536242172221
3014253,6.151827476003424
3016035,7.986952509257801
3017817,6.151827476003424
3019599,6.531100805128351
3021381,6.531100805128351
3023163,7.431503725584605
3024945,8.820242944847324
3026727,8.198910498586246
3028509,8.198910498586246
3001780,0.26744242273659746
3003562,0.26744242273659746
3005344,0.26744242273659746
3007126,1.7446009368952982
3008908,1.7446009368952982
3010690,0.9749426292259269
3012472,0.5543790993091906
3014254,-0.19223539897585917
3016036,0.5263090185356698
3017818,-0.19223539897585917
3019600,0.18703793014906867
3021382,0.18703793014906867
3023164,1.0683465827215737
3024946,1.4215943756113771
3026728,0.8193561972340472
3028510,0.8193561972340472
3001781,1.8828443370704682
3003563,1.8828443370704682
3005345,1.8828443370704682
3007127,3.3600028512291686
3008909,3.3600028512291686
3010691,2.590344543559799
3012473,2.1697810136430626
3014255,1.4231665153580113
3016037,2.6376833578045167
3017819,1.4231665153580113
3019601,1.8024398444829395
3021383,1.8024398444829395
3023165,2.6837484970554453
3024947,3.507094896643731
3026729,2.9048567182664
3028511,2.9048567182664
3001782,2309.04168036861
3003564,2250.5571414976853
3005346,2250.5571414976853
3007128,2475.740220355236
3008910,2445.290217356253
3010692,2314.883635563352
3012474,2264.627619508528
3014256,2264.2361458903197
3016038,2321.0696545577393
3017820,2152.7151780388244
3019602,2199.4861232601743
3021384,2245.2436222364536
3023166,2210.1802105256047
3024948,2162.2020413394134
3026730,2138.231822935136
3028512,2079.7472840642113
3001783,-0.3238314117904682
3003565,-0.3238314117904682
3005347,-0.3238314117904682
3007129,1.1533271023682332
3008911,1.1533271023682332
3010693,0.3836687946988621
3012475,-0.036894735217874314
3014257,-0.7835092335029249
3016039,-0.06496481599139557
3017821,-0.7835092335029249
3019603,-0.40423590437799695
3021385,-0.40423590437799695
3023167,0.47707274819450846
3024949,0.8303205410843119
3026731,0.22808236270698168
3028513,0.22808236270698168
3001784,605.0403655253845
3003566,605.0403655253845
3005348,605.0403655253845
3007130,615.4729381302462
3008912,615.4729381302462
3010694,598.9649871142664
3012476,578.9639581104285
3014258,578.5724844922204
3016040,608.3101191935008
3017822,578.5724844922204
3019604,579.3728854357363
3021386,579.3728854357363
3023168,572.9219673426464
3024950,553.9852049177363
3026732,555.9662517608951
3028514,555.9662517608951
3001785,15.657754360661155
3003567,15.657754360661155
3005349,15.657754360661155
3007131,17.134912874819857
3008913,17.134912874819857
3010695,16.38434883503423
3012477,15.963785305117497
3014259,15.198076538948705
3016041,17.033201572203073
3017823,15.198076538948705
3019605,15.577349868073627
3021387,15.577349868073627
3023169,16.477752788529877
3024951,17.866492007792594
3026733,17.660176865426642
3028515,17.660176865426642
3001786,1003.593544189049
3003568,1003.593544189049
3005350,1003.593544189049
3007132,1014.0714541244542
3008914,1016.2213777638051
3010696,1002.4257967907856
3012478,950.5283920440536
3014260,950.1369184258455
3016042,1017.8548486978838
3017824,930.1995835459062
3019606,934.064555806414
3021388,936.2144794457648
3023170,931.9874835035873
3024952,914.4529359324823
3026734,898.0034569938543
3028516,898.0034569938543
3001787,687.9354610221292
3003569,687.9354610221292
3005351,687.9354610221292
3007133,698.368033626991
3008915,698.368033626991
3010697,681.8600826110111
3012479,656.6011114949767
3014261,656.2096378767686
3016043,685.947272578049
3017825,649.1878271671883
3019607,649.9882281107042
3021389,649.9882281107042
3023171,643.5373100176143
3024953,620.9967637076693
3026735,622.9778105508282
3028517,622.9778105508282
3001788,221.0783514252545
3003570,221.0783514252545
3005352,221.0783514252545
3007134,222.84942286322504
3008916,222.84942286322504
3010698,222.36870150215103
3012480,215.48563235825512
3014262,214.9518109640458
3016044,229.6243499033197
3017826,214.9518109640458
3019608,215.62499721698256
3021390,215.62499721698256
3023172,216.79524281615042
3024954,217.33509861356475
3026736,217.7338181499952
3028518,217.7338181499952
3001789,51.59430205025637
3003571,51.59430205025637
3005353,51.59430205025637
3007135,53.07146056441507
3008917,53.07146056441507
3010699,52.08900915266999
3012481,51.668445622753254
3014263,51.13462422854391
3016045,54.33665182466136
3017827,51.13462422854391
3019609,51.51389755766884
3021391,51.51389755766884
3023173,52.18241310616563
3024955,53.57115232542834
3026737,53.59672455502185
3028519,53.59672455502185
3001790,170.81678948787334
3003572,170.81678948787334
3005354,170.81678948787334
3007136,172.58786092584387
3008918,172.58786092584387
3010700,169.89655173952497
3012482,166.11690648147248
3014264,165.58308508726316
3016046,182.00563325393918
3017828,165.58308508726316
3019610,166.25627134019993
3021392,166.25627134019993
3023174,172.01809224490276
3024956,172.5579480423171
3026738,172.95666757874753
3028520,172.95666757874753
3001791,3644.587232091404
3003573,3549.3682951077867
3005355,3534.7710885810075
3007137,3880.5288226037515
3008919,3901.0245165691545
3010701,3652.25111420707
3012483,3504.38001451332
3014265,3484.6952877257586
3016047,3577.452971602528
3017829,3361.0311152916092
3019611,3459.763583053207
3021393,3540.2735812912424
3023175,3426.1659223449046
3024957,3485.7976825352616
3026739,3496.3074076383673
3028521,3441.796004866476
3001792,6.309420892181431
3003574,6.309420892181431
3005356,6.309420892181431
3007138,7.786579406340131
3008920,7.786579406340131
3010702,7.036015366554509
3012484,6.615451836637771
3014266,5.849743070468974
3016048,7.8779204696778296
3017830,5.849743070468974
3019612,6.229016399593901
3021394,6.229016399593901
3023176,7.129419320050155
3024958,8.518158539312873
3026740,7.896826093051793
3028522,7.896826093051793
3001793,-0.7932642672086996
3003575,-0.7932642672086996
3005357,-0.7932642672086996
3007139,0.6838942469500009
3008921,0.6838942469500009
3010703,-0.0857640607193698
3012485,-0.5063275906361064
3014267,-1.2529420889211558
3016049,-0.3413453054551442
3017831,-1.2529420889211558
3019613,-0.8736687597962285
3021395,-0.8736687597962285
3023177,0.007639892776276705
3024959,0.36088768566608015
3026741,-0.24135049271124936
3028523,-0.24135049271124936
3001794,7.969815899873139
3003576,7.969815899873139
3005358,7.969815899873139
3007140,9.44697441403184
3008922,9.44697441403184
3010704,8.696410374246218
3012486,8.27584684432948
3014268,7.51013807816068
3016050,9.538315477369538
3017832,7.51013807816068
3019614,7.88941140728561
3021396,7.88941140728561
3023178,8.789814327741865
3024960,10.17855354700458
3026742,9.557221100743503
3028524,9.557221100743503
3001795,25.712796039975753
3003577,25.712796039975753
3005359,25.712796039975753
3007141,27.189954554134456
3008923,27.189954554134456
3010705,26.189350796462023
3012487,25.768787266545285
3014269,25.253118218263296
3016051,27.281295617472157
3017833,25.253118218263296
3019615,25.632391547388224
3021397,25.632391547388224
3023179,26.282754749957668
3024961,27.671493969220386
3026743,27.71521854474124
3028525,27.71521854474124
3001796,1.138170954270777
3003578,1.138170954270777
3005360,1.138170954270777
3007142,2.615329468429477
3008924,2.615329468429477
3010706,1.8456711607601086
3012488,1.4251076308433728
3014270,0.6784931325583201
3016052,2.0860623409593084
3017834,0.6784931325583201
3019616,1.0577664616832483
3021398,1.0577664616832483
3023180,1.939075114255756
3024962,2.7624215138440413
3026744,2.160183335466709
3028526,2.160183335466709
3001797,257.04023189772664
3003579,257.04023189772664
3005361,257.04023189772664
3007143,258.8113033356971
3008925,258.8113033356971
3010707,256.18820905109243
3012489,249.3051399071966
3014271,248.77131851298728
3016053,262.90021934121546
3017835,248.77131851298728
3019617,249.44450476592405
3021399,249.44450476592405
3023181,250.6147503650919
3024963,243.9812761637749
3026745,244.37999570020534
3028527,244.37999570020534
3001798,5.647100590644998
3003580,5.647100590644998
3005362,5.647100590644998
3007144,7.124259104803698
3008926,7.124259104803698
3010708,6.373695065018075
3012490,5.9531315351013365
3014272,5.1874227689325405
3016054,7.215600168141396
3017836,5.1874227689325405
3019618,5.566696098057467
3021400,5.566696098057467
3023182,6.4670990185137205
3024964,7.855838237776436
3026746,7.234505791515358
3028528,7.234505791515358
3001799,2.828430031659491
3003581,2.828430031659491
3005363,2.828430031659491
3007145,4.305588545818188
3008927,4.305588545818188
3010709,3.555024506032566
3012491,3.1344609761158284
3014273,2.3687522099470346
3016055,4.396929609155889
3017837,2.3687522099470346
3019619,2.7480255390719606
3021401,2.7480255390719606
3023183,3.648428459528212
3024965,5.037167678790926
3026747,4.415835232529852
3028529,4.415835232529852
3001800,16.639292568705958
3003582,16.639292568705958
3005364,16.639292568705958
3007146,18.11645108286466
3008928,18.11645108286466
3010710,17.365887043079034
3012492,16.945323513162297
3014274,16.1796147469935
3016056,18.20779214620236
3017838,16.1796147469935
3019620,16.55888807611843
3021402,16.55888807611843
3023184,17.45929099657468
3024966,18.848030215837397
3026748,18.641715073471445
3028530,18.641715073471445
3001801,95.47885586090301
3003583,95.47885586090301
3005365,95.47885586090301
3007147,97.24992729887353
3008929,97.24992729887353
3010711,95.97356296331665
3012493,95.5529994333999
3014275,95.01917803919056
3016057,103.2206107241627
3017839,95.01917803919056
3019621,95.69236429212731
3021403,95.69236429212731
3023185,96.0669669168123
3024967,98.86196633700331
3026749,98.88753856659682
3028531,98.88753856659682
3001802,-0.668295126470759
3003584,-0.668295126470759
3005366,-0.668295126470759
3007148,0.998054324330659
3008930,0.998054324330659
3010712,0.03920508001857076
3012494,-0.3813584498981658
3014276,-1.127972948183215
3016058,-0.21637616471720356
3017840,-1.127972948183215
3019622,-0.5595086824155704
3021404,-0.5595086824155704
3023186,0.13260903351421732
3024968,0.4858568264040207
3026750,-0.11638135197330894
3028532,-0.11638135197330894
3001803,176.30039444212133
3003585,176.30039444212133
3005367,176.30039444212133
3007149,178.07146588009186
3008931,178.07146588009186
3010713,177.59074451901785
3012495,173.81109926096536
3014277,173.27727786675604
3016059,189.69982603343206
3017841,173.27727786675604
3019623,173.9504641196928
3021405,173.9504641196928
3023187,175.12070971886067
3024969,175.660565516275
3026751,176.05928505270543
3028533,176.05928505270543
3001804,274.21143508262713
3003586,274.21143508262713
3005368,274.21143508262713
3007150,275.98250652059767
3008932,275.98250652059767
3010714,273.3594122359928
3012496,264.32539478361963
3014278,263.7915733894103
3016060,279.0416713633852
3017842,263.7915733894103
3019624,263.67641195088703
3021406,263.67641195088703
3023188,265.635005241515
3024970,257.75036432927857
3026752,258.149083865709
3028534,258.149083865709
3001805,-0.668295126470759
3003587,-0.668295126470759
3005369,-0.668295126470759
3007151,0.998054324330659
3008933,0.998054324330659
3010715,0.03920508001857076
3012497,-0.3813584498981658
3014279,-1.127972948183215
3016061,-0.21637616471720356
3017843,-1.127972948183215
3019625,-0.5595086824155704
3021407,-0.5595086824155704
3023189,0.13260903351421732
3024971,0.4858568264040207
3026753,-0.11638135197330894
3028535,-0.11638135197330894
3001806,2.347200035696214
3003588,2.347200035696214
3005370,2.347200035696214
3007152,4.013549486497629
3008934,4.013549486497629
3010716,3.0737945100692876
3012498,2.6532309801525518
3014280,1.8875222139837573
3016062,3.9156996131926145
3017844,1.8875222139837573
3019626,2.4559864797514024
3021408,2.4559864797514024
3023190,3.1671984635649344
3024972,4.555937682827649
3026754,3.934605236566576
3028536,3.934605236566576
3001807,192.60555186927957
3003589,192.60555186927957
3005371,192.60555186927957
3007153,194.3766233072501
3008935,194.3766233072501
3010717,193.89590194617608
3012499,187.01283280228017
3014281,186.47901140807085
3016063,201.15155034734477
3017845,186.47901140807085
3019627,187.15219766100762
3021409,187.15219766100762
3023191,188.32244326017548
3024973,188.8622990575898
3026755,189.26101859402024
3028537,189.26101859402024
3001808,28.51305324349308
3003590,28.51305324349308
3005372,28.51305324349308
3007154,30.1794026942945
3008936,30.1794026942945
3010718,29.007760345906696
3012500,28.58719681598996
3014282,28.053375421780622
3016064,31.255403017898075
3017846,28.053375421780622
3019628,28.621839687548267
3021410,28.621839687548267
3023192,29.101164299402342
3024974,30.489903518665056
3026756,30.515475748258563
3028538,30.515475748258563
3001809,769.7314060902436
3003591,769.7314060902436
3005373,781.4674072433739
3007155,795.3786377376924
3008937,795.3786377376924
3010719,767.8818554383431
3012501,720.6746607717533
3014283,720.2831871535452
3016065,762.5393789914359
3017847,715.9374583522318
3019629,720.2165171852045
3021411,720.2165171852045
3023193,705.9893571567826
3024975,678.274181644365
3026757,669.7658657318733
3028539,669.7658657318733
3001810,-0.8127208316656138
3003592,-0.8127208316656138
3005374,-0.8127208316656138
3007156,0.8536286191358038
3008938,0.8536286191358038
3010720,-0.10522062517628424
3012502,-0.5257841550930209
3014284,-1.2723986533780702
3016066,-0.3608018699120585
3017848,-1.2723986533780702
3019630,-0.7039343876104254
3021412,-0.7039343876104254
3023194,-0.011816671680637748
3024976,0.3414311212091657
3026758,-0.26080705716816394
3028540,-0.26080705716816394
3001811,1.118714389813863
3003593,1.118714389813863
3005375,1.118714389813863
3007157,2.7850638406152806
3008939,2.7850638406152806
3010721,1.8262145963031937
3012503,1.4056510663864576
3014285,0.6590365681014061
3016067,2.066605776502393
3017849,0.6590365681014061
3019631,1.2275008338690518
3021413,1.2275008338690518
3023195,1.919618549798841
3024977,2.7429649493871264
3026759,2.140726771009794
3028541,2.140726771009794
3001812,2.4689345053659095
3003594,2.4689345053659095
3005376,2.4689345053659095
3007158,3.9460930195246093
3008940,3.9460930195246093
3010722,3.1955289797389863
3012504,2.774965449822251
3014286,2.0092566836534522
3016068,3.844381716907825
3017850,2.0092566836534522
3019632,2.38853001277838
3021414,2.38853001277838
3023196,3.2889329332346335
3024978,4.677672152497346
3026760,4.056339706236271
3028542,4.056339706236271
3001813,0.26744242273659746
3003595,0.26744242273659746
3005377,0.26744242273659746
3007159,1.7446009368952982
3008941,1.7446009368952982
3010723,0.9749426292259269
3012505,0.5543790993091906
3014287,-0.19223539897585917
3016069,0.5263090185356698
3017851,-0.19223539897585917
3019633,0.18703793014906867
3021415,0.18703793014906867
3023197,1.0683465827215737
3024979,1.4215943756113771
3026761,0.8193561972340472
3028543,0.8193561972340472
3001814,1.8828443370704682
3003596,1.8828443370704682
3005378,1.8828443370704682
3007160,3.3600028512291686
3008942,3.3600028512291686
3010724,2.590344543559799
3012506,2.1697810136430626
3014288,1.4231665153580113
3016070,2.6376833578045167
3017852,1.4231665153580113
3019634,1.8024398444829395
3021416,1.8024398444829395
3023198,2.6837484970554453
3024980,3.507094896643731
3026762,2.9048567182664
3028544,2.9048567182664
3001815,957.1719889079376
3003597,957.1719889079376
3005379,957.1719889079376
3007161,962.3500849340815
3008943,962.3500849340815
3010725,956.0042415096742
3012507,912.7675408576741
3014289,912.376067239466
3016071,944.8389038243124
3017853,892.4387323595267
3019635,891.0038907107731
3021417,891.0038907107731
3023199,894.2266323172079
3024981,864.8177931251405
3026763,862.307732007496
3028545,862.307732007496
3001816,-0.3238314117904682
3003598,-0.3238314117904682
3005380,-0.3238314117904682
3007162,1.1533271023682332
3008944,1.1533271023682332
3010726,0.3836687946988621
3012508,-0.036894735217874314
3014290,-0.7835092335029249
3016072,-0.06496481599139557
3017854,-0.7835092335029249
3019636,-0.40423590437799695
3021418,-0.40423590437799695
3023200,0.47707274819450846
3024982,0.8303205410843119
3026764,0.22808236270698168
3028546,0.22808236270698168
3001817,46.58100896398762
3003599,46.58100896398762
3005381,46.58100896398762
3007163,48.05816747814632
3008945,48.05816747814632
3010727,47.07571606640124
3012509,46.65515253648451
3014291,46.12133114227517
3016073,49.32335873839261
3017855,46.12133114227517
3019637,46.500604471400095
3021419,46.500604471400095
3023201,47.16912001989689
3024983,48.5578592391596
3026765,48.583431468753105
3028547,48.583431468753105
3001818,3.699388145432271
3003600,3.699388145432271
3005382,3.699388145432271
3007164,5.176546659590969
3008946,5.176546659590969
3010728,4.425982619805346
3012510,4.0054190898886075
3014292,3.2397103237198133
3016074,5.0748353569741855
3017856,3.2397103237198133
3019638,3.618983652844741
3021420,3.618983652844741
3023202,4.5193865733009915
3024984,5.9081257925637045
3026766,5.2867933463026295
3028548,5.2867933463026295
3001819,314.9525459203288
3003601,314.9525459203288
3005383,314.9525459203288
3007165,321.9780939370174
3008947,321.9780939370174
3010729,310.43280134961066
3012511,298.0427899338247
3014293,297.50896853961535
3016075,321.90329942673094
3017857,297.50896853961535
3019639,299.6290496933617
3021421,299.6290496933617
3023203,299.35240039172004
3024985,291.68718401387343
3026767,293.52588308103105
3028549,293.52588308103105
3001820,174.18934233444068
3003602,174.18934233444068
3005384,174.18934233444068
3007166,175.96041377241121
3008948,175.96041377241121
3010730,175.4796924113372
3012512,171.70004715328471
3014294,171.1662257590754
3016076,185.07328624917784
3017858,171.1662257590754
3019640,171.83941201201216
3021422,171.83941201201216
3023204,173.00965761118002
3024986,173.54951340859435
3026768,173.94823294502478
3028550,173.94823294502478
3001821,51.59430205025637
3003603,51.59430205025637
3005385,51.59430205025637
3007167,53.07146056441507
3008949,53.07146056441507
3010731,52.08900915266999
3012513,51.668445622753254
3014295,51.13462422854391
3016077,54.33665182466136
3017859,51.13462422854391
3019641,51.51389755766884
3021423,51.51389755766884
3023205,52.18241310616563
3024987,53.57115232542834
3026769,53.59672455502185
3028551,53.59672455502185
3001822,58.34436997685677
3003604,58.34436997685677
3005386,58.34436997685677
3007168,59.82152849101547
3008950,59.82152849101547
3010732,58.83907707927039
3012514,58.418513549353655
3014296,57.884692155144315
3016078,62.09917291471096
3017860,57.884692155144315
3019642,58.26396548426924
3021424,58.26396548426924
3023206,58.932481032766034
3024988,60.321220252028745
3026770,60.34679248162225
3028552,60.34679248162225
3001823,18.52181758127256
3003605,18.52181758127256
3005387,18.52181758127256
3007169,19.998976095431267
3008951,19.998976095431267
3010733,17.03782423040075
3012515,16.617260700484014
3014297,15.851551934315225
3016079,17.686676967569593
3017861,15.851551934315225
3019643,16.230825263440146
3021425,16.230825263440146
3023207,21.722803489431367
3024989,23.11154270869409
3026771,22.905227566328136
3028553,22.905227566328136
3001824,1583.3143883555936
3003606,1568.9736667803563
3005388,1568.9736667803563
3007170,1645.401636100456
3008952,1613.0015105842806
3010734,1583.3491515260118
3012516,1496.5318980943262
3014298,1496.1404244761181
3016080,1632.4927910938216
3017862,1460.7256509021456
3019644,1458.135354206727
3021426,1480.0575961794325
3023208,1477.1577810913896
3024990,1508.7609284771113
3026772,1492.3114495384837
3028554,1477.9707279632464
3001825,2.545542496380902
3003607,2.545542496380902
3005389,2.545542496380902
3007171,4.0227010105396
3008953,4.0227010105396
3010735,3.272136970753974
3012517,2.851573440837238
3014299,2.0858646746684455
3016081,4.114042073877299
3017863,2.0858646746684455
3019645,2.465138003793373
3021427,2.465138003793373
3023209,3.365540924249621
3024991,4.754280143512336
3026773,4.1329476972512635
3028555,4.1329476972512635
3001826,-0.7932642672086996
3003608,-0.7932642672086996
3005390,-0.7932642672086996
3007172,0.6838942469500009
3008954,0.6838942469500009
3010736,-0.0857640607193698
3012518,-0.5063275906361064
3014300,-1.2529420889211558
3016082,-0.3413453054551442
3017864,-1.2529420889211558
3019646,-0.8736687597962285
3021428,-0.8736687597962285
3023210,0.007639892776276705
3024992,0.36088768566608015
3026774,-0.24135049271124936
3028556,-0.24135049271124936
3001827,-0.7932642672086996
3003609,-0.7932642672086996
3005391,-0.7932642672086996
3007173,0.6838942469500009
3008955,0.6838942469500009
3010737,-0.0857640607193698
3012519,-0.5063275906361064
3014301,-1.2529420889211558
3016083,-0.3413453054551442
3017865,-1.2529420889211558
3019647,-0.8736687597962285
3021429,-0.8736687597962285
3023211,0.007639892776276705
3024993,0.36088768566608015
3026775,-0.24135049271124936
3028557,-0.24135049271124936
3001828,9.168924691052583
3003610,9.168924691052583
3005392,9.168924691052583
3007174,10.646083205211282
3008956,10.646083205211282
3010738,9.895519165425661
3012520,9.474955635508923
3014302,8.709246869340125
3016084,10.73742426854898
3017866,8.709246869340125
3019648,9.088520198465053
3021430,9.088520198465053
3023212,9.988923118921308
3024994,11.377662338184022
3026776,10.756329891922944
3028558,10.756329891922944
3001829,-0.7932642672086996
3003611,-0.7932642672086996
3005393,-0.7932642672086996
3007175,0.6838942469500009
3008957,0.6838942469500009
3010739,-0.0857640607193698
3012521,-0.5063275906361064
3014303,-1.2529420889211558
3016085,-0.3413453054551442
3017867,-1.2529420889211558
3019649,-0.8736687597962285
3021431,-0.8736687597962285
3023213,0.007639892776276705
3024995,0.36088768566608015
3026777,-0.24135049271124936
3028559,-0.24135049271124936
3001830,71.30226776920617
3003612,71.30226776920617
3005394,71.30226776920617
3007176,72.77942628336487
3008958,72.77942628336487
3010740,71.79697487161981
3012522,71.37641134170306
3014304,70.84258994749372
3016086,76.77509353590595
3017868,70.84258994749372
3019650,71.22186327661865
3021432,71.22186327661865
3023214,71.89037882511546
3024996,73.27911804437817
3026778,73.30469027397167
3028560,73.30469027397167
3001831,-0.7932642672086996
3003613,-0.7932642672086996
3005395,-0.7932642672086996
3007177,0.6838942469500009
3008959,0.6838942469500009
3010741,-0.0857640607193698
3012523,-0.5063275906361064
3014305,-1.2529420889211558
3016087,-0.3413453054551442
3017869,-1.2529420889211558
3019651,-0.8736687597962285
3021433,-0.8736687597962285
3023215,0.007639892776276705
3024997,0.36088768566608015
3026779,-0.24135049271124936
3028561,-0.24135049271124936
3001832,-0.7932642672086996
3003614,-0.7932642672086996
3005396,-0.7932642672086996
3007178,0.6838942469500009
3008960,0.6838942469500009
3010742,-0.0857640607193698
3012524,-0.5063275906361064
3014306,-1.2529420889211558
3016088,-0.3413453054551442
3017870,-1.2529420889211558
3019652,-0.8736687597962285
3021434,-0.8736687597962285
3023216,0.007639892776276705
3024998,0.36088768566608015
3026780,-0.24135049271124936
3028562,-0.24135049271124936
3001833,12.578553154124998
3003615,12.578553154124998
3005397,12.578553154124998
3007179,14.055711668283697
3008961,14.055711668283697
3010743,13.305147628498075
3012525,12.884584098581337
3014307,12.118875332412541
3016089,14.147052731621399
3017871,12.118875332412541
3019653,12.498148661537469
3021435,12.498148661537469
3023217,13.398551581993722
3024999,14.787290801256438
3026781,14.165958354995361
3028563,14.165958354995361
3001834,36.20484646667385
3003616,36.20484646667385
3005398,36.20484646667385
3007180,37.87119591747527
3008962,37.87119591747527
3010744,36.69955356908747
3012526,36.278990039170736
3014308,35.745168644961396
3016090,38.94719624107884
3017872,35.745168644961396
3019654,36.31363291072904
3021436,36.31363291072904
3023218,36.792957522583116
3025000,38.181696741845826
3026782,38.20726897143933
3028564,38.20726897143933
3001835,-0.668295126470759
3003617,-0.668295126470759
3005399,-0.668295126470759
3007181,0.998054324330659
3008963,0.998054324330659
3010745,0.03920508001857076
3012527,-0.3813584498981658
3014309,-1.127972948183215
3016091,-0.21637616471720356
3017873,-1.127972948183215
3019655,-0.5595086824155704
3021437,-0.5595086824155704
3023219,0.13260903351421732
3025001,0.4858568264040207
3026783,-0.11638135197330894
3028565,-0.11638135197330894
3001836,115.68843735716632
3003618,115.68843735716632
3005400,115.68843735716632
3007182,117.45950879513684
3008964,117.45950879513684
3010746,116.18314445957996
3012528,115.76258092966322
3014310,115.22875953545388
3016092,124.87906300960766
3017874,115.22875953545388
3019656,115.90194578839062
3021438,115.90194578839062
3023220,116.27654841307562
3025002,119.52170699466016
3026784,119.74857923226931
3028566,119.74857923226931
3001837,86.20467355813132
3003619,86.20467355813132
3005401,86.20467355813132
3007183,87.97574499610184
3008965,87.97574499610184
3010747,86.69938066054496
3012529,86.27881713062821
3014311,85.74499573641887
3016093,93.40279031034552
3017875,85.74499573641887
3019657,86.41818198935562
3021439,86.41818198935562
3023221,86.79278461404061
3025003,88.18152383330332
3026785,88.20709606289682
3028567,88.20709606289682
3001838,-0.668295126470759
3003620,-0.668295126470759
3005402,-0.668295126470759
3007184,0.998054324330659
3008966,0.998054324330659
3010748,0.03920508001857076
3012530,-0.3813584498981658
3014312,-1.127972948183215
3016094,-0.21637616471720356
3017876,-1.127972948183215
3019658,-0.5595086824155704
3021440,-0.5595086824155704
3023222,0.13260903351421732
3025004,0.4858568264040207
3026786,-0.11638135197330894
3028568,-0.11638135197330894
3001839,2.347200035696214
3003621,2.347200035696214
3005403,2.347200035696214
3007185,4.013549486497629
3008967,4.013549486497629
3010749,3.0737945100692876
3012531,2.6532309801525518
3014313,1.8875222139837573
3016095,3.9156996131926145
3017877,1.8875222139837573
3019659,2.4559864797514024
3021441,2.4559864797514024
3023223,3.1671984635649344
3025005,4.555937682827649
3026787,3.934605236566576
3028569,3.934605236566576
3001840,61.44312926917197
3003622,61.44312926917197
3005404,61.44312926917197
3007186,63.10947871997339
3008968,63.10947871997339
3010750,61.93783637158559
3012532,61.517272841668856
3014314,60.983451447459515
3016096,66.05357003013873
3017878,60.983451447459515
3019660,61.55191571322716
3021442,61.55191571322716
3023224,62.031240325081235
3025006,63.41997954434399
3026788,63.44555177393747
3028570,63.44555177393747
3001841,10.50919536097298
3003623,10.50919536097298
3005405,10.50919536097298
3007187,12.175544811774396
3008969,12.175544811774396
3010751,11.235789835346056
3012533,10.815226305429318
3014315,10.049517539260522
3016097,12.077694938469376
3017879,10.049517539260522
3019661,10.617981805028167
3021443,10.617981805028167
3023225,11.329193788841703
3025007,12.717933008104417
3026789,12.09660056184334
3028571,12.09660056184334
3001842,201.68186656061056
3003624,201.68186656061056
3005406,201.68186656061056
3007188,203.4529379985811
3008970,203.4529379985811
3010752,202.97221663750707
3012534,196.08914749361116
3014316,195.55532609940184
3016098,207.7123773621022
3017880,195.55532609940184
3019662,196.2285123523386
3021444,196.2285123523386
3023226,197.39875795150647
3025008,197.9386137489208
3026790,198.33733328535124
3028572,198.33733328535124
3001843,-0.8127208316656138
3003625,-0.8127208316656138
3005407,-0.8127208316656138
3007189,0.8536286191358038
3008971,0.8536286191358038
3010753,-0.10522062517628424
3012535,-0.5257841550930209
3014317,-1.2723986533780702
3016099,-0.3608018699120585
3017881,-1.2723986533780702
3019663,-0.7039343876104254
3021445,-0.7039343876104254
3023227,-0.011816671680637748
3025009,0.3414311212091657
3026791,-0.26080705716816394
3028573,-0.26080705716816394
3001844,8.966126549234833
3003626,8.966126549234833
3005408,8.966126549234833
3007190,10.632476000036249
3008972,10.632476000036249
3010754,9.692721023607909
3012536,9.272157493691171
3014318,8.506448727522375
3016100,10.534626126731231
3017882,8.506448727522375
3019664,9.07491299329002
3021446,9.07491299329002
3023228,9.786124977103556
3025010,11.17486419636627
3026792,10.553531750105194
3028574,10.553531750105194
3001845,0.5615879677758743
3003627,0.5615879677758743
3005409,0.5615879677758743
3007191,2.038746481934575
3008973,2.038746481934575
3010755,1.269088174265204
3012537,0.8485246443484672
3014319,0.10191014606341776
3016101,4.521694955795752
3017883,0.10191014606341776
3019665,0.48118347518834553
3021447,0.48118347518834553
3023229,1.3624921277608508
3025011,1.715739920650654
3026793,1.1135017422733242
3028575,1.1135017422733242
3001846,0.5615879677758743
3003628,0.5615879677758743
3005410,0.5615879677758743
3007192,2.038746481934575
3008974,2.038746481934575
3010756,1.269088174265204
3012538,0.8485246443484672
3014320,0.10191014606341776
3016102,4.521694955795752
3017884,0.10191014606341776
3019666,0.48118347518834553
3021448,0.48118347518834553
3023230,1.3624921277608508
3025012,1.715739920650654
3026794,1.1135017422733242
3028576,1.1135017422733242
3001847,0.5615879677758743
3003629,0.5615879677758743
3005411,0.5615879677758743
3007193,2.038746481934575
3008975,2.038746481934575
3010757,1.269088174265204
3012539,0.8485246443484672
3014321,0.10191014606341776
3016103,4.521694955795752
3017885,0.10191014606341776
3019667,0.48118347518834553
3021449,0.48118347518834553
3023231,1.3624921277608508
3025013,1.715739920650654
3026795,1.1135017422733242
3028577,1.1135017422733242
3001848,1570.4439557561482
3003630,1556.103234180911
3005412,1556.103234180911
3007194,1633.6594034208426
3008976,1603.2094004218595
3010758,1576.28591095089
3012540,1518.6375320782165
3014322,1518.2460584600085
3016104,1600.5439049738025
3017886,1467.149982502192
3019668,1465.6878857266054
3021450,1489.5602502165032
3023232,1478.990537385901
3025014,1509.1748148796619
3026796,1492.7253359410342
3028578,1478.384614365797
3001849,-0.029685866751191198
3003631,-0.029685866751191198
3005413,-0.029685866751191198
3007195,1.4474726474075086
3008977,1.4474726474075086
3010759,0.6778143397381385
3012541,0.2572508098214028
3014323,-0.4893636884636482
3016105,3.9304211212686875
3017887,-0.4893636884636482
3019669,-0.11009035933872001
3021451,-0.11009035933872001
3023233,0.7712182932337854
3025015,1.1244660861235887
3026797,0.5222279077462587
3028579,0.5222279077462587
3001850,364.5195462692233
3003632,364.5195462692233
3005414,364.5195462692233
3007196,371.5450942859119
3008978,371.5450942859119
3010760,362.0134534129928
3012542,347.6097902827192
3014324,347.07596888850986
3016106,371.47029977562545
3017888,347.07596888850986
3019670,347.92514786889035
3021452,347.92514786889035
3023234,347.48682184206035
3025016,341.25418436276794
3026798,343.09288342992556
3028580,343.09288342992556
3001851,2.17180621587812
3003633,2.17180621587812
3005415,2.17180621587812
3007197,3.64896473003682
3008979,3.64896473003682
3010761,2.8984006902511976
3012543,2.4778371603344604
3014325,1.7121283941656633
3016107,7.2484938196408395
3017889,1.7121283941656633
3019671,2.0914017232905904
3021453,2.0914017232905904
3023235,2.991804643746844
3025017,4.3805438630095574
3026799,3.759211416748484
3028581,3.759211416748484
3001852,562.1636049331632
3003634,562.1636049331632
3005416,562.1636049331632
3007198,570.7683617154785
3008980,570.7683617154785
3010762,556.2305742980463
3012544,536.2295452942085
3014326,535.6957238999992
3016108,565.4868141850992
3017890,535.6957238999992
3019672,534.6683090209685
3021454,534.6683090209685
3023236,530.1875545264264
3025018,511.2507921015158
3026800,513.0894911686738
3028582,513.0894911686738
3001853,414.20883181859006
3003635,414.20883181859006
3005417,414.20883181859006
3007199,421.2343798352786
3008981,421.2343798352786
3010763,411.70273896235955
3012545,397.2990758320859
3014327,396.7652544378766
3016109,421.1595853249922
3017891,396.7652544378766
3019673,397.61443341825714
3021455,397.61443341825714
3023237,397.1761073914271
3025019,393.64249371934784
3026801,395.48119278650546
3028583,395.48119278650546
3001854,94.47611823077415
3003636,94.47611823077415
3005418,94.47611823077415
3007200,96.24718966874467
3008982,96.24718966874467
3010764,94.97082533318779
3012546,94.55026180327104
3014328,94.0164404090617
3016110,102.81486375089372
3017892,94.0164404090617
3019674,94.68962666199845
3021456,94.68962666199845
3023238,95.06422928668344
3025020,97.85922870687445
3026802,97.88480093646795
3028584,97.88480093646795
3001855,75.62294747873972
3003637,75.62294747873972
3005419,75.62294747873972
3007201,77.10010599289842
3008983,77.10010599289842
3010765,76.11765458115336
3012547,75.69709105123661
3014329,75.16326965702727
3016111,82.5304306661448
3017893,75.16326965702727
3019675,75.5425429861522
3021457,75.5425429861522
3023239,76.21105853464901
3025021,77.59979775391172
3026803,77.62536998350522
3028585,77.62536998350522
3001856,23.57645961784537
3003638,23.57645961784537
3005420,23.57645961784537
3007202,25.053618132004075
3008984,25.053618132004075
3010766,22.09246626697356
3012548,21.671902737056822
3014330,20.90619397088803
3016112,26.44255939636321
3017894,20.90619397088803
3019676,21.285467300012954
3021458,21.285467300012954
3023240,26.777445526004175
3025022,28.166184745266897
3026804,27.959869602900945
3028586,27.959869602900945
3001857,2043.549211741843
3003639,2029.2084901666058
3005421,2029.2084901666058
3007203,2115.3741530387015
3008985,2082.9740275225263
3010767,2043.5839749122613
3012549,1964.2948496614852
3014331,1963.9033760432771
3016113,2062.695561202426
3017895,1912.8073000854606
3019677,1919.9546969420376
3021459,1941.876938914743
3023241,1938.1585076893437
3025023,1968.3427851831045
3026805,1951.893306244477
3028587,1937.5525846692396
3001858,2.839688041420178
3003640,2.839688041420178
3005422,2.839688041420178
3007204,4.316846555578876
3008986,4.316846555578876
3010768,3.566282515793253
3012550,3.1457189858765155
3014332,2.3800102197077218
3016114,7.916375645182897
3017896,2.3800102197077218
3019678,2.7592835488326477
3021460,2.7592835488326477
3023242,3.659686469288899
3025024,5.048425688551613
3026806,4.427093242290539
3028588,4.427093242290539
3001859,-0.4991187221694223
3003641,-0.4991187221694223
3005423,-0.4991187221694223
3007205,0.978039791989278
3008987,0.978039791989278
3010769,0.20838148431990777
3012551,-0.21218204559682902
3014333,-0.9587965438818791
3016115,3.460988265850455
3017897,-0.9587965438818791
3019679,-0.5795232147569513
3021461,-0.5795232147569513
3023243,0.30178543781555417
3025025,0.6550332307053575
3026807,0.052795052328027565
3028589,0.052795052328027565
3001860,23.79481390026546
3003642,23.79481390026546
3005424,23.79481390026546
3007206,25.271972414424162
3008988,25.271972414424162
3010770,24.27136865675173
3012552,23.85080512683499
3014334,23.335136078553003
3016116,28.871501504028185
3017898,23.335136078553003
3019680,23.71440940767793
3021462,23.71440940767793
3023244,24.364772610247375
3025026,25.753511829510092
3026808,25.797236405030947
3028590,25.797236405030947
3001861,5.941246135684275
3003643,5.941246135684275
3005425,5.941246135684275
3007207,7.418404649842975
3008989,7.418404649842975
3010771,6.667840610057352
3012553,6.247277080140614
3014335,5.481568313971818
3016117,11.017933739446997
3017899,5.481568313971818
3019681,5.8608416430967445
3021463,5.8608416430967445
3023245,6.761244563552998
3025027,8.149983782815715
3026809,7.528651336554635
3028591,7.528651336554635
3001862,1.4323164993100532
3003644,1.4323164993100532
3005426,1.4323164993100532
3007208,2.9094750134687537
3008990,2.9094750134687537
3010772,2.1398167057993858
3012554,1.719253175882649
3014336,0.9726386775975968
3016118,5.888395912264906
3017900,0.9726386775975968
3019682,1.351912006722525
3021464,1.351912006722525
3023246,2.2332206592950326
3025028,3.056567058883318
3026810,2.454328880505986
3028592,2.454328880505986
3001863,129.23043651621464
3003645,129.23043651621464
3005427,129.23043651621464
3007209,131.00150795418517
3008991,131.00150795418517
3010773,129.7251436186282
3012555,129.30458008871148
3014337,128.77075869450215
3016119,139.01805282551587
3017901,128.77075869450215
3019683,129.44394494743892
3021465,129.44394494743892
3023247,129.81854757212383
3025029,133.0637061537084
3026811,133.29057839131758
3028593,133.29057839131758
3001864,-0.4991187221694223
3003646,-0.4991187221694223
3005428,-0.4991187221694223
3007210,0.978039791989278
3008992,0.978039791989278
3010774,0.20838148431990777
3012556,-0.21218204559682902
3014338,-0.9587965438818791
3016120,3.460988265850455
3017902,-0.9587965438818791
3019684,-0.5795232147569513
3021466,-0.5795232147569513
3023248,0.30178543781555417
3025030,0.6550332307053575
3026812,0.052795052328027565
3028594,0.052795052328027565
3001865,5.106458806364778
3003647,5.106458806364778
3005429,5.106458806364778
3007211,6.583617320523477
3008993,6.583617320523477
3010775,5.833053280737855
3012557,5.412489750821116
3014339,4.64678098465232
3016121,10.1831464101275
3017903,4.64678098465232
3019685,5.026054313777247
3021467,5.026054313777247
3023249,5.9264572342335
3025031,7.315196453496214
3026813,6.693864007235138
3028595,6.693864007235138
3001866,5.941246135684275
3003648,5.941246135684275
3005430,5.941246135684275
3007212,7.418404649842975
3008994,7.418404649842975
3010776,6.667840610057352
3012558,6.247277080140614
3014340,5.481568313971818
3016122,11.017933739446997
3017904,5.481568313971818
3019686,5.8608416430967445
3021468,5.8608416430967445
3023250,6.761244563552998
3025032,8.149983782815715
3026814,7.528651336554635
3028596,7.528651336554635
3001867,83.16492011299616
3003649,83.16492011299616
3005431,83.16492011299616
3007213,84.93599155096668
3008995,84.93599155096668
3010777,83.6596272154098
3012559,83.23906368549305
3014341,82.70524229128371
3016123,90.96002752207026
3017905,82.70524229128371
3019687,83.37842854422045
3021469,83.37842854422045
3023251,83.75303116890545
3025033,85.14177038816815
3026815,85.16734261776166
3028597,85.16734261776166
3001868,-0.37414958143148197
3003650,-0.37414958143148197
3005432,-0.37414958143148197
3007214,1.2921998693699364
3008996,1.2921998693699364
3010778,0.33335062505784824
3012560,-0.08721290485888854
3014342,-0.8338274031439388
3016124,3.585957406588396
3017906,-0.8338274031439388
3019688,-0.2653631373762934
3021470,-0.2653631373762934
3023252,0.42675457855349463
3025034,0.7800023714432981
3026816,0.17776419306596788
3028598,0.17776419306596788
3001869,101.15851372465508
3003651,101.15851372465508
3005433,101.15851372465508
3007215,102.9295851626256
3008997,102.9295851626256
3010779,101.65322082706872
3012561,101.23265729715197
3014343,100.69883590294263
3016125,109.99135521605379
3017907,100.69883590294263
3019689,101.37202215587938
3021471,101.37202215587938
3023253,101.74662478056437
3025035,104.54162420075538
3026817,104.56719643034889
3028599,104.56719643034889
3001870,174.09437543716427
3003652,174.09437543716427
3005434,174.09437543716427
3007216,175.8654468751348
3008998,175.8654468751348
3010780,175.3847255140608
3012562,171.6050802560083
3014344,171.07125886179898
3016126,184.97831935190143
3017908,171.07125886179898
3019690,171.74444511473575
3021472,171.74444511473575
3023254,172.9146907139036
3025036,173.45454651131794
3026818,173.85326604774838
3028600,173.85326604774838
3001871,1.5572856400479935
3003653,1.5572856400479935
3005435,1.5572856400479935
3007217,3.223635090849412
3008999,3.223635090849412
3010781,2.2647858465373263
3012563,1.8442223166205898
3014345,1.0976078183355376
3016127,6.013365053002847
3017909,1.0976078183355376
3019691,1.6660720841031822
3021473,1.6660720841031822
3023255,2.358189800032973
3025037,3.1815361996212586
3026819,2.5792980212439267
3028601,2.5792980212439267
3001872,7.425942510799526
3003654,7.425942510799526
3005436,7.425942510799526
3007218,9.092291961600946
3009000,9.092291961600946
3010782,8.152536985172606
3012564,7.731973455255865
3014346,6.96626468908707
3016128,12.50263011456225
3017910,6.96626468908707
3019692,7.534728954854713
3021474,7.534728954854713
3023256,8.245940938668253
3025038,9.634680157930967
3026820,9.01334771166989
3028602,9.01334771166989
3001873,92.71164063725924
3003655,92.71164063725924
3005437,92.71164063725924
3007219,94.48271207522976
3009001,94.48271207522976
3010783,93.20634773967288
3012565,92.78578420975613
3014347,92.25196281554679
3016129,101.0503861573788
3017911,92.25196281554679
3019693,92.92514906848353
3021475,92.92514906848353
3023257,93.29975169316853
3025039,96.09475111335954
3026821,96.12032334295304
3028603,96.12032334295304
3001874,45.622284577561885
3003656,45.622284577561885
3005438,45.622284577561885
3007220,47.288634028363305
3009002,47.288634028363305
3010784,46.116991679975506
3012566,45.69642815005877
3014348,45.16260675584943
3016130,48.96162500882677
3017912,45.16260675584943
3019694,45.731071021617076
3021476,45.731071021617076
3023258,46.21039563347115
3025040,47.59913485273386
3026822,47.62470708232737
3028604,47.62470708232737
3001875,833.0635696057404
3003657,833.0635696057404
3005439,844.7995707588708
3007221,858.7108012531893
3009003,858.7108012531893
3010785,831.21401895384
3012567,778.6862790426663
3014349,778.2948054244582
3016131,826.8448567870031
3017913,773.9490766231448
3019695,778.2281354561175
3021477,778.2281354561175
3023259,764.0009754276956
3025041,728.3337239887087
3026823,719.8254080762171
3028605,719.8254080762171
3001876,1.4128599348531394
3003658,1.4128599348531394
3005440,1.4128599348531394
3007222,3.0792093856545573
3009004,3.0792093856545573
3010786,2.120360141342471
3012568,1.6997966114257341
3014350,0.9531821131406828
3016132,5.868939347807991
3017914,0.9531821131406828
3019696,1.5216463789083277
3021478,1.5216463789083277
3023260,2.2137640948381176
3025042,3.037110494426403
3026824,2.4348723160490713
3028606,2.4348723160490713
3001877,1.4128599348531394
3003659,1.4128599348531394
3005441,1.4128599348531394
3007223,3.0792093856545573
3009005,3.0792093856545573
3010787,2.120360141342471
3012569,1.6997966114257341
3014351,0.9531821131406828
3016133,5.868939347807991
3017915,0.9531821131406828
3019697,1.5216463789083277
3021479,1.5216463789083277
3023261,2.2137640948381176
3025043,3.037110494426403
3026825,2.4348723160490713
3028607,2.4348723160490713
3001878,5.947847659806859
3003660,5.947847659806859
3005442,5.947847659806859
3007224,7.425006173965559
3009006,7.425006173965559
3010788,6.674442134179938
3012570,6.2538786042632
3014352,5.488169838094402
3016134,7.323294871348777
3017916,5.488169838094402
3019698,5.867443167219329
3021480,5.867443167219329
3023262,6.767846087675584
3025044,8.156585306938302
3026826,7.535252860677222
3028608,7.535252860677222
3001879,0.5615879677758743
3003661,0.5615879677758743
3005443,0.5615879677758743
3007225,2.038746481934575
3009007,2.038746481934575
3010789,1.269088174265204
3012571,0.8485246443484672
3014353,0.10191014606341776
3016135,0.8204545635749467
3017917,0.10191014606341776
3019699,0.48118347518834553
3021481,0.48118347518834553
3023263,1.3624921277608508
3025045,1.715739920650654
3026827,1.1135017422733242
3028609,1.1135017422733242
3001880,5.112356160576242
3003662,5.112356160576242
3005444,5.112356160576242
3007226,6.589514674734942
3009008,6.589514674734942
3010790,5.83895063494932
3012572,5.418387105032582
3014354,4.652678338863785
3016136,6.487803372118159
3017918,4.652678338863785
3019700,5.031951667988712
3021482,5.031951667988712
3023264,5.932354588444966
3025046,7.32109380770768
3026828,6.699761361446603
3028610,6.699761361446603
3001881,2825.521736139151
3003663,2730.3027991555336
3005445,2715.7055926287544
3007227,3009.4495933010867
3009009,3032.0952109058403
3010791,2821.0958862207603
3012573,2710.093617825634
3014355,2709.7021442074256
3016137,2792.690446194804
3017919,2603.3706340006315
3019701,2681.972916809859
3021483,2764.6328386872447
3023265,2579.8956658505713
3025047,2539.468168528602
3026829,2519.1565215648425
3028611,2423.937584581225
3001882,-0.029685866751191198
3003664,-0.029685866751191198
3005446,-0.029685866751191198
3007228,1.4474726474075086
3009010,1.4474726474075086
3010792,0.6778143397381385
3012574,0.2572508098214028
3014356,-0.4893636884636482
3016138,0.22918072904788128
3017920,-0.4893636884636482
3019702,-0.11009035933872001
3021484,-0.11009035933872001
3023266,0.7712182932337854
3025048,1.1244660861235887
3026830,0.5222279077462587
3028612,0.5222279077462587
3001883,584.5082134683475
3003665,584.5082134683475
3005447,584.5082134683475
3007229,594.9407860732093
3009011,594.9407860732093
3010793,578.4328350572295
3012575,558.4318060533916
3014357,558.0403324351835
3016139,587.7779671364639
3017921,558.0403324351835
3019703,558.8407333786994
3021485,558.8407333786994
3023267,552.3898152856095
3025049,533.4530528606994
3026831,535.4340997038582
3028613,535.4340997038582
3001884,5.936388781589769
3003666,5.936388781589769
3005448,5.936388781589769
3007230,7.413547295748469
3009012,7.413547295748469
3010794,6.662983255962849
3012576,6.24241972604611
3014358,5.476710959877312
3016140,7.311835993131685
3017922,5.476710959877312
3019704,5.855984289002238
3021486,5.855984289002238
3023268,6.756387209458494
3025050,8.145126428721207
3026832,7.523793982460131
3028614,7.523793982460131
3001885,1200.137076124071
3003667,1200.137076124071
3005449,1200.137076124071
3007231,1246.8500918692728
3009013,1216.4000888702897
3010795,1205.9790313188128
3012577,1147.0719239790744
3014359,1146.6804503608664
3016141,1206.239852804529
3017923,1118.5845876525507
3019705,1107.8653287951263
3021487,1131.737693285024
3023269,1116.0844209610225
3025051,1103.9249002014872
3026833,1087.4754212628595
3028615,1087.4754212628595
3001886,1014.6642448897172
3003668,1014.6642448897172
3005450,1014.6642448897172
3007232,1061.3772606349191
3009014,1030.927257635936
3010796,1013.4964974914539
3012578,961.5990927447218
3014360,961.2076191265137
3016142,1028.925549398552
3017924,941.2702842465744
3019706,930.5510253891504
3021488,954.4233898790482
3023270,943.0581842042556
3025052,925.5236366331508
3026834,909.0741576945228
3028616,909.0741576945228
3001887,154.08921145082093
3003669,154.08921145082093
3005451,154.08921145082093
3007233,155.86028288879146
3009015,155.86028288879146
3010797,155.37956152771744
3012579,151.59991626966496
3014361,151.06609487545563
3016143,162.58604406305173
3017925,151.06609487545563
3019707,151.7392811283924
3021489,151.7392811283924
3023271,152.90952672756026
3025053,153.4493825249746
3026835,153.67625476258377
3028617,153.67625476258377
3001888,162.6593667273569
3003670,162.6593667273569
3005452,162.6593667273569
3007234,164.43043816532744
3009016,164.43043816532744
3010798,163.94971680425343
3012580,160.17007154620094
3014362,159.63625015199162
3016144,173.54331064209407
3017926,159.63625015199162
3019708,160.3094364049284
3021490,160.3094364049284
3023272,161.47968200409625
3025054,162.01953780151058
3026836,162.41825733794101
3028618,162.41825733794101
3001889,240.3866877948194
3003671,240.3866877948194
3005453,240.3866877948194
3007235,242.15775923278994
3009017,242.15775923278994
3010799,239.46645004647104
3012581,232.58338090257513
3014363,232.0495595083658
3016145,243.66297266002067
3017927,232.0495595083658
3019709,232.72274576130258
3021491,232.72274576130258
3023273,238.4845666660054
3025055,231.8510924646884
3026837,232.24981200111884
3028619,232.24981200111884
3001890,3994.7532986908514
3003672,3863.914457192876
3005454,3849.3172506660967
3007236,4102.41939180958
3009018,4122.915085774983
3010800,4002.417180806517
3012582,3837.282769707127
3014364,3817.5980429195656
3016146,4037.963117117512
3017928,3650.574864300941
3019710,3671.2040153134008
3021492,3889.950246401809
3023274,3765.150387142798
3025056,3901.4248381001908
3026838,3897.3575975630515
3028620,3807.2262902768025
3001891,44.53672053846776
3003673,44.53672053846776
3005455,44.53672053846776
3007237,46.013879052626464
3009019,46.013879052626464
3010801,45.03142764088138
3012583,44.61086411096465
3014365,44.07704271675531
3016147,47.279070312872754
3017929,44.07704271675531
3019711,44.456316045880236
3021493,44.456316045880236
3023275,45.12483159437703
3025057,46.51357081363974
3026839,46.539143043233246
3028621,46.539143043233246
3001892,4.156035790294258
3003674,4.156035790294258
3005456,4.156035790294258
3007238,5.6331943044529575
3009020,5.6331943044529575
3010802,4.882630264667331
3012584,4.462066734750593
3014366,3.696357968581803
3016148,5.724535367790657
3017930,3.696357968581803
3019712,4.075631297706727
3021494,4.075631297706727
3023276,4.976034218162977
3025058,6.364773437425691
3026840,5.7434409911646185
3028622,5.7434409911646185
3001893,47.038291272249
3003675,47.038291272249
3005457,47.038291272249
3007239,48.5154497864077
3009021,48.5154497864077
3010803,47.53299837466262
3012585,47.112434844745884
3014367,46.578613450536544
3016149,49.78064104665399
3017931,46.578613450536544
3019713,46.95788677966147
3021495,46.95788677966147
3023277,47.626402328158264
3025059,49.015141547420974
3026841,49.04071377701448
3028623,49.04071377701448
3001894,16.113697835612022
3003676,16.113697835612022
3005458,16.113697835612022
3007240,17.590856349770725
3009022,17.590856349770725
3010804,16.8402923099851
3012586,16.41972878006836
3014368,15.65402001389957
3016150,17.682197413108426
3017932,15.65402001389957
3019714,16.033293343024493
3021496,16.033293343024493
3023278,16.933696263480744
3025060,18.32243548274346
3026842,18.11612034037751
3028624,18.11612034037751
3001895,-0.4991187221694223
3003677,-0.4991187221694223
3005459,-0.4991187221694223
3007241,0.978039791989278
3009023,0.978039791989278
3010805,0.20838148431990777
3012587,-0.21218204559682902
3014369,-0.9587965438818791
3016151,-0.04719976041586705
3017933,-0.9587965438818791
3019715,-0.5795232147569513
3021497,-0.5795232147569513
3023279,0.30178543781555417
3025061,0.6550332307053575
3026843,0.052795052328027565
3028625,0.052795052328027565
3001896,253.94728760162315
3003678,253.94728760162315
3005460,253.94728760162315
3007242,255.71835903959368
3009024,255.71835903959368
3010806,253.09526475498876
3012588,246.21219561109285
3014370,245.67837421688353
3016152,257.2917873685381
3017934,245.67837421688353
3019716,246.3515604698203
3021498,246.3515604698203
3023280,247.52180606898816
3025062,240.88833186767116
3026844,241.2870514041016
3028626,241.2870514041016
3001897,33.543119059329946
3003679,33.543119059329946
3005461,33.543119059329946
3007243,35.02027757348865
3009025,35.02027757348865
3010807,34.03782616174357
3012589,33.61726263182683
3014371,33.08344123761749
3016153,36.28546883373494
3017935,33.08344123761749
3019717,33.46271456674242
3021499,33.46271456674242
3023281,34.13123011523921
3025063,35.51996933450192
3026845,35.54554156409543
3028627,35.54554156409543
3001898,20.327447502464427
3003680,20.327447502464427
3005462,20.327447502464427
3007244,21.80460601662313
3009026,21.80460601662313
3010808,21.054041976837503
3012590,20.633478446920765
3014372,19.86776968075197
3016154,21.89594707996083
3017936,19.86776968075197
3019718,20.247043009876897
3021500,20.247043009876897
3023282,21.14744593033315
3025064,22.536185149595866
3026846,22.329870007229914
3028628,22.329870007229914
3001899,2.0184066676054906
3003681,2.0184066676054906
3005463,2.0184066676054906
3007245,3.4955651817641904
3009027,3.4955651817641904
3010809,2.745001141978565
3012591,2.3244376120618293
3014373,1.5587288458930333
3016155,3.586906245101891
3017937,1.5587288458930333
3019719,1.9380021750179615
3021501,1.9380021750179615
3023283,2.838405095474212
3025065,4.227144314736928
3026847,3.6058118684758536
3028629,3.6058118684758536
3001900,88.5033967094912
3003682,88.5033967094912
3005464,88.5033967094912
3007246,90.27446814746172
3009028,90.27446814746172
3010810,88.99810381190484
3012592,88.57754028198809
3014374,88.04371888777875
3016156,96.24515157275087
3017938,88.04371888777875
3019720,88.7169051407155
3021502,88.7169051407155
3023284,89.0915077654005
3025066,91.8865071855915
3026848,91.912079415185
3028630,91.912079415185
3001901,8.383745693747828
3003683,8.383745693747828
3005465,8.383745693747828
3007247,10.050095144549244
3009029,10.050095144549244
3010811,9.110340168120905
3012593,8.689776638204167
3014375,7.924067872035367
3016157,9.952245271244225
3017939,7.924067872035367
3019721,8.492532137803016
3021503,8.492532137803016
3023285,9.203744121616552
3025067,10.592483340879266
3026849,9.971150894618189
3028631,9.971150894618189
3001902,273.74662183149303
3003684,273.74662183149303
3005466,273.74662183149303
3007248,275.51769326946356
3009030,275.51769326946356
3010812,272.8945989848587
3012594,263.8605815324855
3014376,263.3267601382762
3016158,276.06137043567753
3017940,263.3267601382762
3019722,263.211598699753
3021504,263.211598699753
3023286,265.1701919903809
3025068,257.28555107814447
3026850,257.68427061457487
3028632,257.68427061457487
3001903,281.5542661005573
3003685,281.5542661005573
3005467,281.5542661005573
3007249,283.32533753852783
3009031,283.32533753852783
3010813,280.702243253923
3012595,269.71330001383546
3014377,269.17947861962614
3016159,284.56339453055256
3017941,269.17947861962614
3019723,269.0643171811029
3021505,269.0643171811029
3023287,271.0229104717308
3025069,259.6486494433747
3026851,260.0473689798051
3028633,260.0473689798051
3001904,9.748657820027669
3003686,9.748657820027669
3005468,9.748657820027669
3007250,11.415007270829085
3009032,11.415007270829085
3010814,10.475252294400747
3012596,10.054688764484009
3014378,9.288979998315211
3016160,11.317157397524065
3017942,9.288979998315211
3019724,9.857444264082856
3021506,9.857444264082856
3023288,10.568656247896394
3025070,11.957395467159108
3026852,11.33606302089803
3028634,11.33606302089803
3001905,8.383745693747828
3003687,8.383745693747828
3005469,8.383745693747828
3007251,10.050095144549244
3009033,10.050095144549244
3010815,9.110340168120905
3012597,8.689776638204167
3014379,7.924067872035367
3016161,9.952245271244225
3017943,7.924067872035367
3019725,8.492532137803016
3021507,8.492532137803016
3023289,9.203744121616552
3025071,10.592483340879266
3026853,9.971150894618189
3028635,9.971150894618189
3001906,353.1524663494265
3003688,353.1524663494265
3005470,353.1524663494265
3007252,362.28262862638616
3009034,362.28262862638616
3010816,350.646373493196
3012598,336.24271036292237
3014380,335.70888896871304
3016162,362.2078341160997
3017944,335.70888896871304
3019726,338.6626822093646
3021508,338.6626822093646
3023290,336.11974192226353
3025072,329.8871044429711
3026854,331.72580351012874
3028636,331.72580351012874
3001907,157.32660983477936
3003689,157.32660983477936
3005471,157.32660983477936
3007253,159.0976812727499
3009035,159.0976812727499
3010817,158.61695991167588
3012599,154.8373146536234
3014381,154.30349325941407
3016163,168.21055374951652
3017945,154.30349325941407
3019727,154.97667951235084
3021509,154.97667951235084
3023291,156.1469251115187
3025073,156.68678090893303
3026855,156.9136531465422
3028637,156.9136531465422
3001908,2351.1436875988456
3003690,2220.3048461008702
3005472,2205.707639574091
3007254,2551.321966238198
3009036,2571.817660203601
3010818,2180.2719515504705
3012600,2240.458687513114
3014382,2294.19985360519
3016164,3037.249884077045
3017946,2078.7369611395134
3019728,2117.8793112494386
3021510,2629.563717228812
3023292,2282.4503658084277
3025074,2683.9442246147196
3026856,2679.8769840775803
3028638,2589.7456767913313
3001909,-0.5185752866263368
3003691,-0.5185752866263368
3005473,-0.5185752866263368
3007255,1.1477741641750812
3009037,1.1477741641750812
3010819,0.1889249198629933
3012601,-0.23163861005374342
3014383,-0.9782531083387935
3016165,-0.0666563248727815
3017947,-0.9782531083387935
3019729,-0.4097888425711482
3021511,-0.4097888425711482
3023293,0.2823288733586397
3025075,0.635576666248443
3026857,0.033338487871113105
3028639,0.033338487871113105
3001910,37.40701495480668
3003692,37.40701495480668
3005474,37.40701495480668
3007256,39.073364405608096
3009038,39.073364405608096
3010820,37.9017220572203
3012602,37.48115852730356
3014384,36.94733713309422
3016166,40.14936472921167
3017948,36.94733713309422
3019730,37.51580139886187
3021512,37.51580139886187
3023294,37.99512601071594
3025076,39.38386522997865
3026858,39.40943745957216
3028640,39.40943745957216
3001911,5.112356160576242
3003693,5.112356160576242
3005475,5.112356160576242
3007257,6.589514674734942
3009039,6.589514674734942
3010821,5.83895063494932
3012603,5.418387105032582
3014385,4.652678338863785
3016167,6.487803372118159
3017949,4.652678338863785
3019731,5.031951667988712
3021513,5.031951667988712
3023295,5.932354588444966
3025077,7.32109380770768
3026859,6.699761361446603
3028641,6.699761361446603
3001912,0.5615879677758743
3003694,0.5615879677758743
3005476,0.5615879677758743
3007258,2.038746481934575
3009040,2.038746481934575
3010822,1.269088174265204
3012604,0.8485246443484672
3014386,0.10191014606341776
3016168,0.8204545635749467
3017950,0.10191014606341776
3019732,0.48118347518834553
3021514,0.48118347518834553
3023296,1.3624921277608508
3025078,1.715739920650654
3026860,1.1135017422733242
3028642,1.1135017422733242
3001913,2.1769898821097455
3003695,2.1769898821097455
3005477,2.1769898821097455
3007259,3.654148396268445
3009041,3.654148396268445
3010823,2.884490088599075
3012605,2.46392655868234
3014387,1.717312060397289
3016169,2.931828902843793
3017951,1.717312060397289
3019733,2.0965853895222155
3021515,2.0965853895222155
3023297,2.9778940420947224
3025079,3.8012404416830083
3026861,3.199002263305677
3028643,3.199002263305677
3001914,2107.1250259591457
3003696,2092.7843043839084
3005478,2092.7843043839084
3007260,2221.5793080801122
3009042,2191.129305081129
3010824,2112.966981153888
3012606,2048.2020679910365
3014388,2047.810594372828
3016170,2109.925596553539
3017952,1980.43344381702
3019734,2015.6579053675832
3021516,2039.530269857481
3023298,2001.193076115368
3025080,1953.2149069291765
3026862,1915.9127137143576
3028644,1901.5719921391203
3001915,-0.029685866751191198
3003697,-0.029685866751191198
3005479,-0.029685866751191198
3007261,1.4474726474075086
3009043,1.4474726474075086
3010825,0.6778143397381385
3012607,0.2572508098214028
3014389,-0.4893636884636482
3016171,0.22918072904788128
3017953,-0.4893636884636482
3019735,-0.11009035933872001
3021517,-0.11009035933872001
3023299,0.7712182932337854
3025081,1.1244660861235887
3026863,0.5222279077462587
3028645,0.5222279077462587
3001916,480.4429023414449
3003698,480.4429023414449
3005480,480.4429023414449
3007262,491.15155467549016
3009044,491.15155467549016
3010826,474.509871706328
3012608,454.5088427024902
3014390,453.9750213082809
3016172,483.76611159338097
3017954,453.9750213082809
3019736,458.5073046060181
3021518,458.5073046060181
3023300,454.38587426183136
3025082,435.4491118369214
3026864,437.28781090407904
3028646,437.28781090407904
3001917,27.136121474633406
3003699,27.136121474633406
3005481,27.136121474633406
3007263,28.613279988792108
3009045,28.613279988792108
3010827,27.612676231119675
3012609,27.192112701202937
3014391,26.67644365292095
3016173,29.878471249038405
3017955,26.67644365292095
3019737,27.055716982045876
3021519,27.055716982045876
3023301,27.70608018461532
3025083,29.094819403878038
3026865,29.138543979398893
3028647,29.138543979398893
3001918,955.0691968868294
3003700,955.0691968868294
3005482,955.0691968868294
3007264,960.2472929129733
3009046,960.2472929129733
3010828,953.9014494885661
3012610,910.664748836566
3014392,910.2732752183579
3016174,942.7361118032043
3017956,890.3359403384186
3019738,888.901098689665
3021520,888.901098689665
3023302,892.1238402960997
3025084,862.7150011040324
3026866,860.2049399863879
3028648,860.2049399863879
3001919,876.5699529400617
3003701,876.5699529400617
3005483,876.5699529400617
3007265,887.0025255449235
3009047,887.0025255449235
3010829,874.7204022881613
3012611,830.0826334604627
3014393,829.6911598422546
3016175,876.1365969445284
3017957,813.6094298878108
3019739,814.4098308313268
3021521,814.4098308313268
3023303,815.397329845492
3025085,785.4702648275463
3026867,776.9619489150547
3028649,776.9619489150547
3001920,112.06198283918582
3003702,112.06198283918582
3005484,112.06198283918582
3007266,113.83305427715634
3009048,113.83305427715634
3010830,112.55668994159946
3012612,112.13612641168271
3014394,111.60230501747337
3016176,120.29783367372467
3017958,111.60230501747337
3019740,112.27549127041011
3021522,112.27549127041011
3023304,112.65009389509511
3025086,115.44509331528612
3026868,115.67196555289526
3028650,115.67196555289526
3001921,112.22397334069738
3003703,112.22397334069738
3005485,112.22397334069738
3007267,113.9950447786679
3009049,113.9950447786679
3010831,112.71868044311103
3012613,112.29811691319428
3014395,111.76429551898494
3016177,121.41459899313871
3017959,111.76429551898494
3019741,112.43748177192168
3021523,112.43748177192168
3023305,112.81208439660668
3025087,116.05724297819123
3026869,116.28411521580037
3028651,116.28411521580037
3001922,183.325460538424
3003704,183.325460538424
3005486,183.325460538424
3007268,185.09653197639454
3009050,185.09653197639454
3010832,182.40522279007564
3012614,177.17857507666207
3014396,176.64475368245274
3016178,188.8018049451531
3017960,176.64475368245274
3019742,177.31793993538952
3021524,177.31793993538952
3023306,183.07976084009235
3025088,183.61961663750668
3026870,184.01833617393712
3028652,184.01833617393712
3001923,3298.922260331846
3003705,3203.7033233482284
3005487,3189.106116821449
3007269,3551.544275345426
3009051,3572.039969310829
3010833,3306.5861424475115
3012615,3185.956180470529
3014397,3166.2714536829676
3016179,3300.2482306754428
3017961,3042.6072812488183
3019743,3158.02017351165
3021525,3238.530171749685
3023307,3107.7420883021136
3025089,3167.373848492471
3026871,3177.8835735955768
3028653,3123.3721708236853
3001924,16.619077561331373
3003706,16.619077561331373
3005488,16.619077561331373
3007270,18.096236075490076
3009052,18.096236075490076
3010834,17.34567203570445
3012616,16.925108505787712
3014398,16.159399739618916
3016180,18.187577138827777
3017962,16.159399739618916
3019744,16.538673068743844
3021526,16.538673068743844
3023308,17.439075989200095
3025090,18.827815208462813
3026872,18.62150006609686
3028654,18.62150006609686
3001925,1.4323164993100532
3003707,1.4323164993100532
3005489,1.4323164993100532
3007271,2.9094750134687537
3009053,2.9094750134687537
3010835,2.1398167057993858
3012617,1.719253175882649
3014399,0.9726386775975968
3016181,2.380207885998585
3017963,0.9726386775975968
3019745,1.351912006722525
3021527,1.351912006722525
3023309,2.2332206592950326
3025091,3.056567058883318
3026873,2.454328880505986
3028655,2.454328880505986
3001926,26.006941585015035
3003708,26.006941585015035
3005490,26.006941585015035
3007272,27.484100099173737
3009054,27.484100099173737
3010836,26.483496341501304
3012618,26.062932811584567
3014400,25.547263763302578
3016182,27.57544116251144
3017964,25.547263763302578
3019746,25.926537092427505
3021528,25.926537092427505
3023310,26.57690029499695
3025092,27.965639514259667
3026874,28.009364089780522
3028656,28.009364089780522
3001927,9.463070236091859
3003709,9.463070236091859
3005491,9.463070236091859
3007273,10.940228750250558
3009055,10.940228750250558
3010837,10.189664710464937
3012619,9.7691011805482
3014401,9.003392414379402
3016183,11.031569813588257
3017965,9.003392414379402
3019747,9.38266574350433
3021529,9.38266574350433
3023311,10.283068663960584
3025093,11.671807883223298
3026875,11.05047543696222
3028657,11.05047543696222
3001928,1.4323164993100532
3003710,1.4323164993100532
3005492,1.4323164993100532
3007274,2.9094750134687537
3009056,2.9094750134687537
3010838,2.1398167057993858
3012620,1.719253175882649
3014402,0.9726386775975968
3016184,2.380207885998585
3017966,0.9726386775975968
3019748,1.351912006722525
3021530,1.351912006722525
3023312,2.2332206592950326
3025094,3.056567058883318
3026876,2.454328880505986
3028658,2.454328880505986
3001929,290.9069626393624
3003711,290.9069626393624
3005493,290.9069626393624
3007275,292.67803407733294
3009057,292.67803407733294
3010839,290.0549397927281
3012621,279.06599655264057
3014403,278.53217515843124
3016185,293.91609106935766
3017967,278.53217515843124
3019749,278.41701371990797
3021531,278.41701371990797
3023313,280.37560701053593
3025095,269.0013459821798
3026877,269.40006551861023
3028659,269.40006551861023
3001930,28.86138108151036
3003712,28.86138108151036
3005494,28.86138108151036
3007276,30.33853959566906
3009058,30.33853959566906
3010840,29.356088183923976
3012622,28.93552465400724
3014404,28.401703259797902
3016186,31.60373085591536
3017968,28.401703259797902
3019750,28.78097658892283
3021532,28.78097658892283
3023314,29.44949213741962
3025096,30.838231356682336
3026878,30.863803586275843
3028660,30.863803586275843
3001931,5.106458806364778
3003713,5.106458806364778
3005495,5.106458806364778
3007277,6.583617320523477
3009059,6.583617320523477
3010841,5.833053280737855
3012623,5.412489750821116
3014405,4.64678098465232
3016187,6.674958383861176
3017969,4.64678098465232
3019751,5.026054313777247
3021533,5.026054313777247
3023315,5.9264572342335
3025097,7.315196453496214
3026879,6.693864007235138
3028661,6.693864007235138
3001932,26.006941585015035
3003714,26.006941585015035
3005496,26.006941585015035
3007278,27.484100099173737
3009060,27.484100099173737
3010842,26.483496341501304
3012624,26.062932811584567
3014406,25.547263763302578
3016188,27.57544116251144
3017970,25.547263763302578
3019752,25.926537092427505
3021534,25.926537092427505
3023316,26.57690029499695
3025098,27.965639514259667
3026880,28.009364089780522
3028662,28.009364089780522
3001933,51.362159362875694
3003715,51.362159362875694
3005497,51.362159362875694
3007279,53.028508813677114
3009061,53.028508813677114
3010843,51.856866465289315
3012625,51.43630293537258
3014407,50.90248154116324
3016189,54.10450913728069
3017971,50.90248154116324
3019753,51.470945806930885
3021535,51.470945806930885
3023317,51.95027041878496
3025099,53.33900963804767
3026881,53.36458186764118
3028663,53.36458186764118
3001934,6.591155181480028
3003716,6.591155181480028
3005498,6.591155181480028
3007280,8.257504632281446
3009062,8.257504632281446
3010844,7.317749655853108
3012626,6.897186125936369
3014408,6.131477359767571
3016190,8.159654758976432
3017972,6.131477359767571
3019754,6.6999416255352156
3021536,6.6999416255352156
3023318,7.411153609348753
3025100,8.79989282861147
3026882,8.178560382350392
3028664,8.178560382350392
3001935,190.3995328643225
3003717,190.3995328643225
3005499,190.3995328643225
3007281,192.17060430229304
3009063,192.17060430229304
3010845,191.68988294121903
3012627,184.80681379732312
3014409,184.2729924031138
3016191,196.43004366581414
3017973,184.2729924031138
3019755,184.94617865605056
3021537,184.94617865605056
3023319,186.11642425521842
3025101,186.65628005263275
3026883,187.0549995890632
3028665,187.0549995890632
3001936,237.72991535560388
3003718,237.72991535560388
3005500,237.72991535560388
3007282,239.5009867935744
3009064,239.5009867935744
3010846,239.0202654325004
3012628,232.13719628860449
3014410,231.60337489439516
3016192,243.21678804605003
3017974,231.60337489439516
3019756,232.27656114733193
3021538,232.27656114733193
3023320,233.4468067464998
3025102,226.8133325451828
3026884,227.21205208161322
3028666,227.21205208161322
3001937,7.582883086616614
3003719,7.582883086616614
3005501,7.582883086616614
3007283,9.249232537418035
3009065,9.249232537418035
3010847,8.309477560989695
3012629,7.888914031072955
3014411,7.123205264904159
3016193,9.151382664113017
3017975,7.123205264904159
3019757,7.691669530671802
3021539,7.691669530671802
3023321,8.402881514485342
3025103,9.791620733748056
3026885,9.17028828748698
3028667,9.17028828748698
3001938,4.110960749649584
3003720,4.110960749649584
3005502,4.110960749649584
3007284,5.7773102004510015
3009066,5.7773102004510015
3010848,4.837555224022659
3012630,4.416991694105921
3014412,3.6512829279371286
3016194,5.679460327145983
3017976,3.6512829279371286
3019758,4.219747193704771
3021540,4.219747193704771
3023322,4.930959177518305
3025104,6.3196983967810185
3026886,5.698365950519944
3028668,5.698365950519944
3001939,142.67904334704608
3003721,142.67904334704608
3005503,142.67904334704608
3007285,144.4501147850166
3009067,144.4501147850166
3010849,143.9693934239426
3012631,141.5040874972791
3014413,140.97026610306978
3016195,154.85240224850676
3017977,140.97026610306978
3019759,141.64345235600655
3021541,141.64345235600655
3023323,142.8136979551744
3025105,143.35355375258874
3026887,143.5804259901979
3028669,143.5804259901979
3001940,90.09937440177207
3003722,90.09937440177207
3005504,90.09937440177207
3007286,91.87044583974259
3009068,91.87044583974259
3010850,90.59408150418571
3012632,90.17351797426896
3014414,89.63969658005962
3016196,97.84112926503175
3017978,89.63969658005962
3019760,90.31288283299637
3021542,90.31288283299637
3023324,90.68748545768136
3025106,93.48248487787237
3026888,93.50805710746587
3028670,93.50805710746587
3001941,906.2312719652762
3003723,811.0123349816587
3005505,796.4151284548794
3007287,1231.07163351656
3009069,1251.5673274819628
3010851,799.5121224241017
3012633,692.619359604021
3014415,746.3605256960975
3016197,851.3289711015369
3017979,593.6880216749126
3019761,781.3192604754486
3021543,1437.881501983899
3023325,1596.8500462315346
3025107,1576.8685486057052
3026889,1587.3782737088106
3028671,1532.866870936919
3001942,-0.5185752866263368
3003724,-0.5185752866263368
3005506,-0.5185752866263368
3007288,1.1477741641750812
3009070,1.1477741641750812
3010852,0.1889249198629933
3012634,-0.23163861005374342
3014416,-0.9782531083387935
3016198,-0.0666563248727815
3017980,-0.9782531083387935
3019762,-0.4097888425711482
3021544,-0.4097888425711482
3023326,0.2823288733586397
3025108,0.635576666248443
3026890,0.033338487871113105
3028672,0.033338487871113105
3001943,27.782989018462942
3003725,27.782989018462942
3005507,27.782989018462942
3007289,29.44933846926436
3009071,29.44933846926436
3010853,28.25954377494921
3012635,27.838980245032474
3014417,27.323311196750485
3016199,30.52533879286794
3017981,27.323311196750485
3019763,27.89177546251813
3021545,27.89177546251813
3023327,28.352947728444857
3025109,29.741686947707574
3026891,29.78541152322843
3028673,29.78541152322843
3001944,5.653702114767582
3003726,5.653702114767582
3005508,5.653702114767582
3007290,7.130860628926282
3009072,7.130860628926282
3010854,6.380296589140661
3012636,5.959733059223923
3014418,5.194024293055125
3016200,7.029149326309501
3017982,5.194024293055125
3019764,5.573297622180052
3021546,5.573297622180052
3023328,6.473700542636307
3025110,7.862439761899023
3026892,7.241107315637945
3028674,7.241107315637945
3001945,0.26744242273659746
3003727,0.26744242273659746
3005509,0.26744242273659746
3007291,1.7446009368952982
3009073,1.7446009368952982
3010855,0.9749426292259269
3012637,0.5543790993091906
3014419,-0.19223539897585917
3016201,0.5263090185356698
3017983,-0.19223539897585917
3019765,0.18703793014906867
3021547,0.18703793014906867
3023329,1.0683465827215737
3025111,1.4215943756113771
3026893,0.8193561972340472
3028675,0.8193561972340472
3001946,3.150229033966299
3003728,3.150229033966299
3005510,3.150229033966299
3007292,4.627387548124997
3009074,4.627387548124997
3010856,3.8768235083393767
3012638,3.4562599784226387
3014420,2.6905512122538426
3016202,4.525676245508215
3017984,2.6905512122538426
3019766,3.0698245413787695
3021548,3.0698245413787695
3023330,3.970227461835023
3025112,5.358966681097735
3026894,4.737634234836659
3028676,4.737634234836659
3001947,2048.472609829309
3003729,2034.1318882540718
3005511,2034.1318882540718
3007293,2158.7902080327513
3009075,2128.340205033768
3010857,2054.3145650240513
3012639,1990.712964460486
3014421,1990.321490842278
3016203,2085.4706464809337
3017985,1939.2254148844615
3019767,1984.8654686476227
3021549,2008.7378331375205
3023331,1959.9850471828097
3025113,1990.1693246765706
3026895,1973.719845737943
3028677,1959.3791241627057
3001948,-0.3238314117904682
3003730,-0.3238314117904682
3005512,-0.3238314117904682
3007294,1.1533271023682332
3009076,1.1533271023682332
3010858,0.3836687946988621
3012640,-0.036894735217874314
3014422,-0.7835092335029249
3016204,-0.06496481599139557
3017986,-0.7835092335029249
3019768,-0.40423590437799695
3021550,-0.40423590437799695
3023332,0.47707274819450846
3025114,0.8303205410843119
3026896,0.22808236270698168
3028678,0.22808236270698168
3001949,619.0146365603796
3003731,619.0146365603796
3005513,619.0146365603796
3007295,629.4472091652414
3009077,629.4472091652414
3010859,612.9392581492615
3012641,592.9382291454236
3014423,592.5467555272155
3016205,622.2843902284959
3017987,592.5467555272155
3019769,593.3471564707314
3021551,593.3471564707314
3023333,586.8962383776416
3025115,567.9594759527314
3026897,569.9405227958903
3028679,569.9405227958903
3001950,12.416755224213414
3003732,12.416755224213414
3005514,12.416755224213414
3007296,13.893913738372113
3009078,13.893913738372113
3010860,13.14334969858649
3012642,12.722786168669753
3014424,11.957077402500957
3016206,13.792202435755332
3017988,11.957077402500957
3019770,12.336350731625885
3021552,12.336350731625885
3023334,13.236753652082138
3025116,14.625492871344852
3026898,14.004160425083775
3028680,14.004160425083775
3001951,858.4510869509559
3003733,858.4510869509559
3005515,858.4510869509559
3007297,868.8836595558176
3009079,868.8836595558176
3010861,856.6015362990554
3012643,811.9637674713568
3014425,811.5722938531487
3016207,858.0177309554225
3017989,795.490563898705
3019771,796.2909648422209
3021553,796.2909648422209
3023335,797.2784638563861
3025117,767.3513988384404
3026899,758.8430829259488
3028681,758.8430829259488
3001952,351.8156703370709
3003734,351.8156703370709
3005516,351.8156703370709
3007298,358.8412183537595
3009080,358.8412183537595
3010862,349.3095774808404
3012644,334.9059143505668
3014426,334.37209295635745
3016208,361.2819115200466
3017990,334.37209295635745
3019772,335.22127193673793
3021554,335.22127193673793
3023336,334.78294590990794
3025118,328.55030843061553
3026900,330.38900749777315
3028682,330.38900749777315
3001953,134.92225234398282
3003735,134.92225234398282
3005517,134.92225234398282
3007299,136.69332378195335
3009081,136.69332378195335
3010863,136.21260242087934
3012645,133.74729649421585
3014427,133.21347510000652
3016209,148.623956900247
3017991,133.21347510000652
3019773,133.8866613529433
3021555,133.8866613529433
3023337,135.05690695211115
3025119,135.59676274952548
3026901,135.82363498713465
3028683,135.82363498713465
3001954,348.1298259071582
3003736,348.1298259071582
3005518,348.1298259071582
3007300,355.15537392384675
3009082,355.15537392384675
3010864,345.6237330509277
3012646,331.22006992065405
3014428,330.68624852644473
3016210,357.5960670901339
3017992,330.68624852644473
3019774,331.5354275068253
3021556,331.5354275068253
3023338,331.0971014799952
3025120,324.8644640007028
3026902,326.70316306786043
3028684,326.70316306786043
3001955,59.54443599233488
3003737,59.54443599233488
3005519,59.54443599233488
3007301,61.021594506493585
3009083,61.021594506493585
3010865,57.82855526950362
3012647,57.40799173958688
3014429,56.87417034537754
3016211,61.08865110494419
3017993,56.87417034537754
3019775,57.25344367450247
3021557,57.25344367450247
3023339,62.51353452853424
3025121,63.90227374779695
3026903,63.927845977390454
3028685,63.927845977390454
3001956,3951.588915296658
3003738,3893.1043764257333
3005520,3893.1043764257333
3007302,4113.578232640172
3009084,4056.2292292286625
3010866,3951.623678467077
3012648,3893.570108808516
3014430,3893.178635190308
3016212,3923.113143445201
3017994,3781.6576673388126
3019776,3823.7193899170506
3021558,3842.5778884808033
3023340,3843.714275131128
3025122,3795.7361059449368
3026904,3802.195785989316
3028686,3743.7112471183914
3001957,13.083932879844351
3003739,13.083932879844351
3005521,13.083932879844351
3007303,14.56109139400305
3009085,14.56109139400305
3010867,13.810527354217426
3012649,13.389963824300688
3014431,12.624255058131894
3016213,14.65243245734075
3017995,12.624255058131894
3019777,13.003528387256821
3021559,13.003528387256821
3023341,13.903931307713073
3025123,15.292670526975785
3026905,14.671338080714712
3028687,14.671338080714712
3001958,1.7242611225662134
3003740,1.7242611225662134
3005522,1.7242611225662134
3007304,3.2014196367249137
3009086,3.2014196367249137
3010868,2.4508555969392884
3012650,2.0302920670225526
3014432,1.2645833008537575
3016214,3.2927607000626136
3017996,1.2645833008537575
3019778,1.643856629978684
3021560,1.643856629978684
3023342,2.5442595504349352
3025124,3.9329987696976514
3026906,3.3116663234365764
3028688,3.3116663234365764
3001959,2.828430031659491
3003741,2.828430031659491
3005523,2.828430031659491
3007305,4.305588545818188
3009087,4.305588545818188
3010869,3.555024506032566
3012651,3.1344609761158284
3014433,2.3687522099470346
3016215,4.396929609155889
3017997,2.3687522099470346
3019779,2.7480255390719606
3021561,2.7480255390719606
3023343,3.648428459528212
3025125,5.037167678790926
3026907,4.415835232529852
3028689,4.415835232529852
3001960,15.819552290572744
3003742,15.819552290572744
3005524,15.819552290572744
3007306,17.296710804731443
3009088,17.296710804731443
3010870,16.546146764945817
3012652,16.12558323502908
3014434,15.359874468860289
3016216,17.388051868069144
3017998,15.359874468860289
3019780,15.739147797985217
3021562,15.739147797985217
3023344,16.639550718441463
3025126,18.02828993770418
3026908,17.821974795338228
3028690,17.821974795338228
3001961,-0.7932642672086996
3003743,-0.7932642672086996
3005525,-0.7932642672086996
3007307,0.6838942469500009
3009089,0.6838942469500009
3010871,-0.0857640607193698
3012653,-0.5063275906361064
3014435,-1.2529420889211558
3016217,-0.3413453054551442
3017999,-1.2529420889211558
3019781,-0.8736687597962285
3021563,-0.8736687597962285
3023345,0.007639892776276705
3025127,0.36088768566608015
3026909,-0.24135049271124936
3028691,-0.24135049271124936
3001962,256.15330660658003
3003744,256.15330660658003
3005526,256.15330660658003
3007308,257.9243780445505
3009090,257.9243780445505
3010872,255.30128375994582
3012654,248.4182146160499
3014436,247.88439322184058
3016218,262.0132940500688
3018000,247.88439322184058
3019782,248.55757947477736
3021564,248.55757947477736
3023346,249.7278250739452
3025128,243.0943508726282
3026910,243.49307040905865
3028692,243.49307040905865
3001963,4.8123132613255
3003745,4.8123132613255
3005527,4.8123132613255
3007309,6.2894717754842
3009091,6.2894717754842
3010873,5.538907735698578
3012655,5.118344205781839
3014437,4.352635439613043
3016219,6.380812838821899
3018001,4.352635439613043
3019783,4.73190876873797
3021565,4.73190876873797
3023347,5.632311689194223
3025129,7.021050908456937
3026911,6.399718462195861
3028693,6.399718462195861
3001964,12.578553154124998
3003746,12.578553154124998
3005528,12.578553154124998
3007310,14.055711668283697
3009092,14.055711668283697
3010874,13.305147628498075
3012656,12.884584098581337
3014438,12.118875332412541
3016220,14.147052731621399
3018002,12.118875332412541
3019784,12.498148661537469
3021566,12.498148661537469
3023348,13.398551581993722
3025130,14.787290801256438
3026912,14.165958354995361
3028694,14.165958354995361
3001965,7.969815899873139
3003747,7.969815899873139
3005529,7.969815899873139
3007311,9.44697441403184
3009093,9.44697441403184
3010875,8.696410374246218
3012657,8.27584684432948
3014439,7.51013807816068
3016221,9.538315477369538
3018003,7.51013807816068
3019785,7.88941140728561
3021567,7.88941140728561
3023349,8.789814327741865
3025131,10.17855354700458
3026913,9.557221100743503
3028695,9.557221100743503
3001966,27.197492415091
3003748,27.197492415091
3005530,27.197492415091
3007312,28.863841865892418
3009094,28.863841865892418
3010876,27.674047171577268
3012658,27.25348364166053
3014440,26.73781459337854
3016222,28.765991992587402
3018004,26.73781459337854
3019786,27.306278859146186
3021568,27.306278859146186
3023350,27.767451125072913
3025132,29.15619034433563
3026914,29.199914919856486
3028696,29.199914919856486
3001967,1.263140095008718
3003749,1.263140095008718
3005531,1.263140095008718
3007313,2.929489545810135
3009095,2.929489545810135
3010877,1.9706403014980498
3012659,1.5500767715813129
3014441,0.8034622732962611
3016223,2.211031481697249
3018005,0.8034622732962611
3019787,1.3719265390639064
3021569,1.3719265390639064
3023351,2.0640442549936964
3025133,2.887390654581982
3026915,2.2851524762046505
3028697,2.2851524762046505
3001968,100.86436817961581
3003750,100.86436817961581
3005532,100.86436817961581
3007314,102.63543961758633
3009096,102.63543961758633
3010878,101.35907528202945
3012660,100.9385117521127
3014442,100.40469035790336
3016224,109.10021901415463
3018006,100.40469035790336
3019788,101.07787661084011
3021570,101.07787661084011
3023352,101.4524792355251
3025134,104.24747865571611
3026916,104.27305088530962
3028698,104.27305088530962
3001969,195.5733111087294
3003751,195.5733111087294
3005533,195.5733111087294
3007315,197.34438254669993
3009097,197.34438254669993
3010879,196.86366118562592
3012661,189.98059204173
3014443,189.44677064752068
3016225,204.1193095867946
3018007,189.44677064752068
3019789,190.11995690045745
3021571,190.11995690045745
3023353,191.2902024996253
3025135,191.83005829703964
3026917,192.22877783347008
3028699,192.22877783347008
3001970,3.8168152046103088
3003752,3.8168152046103088
3005534,3.8168152046103088
3007316,5.483164655411724
3009098,5.483164655411724
3010880,4.543409678983382
3012662,4.1228461490666435
3014444,3.357137382897851
3016226,5.385314782106706
3018008,3.357137382897851
3019790,3.925601648665496
3021572,3.925601648665496
3023354,4.6368136324790274
3025136,6.025552851741741
3026918,5.404220405480667
3028700,5.404220405480667
3001971,10.653621066167835
3003753,10.653621066167835
3005535,10.653621066167835
3007317,12.319970516969251
3009099,12.319970516969251
3010881,11.380215540540911
3012663,10.959652010624174
3014445,10.193943244455378
3016227,12.222120643664232
3018009,10.193943244455378
3019791,10.762407510223023
3021573,10.762407510223023
3023355,11.473619494036559
3025137,12.862358713299272
3026919,12.241026267038196
3028701,12.241026267038196
3001972,159.67705454493128
3003754,159.67705454493128
3005536,159.67705454493128
3007318,161.44812598290181
3009100,161.44812598290181
3010882,160.9674046218278
3012664,157.1877593637753
3014446,156.653937969566
3016228,173.076486136242
3018010,156.653937969566
3019792,157.32712422250276
3021574,157.32712422250276
3023356,158.49736982167062
3025138,159.03722561908495
3026920,159.26409785669412
3028702,159.26409785669412
3001973,46.64591763446569
3003755,46.64591763446569
3005537,46.64591763446569
3007319,48.31226708526711
3009101,48.31226708526711
3010883,47.14062473687931
3012665,46.720061206962576
3014447,46.186239812753236
3016229,49.38826740887068
3018011,46.186239812753236
3019793,46.75470407852088
3021575,46.75470407852088
3023357,47.234028690374956
3025139,48.622767909637666
3026921,48.64834013923117
3028703,48.64834013923117
3001974,1120.9948492033427
3003756,1120.9948492033427
3005538,1180.6916646187062
3007320,1228.7787239930938
3009102,1171.4297205815838
3010884,1126.8368043980847
3012666,1052.2421723711348
3014448,1051.8506987529267
3016230,1084.5111007840626
3018012,1083.4516514599745
3019794,1074.1064362317359
3021576,1071.0798003091068
3023358,1021.2546693530832
3025140,1003.3549621725067
3026922,986.905483233879
3028704,986.905483233879
3001975,6.643411240006688
3003757,6.643411240006688
3005539,6.643411240006688
3007321,8.309760690808107
3009103,8.309760690808107
3010885,7.370005714379768
3012667,6.94944218446303
3014449,6.1837334182942305
3016231,8.21191081750309
3018013,6.1837334182942305
3019795,6.752197684061875
3021577,6.752197684061875
3023359,7.463409667875414
3025141,8.852148887138132
3026923,8.230816440877053
3028705,8.230816440877053
3001976,7.601214422954988
3003758,7.601214422954988
3005540,7.601214422954988
3007322,9.267563873756409
3009104,9.267563873756409
3010886,8.327808897328069
3012668,7.9072453674113286
3014450,7.1415366012425325
3016232,9.16971400045139
3018014,7.1415366012425325
3019796,7.710000867010177
3021578,7.710000867010177
3023360,8.421212850823716
3025142,9.80995207008643
3026924,9.188619623825353
3028706,9.188619623825353
3002010,2.4689345053659095
3003792,2.4689345053659095
3005574,2.4689345053659095
3007356,3.9460930195246093
3009138,3.9460930195246093
3010920,3.1955289797389863
3012702,2.774965449822251
3014484,2.0092566836534522
3016266,3.844381716907825
3018048,2.0092566836534522
3019830,2.38853001277838
3021612,2.38853001277838
3023394,3.2889329332346335
3025176,4.677672152497346
3026958,4.056339706236271
3028740,4.056339706236271
3002011,0.26744242273659746
3003793,0.26744242273659746
3005575,0.26744242273659746
3007357,1.7446009368952982
3009139,1.7446009368952982
3010921,0.9749426292259269
3012703,0.5543790993091906
3014485,-0.19223539897585917
3016267,0.5263090185356698
3018049,-0.19223539897585917
3019831,0.18703793014906867
3021613,0.18703793014906867
3023395,1.0683465827215737
3025177,1.4215943756113771
3026959,0.8193561972340472
3028741,0.8193561972340472
3002012,1.8828443370704682
3003794,1.8828443370704682
3005576,1.8828443370704682
3007358,3.3600028512291686
3009140,3.3600028512291686
3010922,2.590344543559799
3012704,2.1697810136430626
3014486,1.4231665153580113
3016268,2.6376833578045167
3018050,1.4231665153580113
3019832,1.8024398444829395
3021614,1.8024398444829395
3023396,2.6837484970554453
3025178,3.507094896643731
3026960,2.9048567182664
3028742,2.9048567182664
3002013,1994.0378084040374
3003795,1979.6970868288001
3005577,1979.6970868288001
3007359,2154.418845363956
3009141,2123.9688423649727
3010923,1999.8797635987792
3012705,1931.538830104106
3014487,1931.147356485898
3016269,2025.562802021908
3018051,1880.0512805280814
3019833,1961.2024969175957
3021615,1985.0748614074935
3023397,1900.8109128264296
3025179,1923.0813127981846
3026961,1885.7791195833656
3028743,1871.4383980081284
3002014,-0.3238314117904682
3003796,-0.3238314117904682
3005578,-0.3238314117904682
3007360,1.1533271023682332
3009142,1.1533271023682332
3010924,0.3836687946988621
3012706,-0.036894735217874314
3014488,-0.7835092335029249
3016270,-0.06496481599139557
3018052,-0.7835092335029249
3019834,-0.40423590437799695
3021616,-0.40423590437799695
3023398,0.47707274819450846
3025180,0.8303205410843119
3026962,0.22808236270698168
3028744,0.22808236270698168
3002015,277.84975874245185
3003797,277.84975874245185
3005579,277.84975874245185
3007361,279.6208301804224
3009143,279.6208301804224
3010925,276.9977358958175
3012707,267.96371844344435
3014489,267.429897049235
3016271,280.16450734663636
3018053,267.429897049235
3019835,267.31473561071175
3021617,267.31473561071175
3023399,269.2733289013397
3025181,261.3886879891033
3026963,261.7874075255337
3028745,261.7874075255337
3002016,4.649811161502785
3003798,4.649811161502785
3005580,4.649811161502785
3007362,6.126969675661485
3009144,6.126969675661485
3010926,5.376405635875862
3012708,4.955842105959124
3014490,4.190133339790328
3016272,6.025258373044702
3018054,4.190133339790328
3019836,4.569406668915255
3021618,4.569406668915255
3023400,5.469809589371508
3025182,6.858548808634224
3026964,6.237216362373146
3028746,6.237216362373146
3002017,930.8592988205853
3003799,930.8592988205853
3005581,930.8592988205853
3007363,941.2918714254471
3009145,941.2918714254471
3010927,929.0097481686848
3012709,884.3719793409863
3014491,883.9805057227782
3016273,930.425942825052
3018055,867.8987757683344
3019837,868.6991767118503
3021619,868.6991767118503
3023401,869.6866757260156
3025183,839.7596107080701
3026965,831.2512947955785
3028747,831.2512947955785
3002018,349.8911542703022
3003800,349.8911542703022
3005582,349.8911542703022
3007364,356.91670228699076
3009146,356.91670228699076
3010928,347.3850614140717
3012710,332.98139828379806
3014492,332.44757688958873
3016274,356.8419077767043
3018056,332.44757688958873
3019838,333.2967558699693
3021620,333.2967558699693
3023402,332.8584298431392
3025184,326.6257923638468
3026966,328.46449143100443
3028748,328.46449143100443
3002019,159.65666253487046
3003801,159.65666253487046
3005583,159.65666253487046
3007365,161.427733972841
3009147,161.427733972841
3010929,160.94701261176698
3012711,157.1673673537145
3014493,156.63354595950517
3016275,170.54060644960762
3018057,156.63354595950517
3019839,157.30673221244194
3021621,157.30673221244194
3023403,158.4769778116098
3025185,159.01683360902413
3026967,159.2437058466333
3028749,159.2437058466333
3002020,93.23549487479565
3003802,93.23549487479565
3005584,93.23549487479565
3007366,95.00656631276617
3009148,95.00656631276617
3010930,93.73020197720929
3012712,93.30963844729254
3014494,92.7758170530832
3016276,100.97724973805532
3018058,92.7758170530832
3019840,93.44900330601995
3021622,93.44900330601995
3023404,93.82360593070494
3025186,96.61860535089595
3026968,96.64417758048945
3028750,96.64417758048945
3002021,76.52886794917858
3003803,76.52886794917858
3005585,76.52886794917858
3007367,78.2999393871491
3009149,78.2999393871491
3010931,74.81298722634733
3012713,74.39242369643058
3014495,73.85860230222124
3016277,80.62877265447888
3018059,73.85860230222124
3019841,74.53178855515799
3021623,74.53178855515799
3023405,79.49796648537796
3025187,80.88670570464066
3026969,80.91227793423417
3028751,80.91227793423417
3002022,4217.596842102832
3003804,4122.377905119217
3005586,4107.780698592437
3007368,4357.041663338149
3009150,4377.537357303552
3010932,4225.260724218498
3012714,4104.630762241513
3014496,4084.946035453953
3016278,4177.703719330724
3018060,3978.6145252471606
3019842,3980.850223731731
3021624,4061.3602219697664
3023406,4043.749332300456
3025188,4083.612984874865
3026970,4094.1227099779703
3028752,3907.263398293105
3002023,11.236229308349973
3003805,11.236229308349973
3005587,11.236229308349973
3007369,12.713387822508672
3009151,12.713387822508672
3010933,11.96282378272305
3012715,11.542260252806312
3014497,10.776551486637516
3016279,12.804728885846371
3018061,10.776551486637516
3019843,11.155824815762443
3021625,11.155824815762443
3023407,12.056227736218696
3025189,13.44496695548141
3026971,12.823634509220334
3028753,12.823634509220334
3002024,-0.7932642672086996
3003806,-0.7932642672086996
3005588,-0.7932642672086996
3007370,0.6838942469500009
3009152,0.6838942469500009
3010934,-0.0857640607193698
3012716,-0.5063275906361064
3014498,-1.2529420889211558
3016280,-0.3413453054551442
3018062,-1.2529420889211558
3019844,-0.8736687597962285
3021626,-0.8736687597962285
3023408,0.007639892776276705
3025190,0.36088768566608015
3026972,-0.24135049271124936
3028754,-0.24135049271124936
3002025,108.17349520453857
3003807,108.17349520453857
3005589,108.17349520453857
3007371,109.94456664250909
3009153,109.94456664250909
3010935,108.66820230695221
3012717,108.24763877703546
3014499,107.71381738282612
3016281,116.40934603907742
3018063,107.71381738282612
3019845,108.38700363576287
3021627,108.38700363576287
3023409,108.76160626044786
3025191,111.55660568063887
3026973,111.58217791023237
3028755,111.58217791023237
3002026,4.8123132613255
3003808,4.8123132613255
3005590,4.8123132613255
3007372,6.2894717754842
3009154,6.2894717754842
3010936,5.538907735698578
3012718,5.118344205781839
3014500,4.352635439613043
3016282,6.380812838821899
3018064,4.352635439613043
3019846,4.73190876873797
3021628,4.73190876873797
3023410,5.632311689194223
3025192,7.021050908456937
3026974,6.399718462195861
3028756,6.399718462195861
3002027,-0.7932642672086996
3003809,-0.7932642672086996
3005591,-0.7932642672086996
3007373,0.6838942469500009
3009155,0.6838942469500009
3010937,-0.0857640607193698
3012719,-0.5063275906361064
3014501,-1.2529420889211558
3016283,-0.3413453054551442
3018065,-1.2529420889211558
3019847,-0.8736687597962285
3021629,-0.8736687597962285
3023411,0.007639892776276705
3025193,0.36088768566608015
3026975,-0.24135049271124936
3028757,-0.24135049271124936
3002028,221.7036925195696
3003810,221.7036925195696
3005592,221.7036925195696
3007374,223.47476395754015
3009156,223.47476395754015
3010938,222.99404259646613
3012720,216.11097345257022
3014502,215.5771520583609
3016284,227.73420332106124
3018066,215.5771520583609
3019848,216.25033831129767
3021630,216.25033831129767
3023412,217.42058391046552
3025194,217.96043970787986
3026976,218.3591592443103
3028758,218.3591592443103
3002029,-0.7932642672086996
3003811,-0.7932642672086996
3005593,-0.7932642672086996
3007375,0.6838942469500009
3009157,0.6838942469500009
3010939,-0.0857640607193698
3012721,-0.5063275906361064
3014503,-1.2529420889211558
3016285,-0.3413453054551442
3018067,-1.2529420889211558
3019849,-0.8736687597962285
3021631,-0.8736687597962285
3023413,0.007639892776276705
3025195,0.36088768566608015
3026977,-0.24135049271124936
3028759,-0.24135049271124936
3002030,-0.7932642672086996
3003812,-0.7932642672086996
3005594,-0.7932642672086996
3007376,0.6838942469500009
3009158,0.6838942469500009
3010940,-0.0857640607193698
3012722,-0.5063275906361064
3014504,-1.2529420889211558
3016286,-0.3413453054551442
3018068,-1.2529420889211558
3019850,-0.8736687597962285
3021632,-0.8736687597962285
3023414,0.007639892776276705
3025196,0.36088768566608015
3026978,-0.24135049271124936
3028760,-0.24135049271124936
3002031,9.168924691052583
3003813,9.168924691052583
3005595,9.168924691052583
3007377,10.646083205211282
3009159,10.646083205211282
3010941,9.895519165425661
3012723,9.474955635508923
3014505,8.709246869340125
3016287,10.73742426854898
3018069,8.709246869340125
3019851,9.088520198465053
3021633,9.088520198465053
3023415,9.988923118921308
3025197,11.377662338184022
3026979,10.756329891922944
3028761,10.756329891922944
3002032,7.13179696576025
3003814,7.13179696576025
3005596,7.13179696576025
3007378,8.79814641656167
3009160,8.79814641656167
3010942,7.858391440133327
3012724,7.437827910216588
3014506,6.672119144047793
3016288,8.70029654325665
3018070,6.672119144047793
3019852,7.240583409815438
3021634,7.240583409815438
3023416,7.951795393628974
3025198,9.340534612891691
3026980,8.719202166630614
3028762,8.719202166630614
3002033,2.347200035696214
3003815,2.347200035696214
3005597,2.347200035696214
3007379,4.013549486497629
3009161,4.013549486497629
3010943,3.0737945100692876
3012725,2.6532309801525518
3014507,1.8875222139837573
3016289,3.9156996131926145
3018071,1.8875222139837573
3019853,2.4559864797514024
3021635,2.4559864797514024
3023417,3.1671984635649344
3025199,4.555937682827649
3026981,3.934605236566576
3028763,3.934605236566576
3002034,95.47885586090301
3003816,95.47885586090301
3005598,95.47885586090301
3007380,97.24992729887353
3009162,97.24992729887353
3010944,95.97356296331665
3012726,95.5529994333999
3014508,95.01917803919056
3016290,103.2206107241627
3018072,95.01917803919056
3019854,95.69236429212731
3021636,95.69236429212731
3023418,96.0669669168123
3025200,98.86196633700331
3026982,98.88753856659682
3028764,98.88753856659682
3002035,272.443730648094
3003817,272.443730648094
3005599,272.443730648094
3007381,274.21480208606454
3009163,274.21480208606454
3010945,271.5917078014597
3012727,262.5576903490865
3014509,262.0238689548772
3016291,274.7584792522785
3018073,262.0238689548772
3019855,261.9087075163539
3021637,261.9087075163539
3023419,263.86730080698186
3025201,255.9826598947456
3026983,256.38137943117584
3028765,256.38137943117584
3002036,-0.668295126470759
3003818,-0.668295126470759
3005600,-0.668295126470759
3007382,0.998054324330659
3009164,0.998054324330659
3010946,0.03920508001857076
3012728,-0.3813584498981658
3014510,-1.127972948183215
3016292,-0.21637616471720356
3018074,-1.127972948183215
3019856,-0.5595086824155704
3021638,-0.5595086824155704
3023420,0.13260903351421732
3025202,0.4858568264040207
3026984,-0.11638135197330894
3028766,-0.11638135197330894
3002037,3.8168152046103088
3003819,3.8168152046103088
3005601,3.8168152046103088
3007383,5.483164655411724
3009165,5.483164655411724
3010947,4.543409678983382
3012729,4.1228461490666435
3014511,3.357137382897851
3016293,5.385314782106706
3018075,3.357137382897851
3019857,3.925601648665496
3021639,3.925601648665496
3023421,4.6368136324790274
3025203,6.025552851741741
3026985,5.404220405480667
3028767,5.404220405480667
3002038,115.68843735716632
3003820,115.68843735716632
3005602,115.68843735716632
3007384,117.45950879513684
3009166,117.45950879513684
3010948,116.18314445957996
3012730,115.76258092966322
3014512,115.22875953545388
3016294,124.87906300960766
3018076,115.22875953545388
3019858,115.90194578839062
3021640,115.90194578839062
3023422,116.27654841307562
3025204,119.52170699466016
3026986,119.74857923226931
3028768,119.74857923226931
3002039,34.05961009545198
3003821,34.05961009545198
3005603,34.05961009545198
3007385,35.7259595462534
3009167,35.7259595462534
3010949,34.5543171978656
3012731,34.13375366794887
3014513,33.599932273739526
3016295,36.80195986985697
3018077,33.599932273739526
3019859,34.16839653950717
3021641,34.16839653950717
3023423,34.647721151361246
3025205,36.036460370623956
3026987,36.062032600217464
3028769,36.062032600217464
3002040,946.6139604265077
3003822,946.6139604265077
3005604,968.0699047804596
3007386,974.6220444357891
3009168,974.6220444357891
3010950,945.4462130282443
3012732,894.3195412927691
3014514,893.928067674561
3016296,926.3909042594074
3018078,895.4466771485737
3019860,895.3858791290057
3021642,895.3858791290057
3023424,875.7786327523029
3025206,831.3432525827849
3026988,828.8331914651404
3028770,828.8331914651404
3002041,-0.8127208316656138
3003823,-0.8127208316656138
3005605,-0.8127208316656138
3007387,0.8536286191358038
3009169,0.8536286191358038
3010951,-0.10522062517628424
3012733,-0.5257841550930209
3014515,-1.2723986533780702
3016297,-0.3608018699120585
3018079,-1.2723986533780702
3019861,-0.7039343876104254
3021643,-0.7039343876104254
3023425,-0.011816671680637748
3025207,0.3414311212091657
3026989,-0.26080705716816394
3028771,-0.26080705716816394
3002042,3.6723894994154533
3003824,3.6723894994154533
3005606,3.6723894994154533
3007388,5.338738950216869
3009170,5.338738950216869
3010952,4.398983973788527
3012734,3.978420443871789
3014516,3.212711677702995
3016298,5.24088907691185
3018080,3.212711677702995
3019862,3.7811759434706413
3021644,3.7811759434706413
3023426,4.492387927284172
3025208,5.881127146546886
3026990,5.259794700285812
3028772,5.259794700285812
3002043,2.763080050405186
3003825,2.763080050405186
3005607,2.763080050405186
3007389,4.240238564563883
3009171,4.240238564563883
3010953,3.4896745247782617
3012735,3.0691109948615254
3014517,2.3034022286927294
3016299,4.138527261947103
3018081,2.3034022286927294
3019863,2.682675557817657
3021645,2.682675557817657
3023427,3.583078478273908
3025209,4.971817697536623
3026991,4.350485251275548
3028773,4.350485251275548
3002044,0.5615879677758743
3003826,0.5615879677758743
3005608,0.5615879677758743
3007390,2.038746481934575
3009172,2.038746481934575
3010954,1.269088174265204
3012736,0.8485246443484672
3014518,0.10191014606341776
3016300,0.8204545635749467
3018082,0.10191014606341776
3019864,0.48118347518834553
3021646,0.48118347518834553
3023428,1.3624921277608508
3025210,1.715739920650654
3026992,1.1135017422733242
3028774,1.1135017422733242
3002045,3.444374579005576
3003827,3.444374579005576
3005609,3.444374579005576
3007391,4.921533093164276
3009173,4.921533093164276
3010955,4.170969053378653
3012737,3.7504055234619167
3014519,2.98469675729312
3016301,4.8198217905474925
3018083,2.98469675729312
3019865,3.3639700864180457
3021647,3.3639700864180457
3023429,4.264373006874298
3025211,5.653112226137012
3026993,5.0317797798759365
3028775,5.0317797798759365
3002046,1320.1867017251675
3003828,1320.1867017251675
3005610,1320.1867017251675
3007392,1366.8997174703693
3009174,1336.4497144713862
3010956,1326.0286569199093
3012738,1272.3794916923675
3014520,1271.9880180741595
3016302,1360.8799929934592
3018084,1243.8921553658438
3019866,1233.1728965084194
3021648,1257.0452609983172
3023430,1241.3919886743156
3025212,1240.2800418795532
3026994,1223.8305629409256
3028776,1223.8305629409256
3002047,-0.029685866751191198
3003829,-0.029685866751191198
3005611,-0.029685866751191198
3007393,1.4474726474075086
3009175,1.4474726474075086
3010957,0.6778143397381385
3012739,0.2572508098214028
3014521,-0.4893636884636482
3016303,0.22918072904788128
3018085,-0.4893636884636482
3019867,-0.11009035933872001
3021649,-0.11009035933872001
3023431,0.7712182932337854
3025213,1.1244660861235887
3026995,0.5222279077462587
3028777,0.5222279077462587
3002048,334.9019016448183
3003830,334.9019016448183
3005612,334.9019016448183
3007394,341.92744966150684
3009176,341.92744966150684
3010958,332.3958087885878
3012740,317.99214565831414
3014522,317.4583242641048
3016304,341.8526551512204
3018086,317.4583242641048
3019868,318.30750324448536
3021650,318.30750324448536
3023432,317.8691772176553
3025214,311.6365397383629
3026996,313.4752388055205
3028778,313.4752388055205
3002049,15.95189990570044
3003831,15.95189990570044
3005613,15.95189990570044
3007395,17.42905841985914
3009177,17.42905841985914
3010959,16.678494380073513
3012741,16.257930850156775
3014523,15.492222083987981
3016305,17.327347117242354
3018087,15.492222083987981
3019869,15.87149541311291
3021651,15.87149541311291
3023433,16.77189833356916
3025215,18.160637552831876
3026997,17.954322410465924
3028779,17.954322410465924
3002050,731.1570149289241
3003832,731.1570149289241
3005614,731.1570149289241
3007396,741.5895875337859
3009178,741.5895875337859
3010960,727.224009441337
3012742,697.3784786557209
3014524,696.9870050375127
3016306,736.1837774484272
3018088,689.9651943279324
3019870,690.7655952714483
3021652,690.7655952714483
3023434,684.3146771783585
3025216,667.5412006662165
3026998,669.5222475093753
3028780,669.5222475093753
3002051,500.0127062480446
3003833,500.0127062480446
3005615,500.0127062480446
3007397,510.7287060830342
3009179,510.7287060830342
3010961,494.0796756129277
3012743,474.0786466090899
3014525,473.5448252148806
3016307,503.3359154999807
3018089,473.5448252148806
3019871,479.7336108661742
3021653,479.7336108661742
3023435,473.95567816843106
3025217,455.0189157435211
3026999,456.85761481067874
3028781,456.85761481067874
3002052,162.6593667273569
3003834,162.6593667273569
3005616,162.6593667273569
3007398,164.43043816532744
3009180,164.43043816532744
3010962,163.94971680425343
3012744,160.17007154620094
3014526,159.63625015199162
3016308,173.54331064209407
3018090,159.63625015199162
3019872,160.3094364049284
3021654,160.3094364049284
3023436,161.47968200409625
3025218,162.01953780151058
3027000,162.41825733794101
3028782,162.41825733794101
3002053,122.2989443496338
3003835,122.2989443496338
3005617,122.2989443496338
3007399,124.07001578760432
3009181,124.07001578760432
3010963,122.79365145204744
3012745,122.3730879221307
3014527,121.83926652792135
3016309,131.48957000207525
3018091,121.83926652792135
3019873,122.5124527808581
3021655,122.5124527808581
3023437,122.8870554055431
3025219,126.13221398712761
3027001,126.35908622473676
3028783,126.35908622473676
3002054,84.89127436089419
3003836,84.89127436089419
3005618,84.89127436089419
3007400,86.6623457988647
3009182,86.6623457988647
3010964,83.17539363806294
3012746,82.7548301081462
3014528,82.22100871393685
3016310,89.87880328786352
3018092,82.22100871393685
3019874,82.8941949668736
3021656,82.8941949668736
3023438,87.86037289709357
3025220,89.24911211635627
3027002,89.27468434594978
3028784,89.27468434594978
3002055,2238.1603474939575
3003837,2223.8196259187202
3005619,2223.8196259187202
3007401,2341.442828185499
3009183,2309.0427026693237
3010965,2238.1951106643764
3012747,2154.1666524824923
3014529,2153.775178864284
3016311,2246.240501883101
3018093,2102.679102906467
3019875,2126.7317630276043
3021657,2148.6540050003096
3023439,2128.0303105103503
3025221,2150.3007104821063
3027003,2143.428415715944
3028785,2129.087694140707
3002056,31.958706522360508
3003838,31.958706522360508
3005620,31.958706522360508
3007402,33.43586503651921
3009184,33.43586503651921
3010966,32.45341362477413
3012748,32.032850094857395
3014530,31.499028700648047
3016312,34.7010562967655
3018094,31.499028700648047
3019876,31.878302029772982
3021658,31.878302029772982
3023440,32.546817578269774
3025222,33.935556797532485
3027004,33.96112902712599
3028786,33.96112902712599
3002057,-0.4991187221694223
3003839,-0.4991187221694223
3005621,-0.4991187221694223
3007403,0.978039791989278
3009185,0.978039791989278
3010967,0.20838148431990777
3012749,-0.21218204559682902
3014531,-0.9587965438818791
3016313,-0.04719976041586705
3018095,-0.9587965438818791
3019877,-0.5795232147569513
3021659,-0.5795232147569513
3023441,0.30178543781555417
3025223,0.6550332307053575
3027005,0.052795052328027565
3028787,0.052795052328027565
3002058,16.113697835612022
3003840,16.113697835612022
3005622,16.113697835612022
3007404,17.590856349770725
3009186,17.590856349770725
3010968,16.8402923099851
3012750,16.41972878006836
3014532,15.65402001389957
3016314,17.682197413108426
3018096,15.65402001389957
3019878,16.033293343024493
3021660,16.033293343024493
3023442,16.933696263480744
3025224,18.32243548274346
3027006,18.11612034037751
3028788,18.11612034037751
3002059,5.106458806364778
3003841,5.106458806364778
3005623,5.106458806364778
3007405,6.583617320523477
3009187,6.583617320523477
3010969,5.833053280737855
3012751,5.412489750821116
3014533,4.64678098465232
3016315,6.674958383861176
3018097,4.64678098465232
3019879,5.026054313777247
3021661,5.026054313777247
3023443,5.9264572342335
3025225,7.315196453496214
3027007,6.693864007235138
3028789,6.693864007235138
3002060,1.4323164993100532
3003842,1.4323164993100532
3005624,1.4323164993100532
3007406,2.9094750134687537
3009188,2.9094750134687537
3010970,2.1398167057993858
3012752,1.719253175882649
3014534,0.9726386775975968
3016316,2.380207885998585
3018098,0.9726386775975968
3019880,1.351912006722525
3021662,1.351912006722525
3023444,2.2332206592950326
3025226,3.056567058883318
3027008,2.454328880505986
3028790,2.454328880505986
3002061,154.19703381149688
3003843,154.19703381149688
3005625,154.19703381149688
3007407,155.9681052494674
3009189,155.9681052494674
3010971,155.4873838883934
3012753,151.7077386303409
3014535,151.1739172361316
3016317,162.69386642372768
3018099,151.1739172361316
3019881,151.84710348906836
3021663,151.84710348906836
3023445,153.01734908823622
3025227,153.55720488565055
3027009,153.78407712325972
3028791,153.78407712325972
3002062,2.0184066676054906
3003844,2.0184066676054906
3005626,2.0184066676054906
3007408,3.4955651817641904
3009190,3.4955651817641904
3010972,2.745001141978565
3012754,2.3244376120618293
3014536,1.5587288458930333
3016318,3.586906245101891
3018100,1.5587288458930333
3019882,1.9380021750179615
3021664,1.9380021750179615
3023446,2.838405095474212
3025228,4.227144314736928
3027010,3.6058118684758536
3028792,3.6058118684758536
3002063,5.941246135684275
3003845,5.941246135684275
3005627,5.941246135684275
3007409,7.418404649842975
3009191,7.418404649842975
3010973,6.667840610057352
3012755,6.247277080140614
3014537,5.481568313971818
3016319,7.509745713180673
3018101,5.481568313971818
3019883,5.8608416430967445
3021665,5.8608416430967445
3023447,6.761244563552998
3025229,8.149983782815715
3027011,7.528651336554635
3028793,7.528651336554635
3002064,2.0184066676054906
3003846,2.0184066676054906
3005628,2.0184066676054906
3007410,3.4955651817641904
3009192,3.4955651817641904
3010974,2.745001141978565
3012756,2.3244376120618293
3014538,1.5587288458930333
3016320,3.586906245101891
3018102,1.5587288458930333
3019884,1.9380021750179615
3021666,1.9380021750179615
3023448,2.838405095474212
3025230,4.227144314736928
3027012,3.6058118684758536
3028794,3.6058118684758536
3002065,34.662369174624374
3003847,34.662369174624374
3005629,34.662369174624374
3007411,36.32871862542579
3009193,36.32871862542579
3010975,35.157076277037994
3012757,34.73651274712126
3014539,34.20269135291192
3016321,37.404718949029366
3018103,34.20269135291192
3019885,34.771155618679565
3021667,34.771155618679565
3023449,35.25048023053364
3025231,36.63921944979635
3027013,36.66479167938986
3028795,36.66479167938986
3002066,2.641345580735492
3003848,2.641345580735492
3005630,2.641345580735492
3007412,4.307695031536908
3009194,4.307695031536908
3010976,3.3679400551085648
3012758,2.9473765251918285
3014540,2.1816677590230356
3016322,4.209845158231889
3018104,2.1816677590230356
3019886,2.75013202479068
3021668,2.75013202479068
3023450,3.461344008604212
3025232,4.850083227866926
3027014,4.228750781605854
3028796,4.228750781605854
3002067,133.90466280274703
3003849,133.90466280274703
3005631,133.90466280274703
3007413,135.67573424071756
3009195,135.67573424071756
3010977,135.19501287964354
3012759,132.72970695298005
3014541,132.19588555877073
3016323,145.09087968243765
3018105,132.19588555877073
3019887,132.8690718117075
3021669,132.8690718117075
3023451,134.03931741087536
3025233,134.5791732082897
3027015,134.80604544589886
3028797,134.80604544589886
3002068,183.00271302295747
3003850,183.00271302295747
3005632,183.00271302295747
3007414,184.773784460928
3009196,184.773784460928
3010978,184.29306309985398
3012760,177.40999395595807
3014542,176.87617256174875
3016324,189.0332238244491
3018106,176.87617256174875
3019888,177.54935881468552
3021670,177.54935881468552
3023452,178.71960441385338
3025234,179.2594602112677
3027016,179.65817974769814
3028798,179.65817974769814
3002069,4.110960749649584
3003851,4.110960749649584
3005633,4.110960749649584
3007415,5.7773102004510015
3009197,5.7773102004510015
3010979,4.837555224022659
3012761,4.416991694105921
3014543,3.6512829279371286
3016325,5.679460327145983
3018107,3.6512829279371286
3019889,4.219747193704771
3021671,4.219747193704771
3023453,4.930959177518305
3025235,6.3196983967810185
3027017,5.698365950519944
3028799,5.698365950519944
3002070,4.110960749649584
3003852,4.110960749649584
3005634,4.110960749649584
3007416,5.7773102004510015
3009198,5.7773102004510015
3010980,4.837555224022659
3012762,4.416991694105921
3014544,3.6512829279371286
3016326,5.679460327145983
3018108,3.6512829279371286
3019890,4.219747193704771
3021672,4.219747193704771
3023454,4.930959177518305
3025236,6.3196983967810185
3027018,5.698365950519944
3028800,5.698365950519944
3002071,141.7002616291113
3003853,141.7002616291113
3005635,141.7002616291113
3007417,143.47133306708184
3009199,143.47133306708184
3010981,142.99061170600783
3012763,140.52530577934434
3014545,139.991484385135
3016327,152.88647850880193
3018109,139.991484385135
3019891,140.66467063807178
3021673,140.66467063807178
3023455,141.83491623723964
3025237,142.37477203465397
3027019,142.60164427226314
3028801,142.60164427226314
3002072,44.24027458454151
3003854,44.24027458454151
3005636,44.24027458454151
3007418,45.90662403534293
3009200,45.90662403534293
3010982,44.73498168695513
3012764,44.314418157038396
3014546,43.780596762829056
3016328,46.9826243589465
3018110,43.780596762829056
3019892,44.3490610285967
3021674,44.3490610285967
3023456,44.828385640450776
3025238,46.217124859713486
3027020,46.24269708930699
3028802,46.24269708930699
3002073,1347.7260923387573
3003855,1465.63809766684
3005637,1630.7814157534265
3007419,1860.1443041848663
3009201,1827.744178668691
3010983,1353.5680475334993
3012765,1287.0201528685475
3014547,1286.6286792503395
3016329,1479.0462858171784
3018111,1516.6475736844382
3019893,1652.4399199702368
3021675,1674.3621619429423
3023457,1547.9759885372948
3025239,1499.9978193511033
3027021,1493.1255245849416
3028803,1611.0375299130237
3002074,-0.5185752866263368
3003856,-0.5185752866263368
3005638,-0.5185752866263368
3007420,1.1477741641750812
3009202,1.1477741641750812
3010984,0.1889249198629933
3012766,-0.23163861005374342
3014548,-0.9782531083387935
3016330,-0.0666563248727815
3018112,-0.9782531083387935
3019894,-0.4097888425711482
3021676,-0.4097888425711482
3023458,0.2823288733586397
3025240,0.635576666248443
3027022,0.033338487871113105
3028804,0.033338487871113105
3002075,2.4969198755406357
3003857,2.4969198755406357
3005639,2.4969198755406357
3007421,4.163269326342051
3009203,4.163269326342051
3010985,3.2235143499137084
3012767,2.8029508199969726
3014549,2.0372420538281792
3016331,4.065419453037034
3018113,2.0372420538281792
3019895,2.6057063195958237
3021677,2.6057063195958237
3023459,3.3169183034093557
3025241,4.7056575226720705
3027023,4.084325076410998
3028805,4.084325076410998
3002076,0.5615879677758743
3003858,0.5615879677758743
3005640,0.5615879677758743
3007422,2.038746481934575
3009204,2.038746481934575
3010986,1.269088174265204
3012768,0.8485246443484672
3014550,0.10191014606341776
3016332,0.8204545635749467
3018114,0.10191014606341776
3019896,0.48118347518834553
3021678,0.48118347518834553
3023460,1.3624921277608508
3025242,1.715739920650654
3027024,1.1135017422733242
3028806,1.1135017422733242
3002077,0.5615879677758743
3003859,0.5615879677758743
3005641,0.5615879677758743
3007423,2.038746481934575
3009205,2.038746481934575
3010987,1.269088174265204
3012769,0.8485246443484672
3014551,0.10191014606341776
3016333,0.8204545635749467
3018115,0.10191014606341776
3019897,0.48118347518834553
3021679,0.48118347518834553
3023461,1.3624921277608508
3025243,1.715739920650654
3027025,1.1135017422733242
3028807,1.1135017422733242
3002078,0.5615879677758743
3003860,0.5615879677758743
3005642,0.5615879677758743
3007424,2.038746481934575
3009206,2.038746481934575
3010988,1.269088174265204
3012770,0.8485246443484672
3014552,0.10191014606341776
3016334,0.8204545635749467
3018116,0.10191014606341776
3019898,0.48118347518834553
3021680,0.48118347518834553
3023462,1.3624921277608508
3025244,1.715739920650654
3027026,1.1135017422733242
3028808,1.1135017422733242
3002079,3.3248524897449676
3003861,3.3248524897449676
3005643,3.3248524897449676
3007425,4.802011003903667
3009207,4.802011003903667
3010989,4.032352696234299
3012771,3.611789166317561
3014553,2.865174668032511
3016335,3.5837190855440397
3018117,2.865174668032511
3019899,3.244447997157437
3021681,3.244447997157437
3023463,4.1257566497299445
3025245,4.479004442619746
3027027,3.876766264242417
3028809,3.876766264242417
3002080,-0.029685866751191198
3003862,-0.029685866751191198
3005644,-0.029685866751191198
3007426,1.4474726474075086
3009208,1.4474726474075086
3010990,0.6778143397381385
3012772,0.2572508098214028
3014554,-0.4893636884636482
3016336,0.22918072904788128
3018118,-0.4893636884636482
3019900,-0.11009035933872001
3021682,-0.11009035933872001
3023464,0.7712182932337854
3025246,1.1244660861235887
3027028,0.5222279077462587
3028810,0.5222279077462587
3002081,-0.029685866751191198
3003863,-0.029685866751191198
3005645,-0.029685866751191198
3007427,1.4474726474075086
3009209,1.4474726474075086
3010991,0.6778143397381385
3012773,0.2572508098214028
3014555,-0.4893636884636482
3016337,0.22918072904788128
3018119,-0.4893636884636482
3019901,-0.11009035933872001
3021683,-0.11009035933872001
3023465,0.7712182932337854
3025247,1.1244660861235887
3027029,0.5222279077462587
3028811,0.5222279077462587
3002082,-0.029685866751191198
3003864,-0.029685866751191198
3005646,-0.029685866751191198
3007428,1.4474726474075086
3009210,1.4474726474075086
3010992,0.6778143397381385
3012774,0.2572508098214028
3014556,-0.4893636884636482
3016338,0.22918072904788128
3018120,-0.4893636884636482
3019902,-0.11009035933872001
3021684,-0.11009035933872001
3023466,0.7712182932337854
3025248,1.1244660861235887
3027030,0.5222279077462587
3028812,0.5222279077462587
3002083,1.79533533145275
3003865,1.79533533145275
3005647,1.79533533145275
3007429,3.2724938456114496
3009211,3.2724938456114496
3010993,2.5028355379420817
3012775,2.0822720080253454
3014557,1.3356575097402927
3016339,2.0542019272518224
3018121,1.3356575097402927
3019903,1.7149308388652205
3021685,1.7149308388652205
3023467,2.596239491437728
3025249,2.949487284327532
3027031,2.3472491059502
3028813,2.3472491059502
3002084,1.79533533145275
3003866,1.79533533145275
3005648,1.79533533145275
3007430,3.2724938456114496
3009212,3.2724938456114496
3010994,2.5028355379420817
3012776,2.0822720080253454
3014558,1.3356575097402927
3016340,2.0542019272518224
3018122,1.3356575097402927
3019904,1.7149308388652205
3021686,1.7149308388652205
3023468,2.596239491437728
3025250,2.949487284327532
3027032,2.3472491059502
3028814,2.3472491059502
3002085,1.6343113383821024
3003867,1.6343113383821024
3005649,1.6343113383821024
3007431,3.1114698525408024
3009213,3.1114698525408024
3010995,2.3418115448714345
3012777,1.921248014954698
3014559,1.1746335166696455
3016341,1.8931779341811745
3018123,1.1746335166696455
3019905,1.5539068457945733
3021687,1.5539068457945733
3023469,2.435215498367081
3025251,2.788463291256885
3027033,2.1862251128795522
3028815,2.1862251128795522
3002086,1.6343113383821024
3003868,1.6343113383821024
3005650,1.6343113383821024
3007432,3.1114698525408024
3009214,3.1114698525408024
3010996,2.3418115448714345
3012778,1.921248014954698
3014560,1.1746335166696455
3016342,1.8931779341811745
3018124,1.1746335166696455
3019906,1.5539068457945733
3021688,1.5539068457945733
3023470,2.435215498367081
3025252,2.788463291256885
3027034,2.1862251128795522
3028816,2.1862251128795522
3002087,2.8343773538602224
3003869,2.8343773538602224
3005651,2.8343773538602224
3007433,4.31153586801892
3009215,4.31153586801892
3010997,1.3312897351046664
3012779,0.9107262051879313
3014561,0.16411170690287952
3016343,0.8826561244144083
3018125,0.16411170690287952
3019907,0.5433850360278066
3021689,0.5433850360278066
3023471,6.0162689941352845
3025253,6.369516787025088
3027035,5.767278608647757
3028817,5.767278608647757
3002088,42.987773400262775
3003870,42.987773400262775
3005652,42.987773400262775
3007434,44.46493191442148
3009216,44.46493191442148
3010998,37.88808158242855
3012780,37.467518052511814
3014562,36.72090355422676
3016344,37.43944797173829
3018126,36.72090355422676
3019908,37.100176883351686
3021690,37.100176883351686
3023472,42.57306084145917
3025254,42.92630863434897
3027036,42.324070455971636
3028818,42.324070455971636
3002089,0.32216265164525926
3003871,0.32216265164525926
3005653,0.32216265164525926
3007435,1.7993211658039598
3009217,1.7993211658039598
3010999,1.0296628581345888
3012781,0.6090993282178523
3014563,-0.13751517006719755
3016345,0.7740816133988143
3018127,-0.13751517006719755
3019909,0.24175815905773052
3021691,0.24175815905773052
3023473,1.1230668116302356
3025255,1.476314604520039
3027037,0.8740764261427089
3028819,0.8740764261427089
3002090,-0.4991187221694223
3003872,-0.4991187221694223
3005654,-0.4991187221694223
3007436,0.978039791989278
3009218,0.978039791989278
3011000,0.20838148431990777
3012782,-0.21218204559682902
3014564,-0.9587965438818791
3016346,-0.04719976041586705
3018128,-0.9587965438818791
3019910,-0.5795232147569513
3021692,-0.5795232147569513
3023474,0.30178543781555417
3025256,0.6550332307053575
3027038,0.052795052328027565
3028820,0.052795052328027565
3002091,-0.4991187221694223
3003873,-0.4991187221694223
3005655,-0.4991187221694223
3007437,0.978039791989278
3009219,0.978039791989278
3011001,0.20838148431990777
3012783,-0.21218204559682902
3014565,-0.9587965438818791
3016347,-0.04719976041586705
3018129,-0.9587965438818791
3019911,-0.5795232147569513
3021693,-0.5795232147569513
3023475,0.30178543781555417
3025257,0.6550332307053575
3027039,0.052795052328027565
3028821,0.052795052328027565
3002092,-0.4991187221694223
3003874,-0.4991187221694223
3005656,-0.4991187221694223
3007438,0.978039791989278
3009220,0.978039791989278
3011002,0.20838148431990777
3012784,-0.21218204559682902
3014566,-0.9587965438818791
3016348,-0.04719976041586705
3018130,-0.9587965438818791
3019912,-0.5795232147569513
3021694,-0.5795232147569513
3023476,0.30178543781555417
3025258,0.6550332307053575
3027040,0.052795052328027565
3028822,0.052795052328027565
3002093,-0.4991187221694223
3003875,-0.4991187221694223
3005657,-0.4991187221694223
3007439,0.978039791989278
3009221,0.978039791989278
3011003,0.20838148431990777
3012785,-0.21218204559682902
3014567,-0.9587965438818791
3016349,-0.04719976041586705
3018131,-0.9587965438818791
3019913,-0.5795232147569513
3021695,-0.5795232147569513
3023477,0.30178543781555417
3025259,0.6550332307053575
3027041,0.052795052328027565
3028823,0.052795052328027565
3002094,-0.4991187221694223
3003876,-0.4991187221694223
3005658,-0.4991187221694223
3007440,0.978039791989278
3009222,0.978039791989278
3011004,0.20838148431990777
3012786,-0.21218204559682902
3014568,-0.9587965438818791
3016350,-0.04719976041586705
3018132,-0.9587965438818791
3019914,-0.5795232147569513
3021696,-0.5795232147569513
3023478,0.30178543781555417
3025260,0.6550332307053575
3027042,0.052795052328027565
3028824,0.052795052328027565
3002095,-0.4991187221694223
3003877,-0.4991187221694223
3005659,-0.4991187221694223
3007441,0.978039791989278
3009223,0.978039791989278
3011005,0.20838148431990777
3012787,-0.21218204559682902
3014569,-0.9587965438818791
3016351,-0.04719976041586705
3018133,-0.9587965438818791
3019915,-0.5795232147569513
3021697,-0.5795232147569513
3023479,0.30178543781555417
3025261,0.6550332307053575
3027043,0.052795052328027565
3028825,0.052795052328027565
3002096,-0.4991187221694223
3003878,-0.4991187221694223
3005660,-0.4991187221694223
3007442,0.978039791989278
3009224,0.978039791989278
3011006,0.20838148431990777
3012788,-0.21218204559682902
3014570,-0.9587965438818791
3016352,-0.04719976041586705
3018134,-0.9587965438818791
3019916,-0.5795232147569513
3021698,-0.5795232147569513
3023480,0.30178543781555417
3025262,0.6550332307053575
3027044,0.052795052328027565
3028826,0.052795052328027565
3002097,-0.4991187221694223
3003879,-0.4991187221694223
3005661,-0.4991187221694223
3007443,0.978039791989278
3009225,0.978039791989278
3011007,0.20838148431990777
3012789,-0.21218204559682902
3014571,-0.9587965438818791
3016353,-0.04719976041586705
3018135,-0.9587965438818791
3019917,-0.5795232147569513
3021699,-0.5795232147569513
3023481,0.30178543781555417
3025263,0.6550332307053575
3027045,0.052795052328027565
3028827,0.052795052328027565
3002098,-0.37414958143148197
3003880,-0.37414958143148197
3005662,-0.37414958143148197
3007444,1.2921998693699364
3009226,1.2921998693699364
3011008,0.33335062505784824
3012790,-0.08721290485888854
3014572,-0.8338274031439388
3016354,0.0777693803220733
3018136,-0.8338274031439388
3019918,-0.2653631373762934
3021700,-0.2653631373762934
3023482,0.42675457855349463
3025264,0.7800023714432981
3027046,0.17776419306596788
3028828,0.17776419306596788
3002099,-0.37414958143148197
3003881,-0.37414958143148197
3005663,-0.37414958143148197
3007445,1.2921998693699364
3009227,1.2921998693699364
3011009,0.33335062505784824
3012791,-0.08721290485888854
3014573,-0.8338274031439388
3016355,0.0777693803220733
3018137,-0.8338274031439388
3019919,-0.2653631373762934
3021701,-0.2653631373762934
3023483,0.42675457855349463
3025265,0.7800023714432981
3027047,0.17776419306596788
3028829,0.17776419306596788
3002100,-0.37414958143148197
3003882,-0.37414958143148197
3005664,-0.37414958143148197
3007446,1.2921998693699364
3009228,1.2921998693699364
3011010,0.33335062505784824
3012792,-0.08721290485888854
3014574,-0.8338274031439388
3016356,0.0777693803220733
3018138,-0.8338274031439388
3019920,-0.2653631373762934
3021702,-0.2653631373762934
3023484,0.42675457855349463
3025266,0.7800023714432981
3027048,0.17776419306596788
3028830,0.17776419306596788
3002101,-0.37414958143148197
3003883,-0.37414958143148197
3005665,-0.37414958143148197
3007447,1.2921998693699364
3009229,1.2921998693699364
3011011,0.33335062505784824
3012793,-0.08721290485888854
3014575,-0.8338274031439388
3016357,0.0777693803220733
3018139,-0.8338274031439388
3019921,-0.2653631373762934
3021703,-0.2653631373762934
3023485,0.42675457855349463
3025267,0.7800023714432981
3027049,0.17776419306596788
3028831,0.17776419306596788
3002102,-0.37414958143148197
3003884,-0.37414958143148197
3005666,-0.37414958143148197
3007448,1.2921998693699364
3009230,1.2921998693699364
3011012,0.33335062505784824
3012794,-0.08721290485888854
3014576,-0.8338274031439388
3016358,0.0777693803220733
3018140,-0.8338274031439388
3019922,-0.2653631373762934
3021704,-0.2653631373762934
3023486,0.42675457855349463
3025268,0.7800023714432981
3027050,0.17776419306596788
3028832,0.17776419306596788
3002103,-0.37414958143148197
3003885,-0.37414958143148197
3005667,-0.37414958143148197
3007449,1.2921998693699364
3009231,1.2921998693699364
3011013,0.33335062505784824
3012795,-0.08721290485888854
3014577,-0.8338274031439388
3016359,0.0777693803220733
3018141,-0.8338274031439388
3019923,-0.2653631373762934
3021705,-0.2653631373762934
3023487,0.42675457855349463
3025269,0.7800023714432981
3027051,0.17776419306596788
3028833,0.17776419306596788
3002104,-0.37414958143148197
3003886,-0.37414958143148197
3005668,-0.37414958143148197
3007450,1.2921998693699364
3009232,1.2921998693699364
3011014,0.33335062505784824
3012796,-0.08721290485888854
3014578,-0.8338274031439388
3016360,0.0777693803220733
3018142,-0.8338274031439388
3019924,-0.2653631373762934
3021706,-0.2653631373762934
3023488,0.42675457855349463
3025270,0.7800023714432981
3027052,0.17776419306596788
3028834,0.17776419306596788
3002105,-0.5185752866263368
3003887,-0.5185752866263368
3005669,-0.5185752866263368
3007451,1.1477741641750812
3009233,1.1477741641750812
3011015,0.1889249198629933
3012797,-0.23163861005374342
3014579,-0.9782531083387935
3016361,-0.0666563248727815
3018143,-0.9782531083387935
3019925,-0.4097888425711482
3021707,-0.4097888425711482
3023489,0.2823288733586397
3025271,0.635576666248443
3027053,0.033338487871113105
3028835,0.033338487871113105
3002106,-0.5185752866263368
3003888,-0.5185752866263368
3005670,-0.5185752866263368
3007452,1.1477741641750812
3009234,1.1477741641750812
3011016,0.1889249198629933
3012798,-0.23163861005374342
3014580,-0.9782531083387935
3016362,-0.0666563248727815
3018144,-0.9782531083387935
3019926,-0.4097888425711482
3021708,-0.4097888425711482
3023490,0.2823288733586397
3025272,0.635576666248443
3027054,0.033338487871113105
3028836,0.033338487871113105
3002107,-0.5185752866263368
3003889,-0.5185752866263368
3005671,-0.5185752866263368
3007453,1.1477741641750812
3009235,1.1477741641750812
3011017,0.1889249198629933
3012799,-0.23163861005374342
3014581,-0.9782531083387935
3016363,-0.0666563248727815
3018145,-0.9782531083387935
3019927,-0.4097888425711482
3021709,-0.4097888425711482
3023491,0.2823288733586397
3025273,0.635576666248443
3027055,0.033338487871113105
3028837,0.033338487871113105
3002108,-0.5185752866263368
3003890,-0.5185752866263368
3005672,-0.5185752866263368
3007454,1.1477741641750812
3009236,1.1477741641750812
3011018,0.1889249198629933
3012800,-0.23163861005374342
3014582,-0.9782531083387935
3016364,-0.0666563248727815
3018146,-0.9782531083387935
3019928,-0.4097888425711482
3021710,-0.4097888425711482
3023492,0.2823288733586397
3025274,0.635576666248443
3027056,0.033338487871113105
3028838,0.033338487871113105
3002109,2.1769898821097455
3003891,2.1769898821097455
3005673,2.1769898821097455
3007455,3.654148396268445
3009237,3.654148396268445
3011019,2.884490088599075
3012801,2.46392655868234
3014583,1.717312060397289
3016365,3.594055834786766
3018147,1.717312060397289
3019929,2.0965853895222155
3021711,2.0965853895222155
3023493,2.9778940420947224
3025275,3.8012404416830083
3027057,3.199002263305677
3028839,3.199002263305677
3002110,0.5615879677758743
3003892,0.5615879677758743
3005674,0.5615879677758743
3007456,2.038746481934575
3009238,2.038746481934575
3011020,1.269088174265204
3012802,0.8485246443484672
3014584,0.10191014606341776
3016366,1.4826814955179188
3018148,0.10191014606341776
3019930,0.48118347518834553
3021712,0.48118347518834553
3023494,1.3624921277608508
3025276,1.715739920650654
3027058,1.1135017422733242
3028840,1.1135017422733242
3002111,2.1769898821097455
3003893,2.1769898821097455
3005675,2.1769898821097455
3007457,3.654148396268445
3009239,3.654148396268445
3011021,2.884490088599075
3012803,2.46392655868234
3014585,1.717312060397289
3016367,3.594055834786766
3018149,1.717312060397289
3019931,2.0965853895222155
3021713,2.0965853895222155
3023495,2.9778940420947224
3025277,3.8012404416830083
3027059,3.199002263305677
3028841,3.199002263305677
3002112,3225.6315145671842
3003894,3167.1469756962597
3005676,3167.1469756962597
3007458,3392.3300545538104
3009240,3361.8800515548273
3011022,3231.4734697619265
3012804,3181.2174537071023
3014586,3180.825980088894
3016368,3237.6594887563137
3018150,3069.305012237399
3019932,3116.0759574587487
3021714,3161.833456435028
3023496,3126.770044724179
3025278,3078.791875537988
3027060,3054.8216571337102
3028842,2996.3371182627857
3002113,-0.029685866751191198
3003895,-0.029685866751191198
3005677,-0.029685866751191198
3007459,1.4474726474075086
3009241,1.4474726474075086
3011023,0.6778143397381385
3012805,0.2572508098214028
3014587,-0.4893636884636482
3016369,0.8914076609908526
3018151,-0.4893636884636482
3019933,-0.11009035933872001
3021715,-0.11009035933872001
3023497,0.7712182932337854
3025279,1.1244660861235887
3027061,0.5222279077462587
3028843,0.5222279077462587
3002114,201.81172138541754
3003896,201.81172138541754
3005678,201.81172138541754
3007460,203.58279282338808
3009242,203.58279282338808
3011024,203.10207146231406
3012806,196.21900231841815
3014588,195.68518092420882
3016370,207.84223218690917
3018152,195.68518092420882
3019934,196.3583671771456
3021716,196.3583671771456
3023498,197.52861277631345
3025280,198.06846857372778
3027062,198.46718811015822
3028844,198.46718811015822
3002115,8.102163515000832
3003897,8.102163515000832
3005679,8.102163515000832
3007461,9.579322029159531
3009243,9.579322029159531
3011025,8.828757989373909
3012807,8.408194459457171
3014589,7.642485693288371
3016371,10.139837658485717
3018153,7.642485693288371
3019935,8.021759022413303
3021717,8.021759022413303
3023499,8.922161942869556
3025281,10.31090116213227
3027063,9.689568715871193
3028845,9.689568715871193
3002116,721.335901347537
3003898,721.335901347537
3005680,721.335901347537
3007462,731.7684739523987
3009244,731.7684739523987
3011026,717.4028958599498
3012808,687.5573650743337
3014590,687.1658914561256
3016372,726.36266386704
3018154,680.1440807465452
3019936,680.9444816900611
3021718,680.9444816900611
3023500,674.4935635969713
3025282,657.7200870848293
3027064,659.7011339279882
3028846,659.7011339279882
3002117,260.6918483509115
3003899,260.6918483509115
3005681,260.6918483509115
3007463,262.46291978888206
3009245,262.46291978888206
3011027,259.8398255042771
3012809,252.95675636038126
3014591,252.42293496617194
3016373,264.0363481178267
3018155,252.42293496617194
3019937,253.0961212191087
3021719,253.0961212191087
3023501,254.26636681827657
3025283,247.63289261695957
3027065,248.03161215339
3028847,248.03161215339
3002118,144.41271256430701
3003900,144.41271256430701
3005682,144.41271256430701
3007464,146.18378400227755
3009246,146.18378400227755
3011028,145.70306264120353
3012810,143.23775671454004
3014592,142.70393532033071
3016374,157.1830621226276
3018156,142.70393532033071
3019938,143.3771215732675
3021720,143.3771215732675
3023502,144.54736717243534
3025284,145.08722296984968
3027066,145.31409520745885
3028848,145.31409520745885
3002119,79.44331942949962
3003901,79.44331942949962
3005683,79.44331942949962
3007465,81.21439086747014
3009247,81.21439086747014
3011029,79.93802653191327
3012811,79.51746300199652
3014593,78.98364160778718
3016375,87.23842683857373
3018157,78.98364160778718
3019939,79.65682786072392
3021721,79.65682786072392
3023503,80.03143048540892
3025285,81.42016970467162
3027067,81.44574193426513
3028849,81.44574193426513
3002120,34.15559208734096
3003902,34.15559208734096
3005684,34.15559208734096
3007466,35.632750601499666
3009248,35.632750601499666
3011030,32.4397113645097
3012812,32.019147834592964
3014594,31.485326440383616
3016376,35.284344693360964
3018158,31.485326440383616
3019940,31.864599769508544
3021722,31.864599769508544
3023504,37.12469062354032
3025286,38.51342984280303
3027068,38.539002072396535
3028850,38.539002072396535
3002121,2179.8219635567575
3003903,2165.4812419815203
3005685,2165.4812419815203
3007467,2262.9192858811084
3009249,2230.519160364933
3011031,2179.8567267271765
3012813,2095.8282685452928
3014595,2095.4367949270845
3016377,2204.8995724793117
3018159,2044.3407189692673
3019941,2062.7604968533374
3021723,2084.6827388260426
3023505,2069.691926573151
3025287,2099.8762040669117
3027069,2093.0039093007495
3028851,2078.663187725512
3002122,5.611838532084121
3003904,5.611838532084121
3005686,5.611838532084121
3007468,7.088997046242821
3009250,7.088997046242821
3011032,6.338433006457199
3012814,5.917869476540461
3014596,5.152160710371664
3016378,7.649512675569007
3018160,5.152160710371664
3019942,5.531434039496591
3021724,5.531434039496591
3023506,6.431836959952845
3025288,7.82057617921556
3027070,7.19924373295448
3028852,7.19924373295448
3002123,3.122575576698768
3003905,3.122575576698768
3005687,3.122575576698768
3007469,4.599734090857467
3009251,4.599734090857467
3011033,3.8491700510718445
3012815,3.428606521155106
3014597,2.6628977549863118
3016379,5.160249720183656
3018161,2.6628977549863118
3019943,3.0421710841112373
3021725,3.0421710841112373
3023507,3.9425740045674895
3025289,5.331313223830203
3027071,4.709980777569129
3028853,4.709980777569129
3002124,4.156035790294258
3003906,4.156035790294258
3005688,4.156035790294258
3007470,5.6331943044529575
3009252,5.6331943044529575
3011034,4.882630264667331
3012816,4.462066734750593
3014598,3.696357968581803
3016380,6.193709933779147
3018162,3.696357968581803
3019944,4.075631297706727
3021726,4.075631297706727
3023508,4.976034218162977
3025290,6.364773437425691
3027072,5.7434409911646185
3028854,5.7434409911646185
3002125,16.113697835612022
3003907,16.113697835612022
3005689,16.113697835612022
3007471,17.590856349770725
3009253,17.590856349770725
3011035,16.8402923099851
3012817,16.41972878006836
3014599,15.65402001389957
3016381,18.151371979096915
3018163,15.65402001389957
3019945,16.033293343024493
3021727,16.033293343024493
3023509,16.933696263480744
3025291,18.32243548274346
3027073,18.11612034037751
3028855,18.11612034037751
3002126,-0.4991187221694223
3003908,-0.4991187221694223
3005690,-0.4991187221694223
3007472,0.978039791989278
3009254,0.978039791989278
3011036,0.20838148431990777
3012818,-0.21218204559682902
3014600,-0.9587965438818791
3016382,0.4219748055726225
3018164,-0.9587965438818791
3019946,-0.5795232147569513
3021728,-0.5795232147569513
3023510,0.30178543781555417
3025292,0.6550332307053575
3027074,0.052795052328027565
3028856,0.052795052328027565
3002127,141.66714891516145
3003909,141.66714891516145
3005691,141.66714891516145
3007473,143.43822035313198
3009255,143.43822035313198
3011037,142.95749899205796
3012819,140.49219306539447
3014601,139.95837167118515
3016383,154.43749847348204
3018165,139.95837167118515
3019947,140.63155792412192
3021729,140.63155792412192
3023511,141.80180352328978
3025293,142.3416593207041
3027075,142.56853155831328
3028857,142.56853155831328
3002128,-0.4991187221694223
3003910,-0.4991187221694223
3005692,-0.4991187221694223
3007474,0.978039791989278
3009256,0.978039791989278
3011038,0.20838148431990777
3012820,-0.21218204559682902
3014602,-0.9587965438818791
3016384,0.4219748055726225
3018166,-0.9587965438818791
3019948,-0.5795232147569513
3021730,-0.5795232147569513
3023512,0.30178543781555417
3025294,0.6550332307053575
3027076,0.052795052328027565
3028858,0.052795052328027565
3002129,-0.4991187221694223
3003911,-0.4991187221694223
3005693,-0.4991187221694223
3007475,0.978039791989278
3009257,0.978039791989278
3011039,0.20838148431990777
3012821,-0.21218204559682902
3014603,-0.9587965438818791
3016385,0.4219748055726225
3018167,-0.9587965438818791
3019949,-0.5795232147569513
3021731,-0.5795232147569513
3023513,0.30178543781555417
3025295,0.6550332307053575
3027077,0.052795052328027565
3028859,0.052795052328027565
3002130,2.0184066676054906
3003912,2.0184066676054906
3005694,2.0184066676054906
3007476,3.4955651817641904
3009258,3.4955651817641904
3011040,2.745001141978565
3012822,2.3244376120618293
3014604,1.5587288458930333
3016386,4.05608081109038
3018168,1.5587288458930333
3019950,1.9380021750179615
3021732,1.9380021750179615
3023514,2.838405095474212
3025296,4.227144314736928
3027078,3.6058118684758536
3028860,3.6058118684758536
3002131,1.5572856400479935
3003913,1.5572856400479935
3005695,1.5572856400479935
3007477,3.223635090849412
3009259,3.223635090849412
3011041,2.2647858465373263
3012823,1.8442223166205898
3014605,1.0976078183355376
3016387,2.9743515927250157
3018169,1.0976078183355376
3019951,1.6660720841031822
3021733,1.6660720841031822
3023515,2.358189800032973
3025297,3.1815361996212586
3027079,2.5792980212439267
3028861,2.5792980212439267
3002132,-0.37414958143148197
3003914,-0.37414958143148197
3005696,-0.37414958143148197
3007478,1.2921998693699364
3009260,1.2921998693699364
3011042,0.33335062505784824
3012824,-0.08721290485888854
3014606,-0.8338274031439388
3016388,0.546943946310563
3018170,-0.8338274031439388
3019952,-0.2653631373762934
3021734,-0.2653631373762934
3023516,0.42675457855349463
3025298,0.7800023714432981
3027080,0.17776419306596788
3028862,0.17776419306596788
3002133,111.55961778420289
3003915,111.55961778420289
3005697,111.55961778420289
3007479,113.3306892221734
3009261,113.3306892221734
3011043,112.05432488661653
3012825,111.63376135669978
3014607,111.09993996249044
3016389,121.3472340935041
3018171,111.09993996249044
3019953,111.77312621542718
3021735,111.77312621542718
3023517,112.14772884011218
3025299,115.39288742169673
3027081,115.61975965930587
3028863,115.61975965930587
3002134,150.22198577005116
3003916,150.22198577005116
3005698,150.22198577005116
3007480,151.9930572080217
3009262,151.9930572080217
3011044,151.51233584694768
3012826,147.7326905888952
3014608,147.19886919468587
3016390,161.67799599698276
3018172,147.19886919468587
3019954,147.87205544762264
3021736,147.87205544762264
3023518,149.0423010467905
3025300,149.58215684420483
3027082,149.809029081814
3028864,149.809029081814
3002135,-0.37414958143148197
3003917,-0.37414958143148197
3005699,-0.37414958143148197
3007481,1.2921998693699364
3009263,1.2921998693699364
3011045,0.33335062505784824
3012827,-0.08721290485888854
3014609,-0.8338274031439388
3016391,0.546943946310563
3018173,-0.8338274031439388
3019955,-0.2653631373762934
3021737,-0.2653631373762934
3023519,0.42675457855349463
3025301,0.7800023714432981
3027083,0.17776419306596788
3028865,0.17776419306596788
3002136,8.383745693747828
3003918,8.383745693747828
3005700,8.383745693747828
3007482,10.050095144549244
3009264,10.050095144549244
3011046,9.110340168120905
3012828,8.689776638204167
3014610,7.924067872035367
3016392,10.421419837232714
3018174,7.924067872035367
3019956,8.492532137803016
3021738,8.492532137803016
3023520,9.203744121616552
3025302,10.592483340879266
3027084,9.971150894618189
3028866,9.971150894618189
3002137,92.71164063725924
3003919,92.71164063725924
3005701,92.71164063725924
3007483,94.48271207522976
3009265,94.48271207522976
3011047,93.20634773967288
3012829,92.78578420975613
3014611,92.25196281554679
3016393,101.0503861573788
3018175,92.25196281554679
3019957,92.92514906848353
3021739,92.92514906848353
3023521,93.29975169316853
3025303,96.09475111335954
3027085,96.12032334295304
3028867,96.12032334295304
3002138,67.0392497288322
3003920,67.0392497288322
3005702,67.0392497288322
3007484,68.70559917963362
3009266,68.70559917963362
3011048,67.53395683124585
3012830,67.1133933013291
3014612,66.57957190711976
3016394,73.10906615239188
3018176,66.57957190711976
3019958,67.1480361728874
3021740,67.1480361728874
3023522,67.6273607847415
3025304,69.0161000040042
3027086,69.04167223359771
3028868,69.04167223359771
3002139,437.6567902248218
3003921,437.6567902248218
3005703,437.6567902248218
3007485,451.84410044832373
3009267,451.84410044832373
3011049,431.7237595897049
3012831,411.7227305858671
3014613,411.1889091916578
3016395,443.084613737029
3018177,411.1889091916578
3019959,419.19985037885164
3021741,419.19985037885164
3023523,411.5997621452083
3025305,389.96397591308516
3027087,391.8026749802428
3028869,391.8026749802428
3002140,-0.5185752866263368
3003922,-0.5185752866263368
3005704,-0.5185752866263368
3007486,1.1477741641750812
3009268,1.1477741641750812
3011050,0.1889249198629933
3012832,-0.23163861005374342
3014614,-0.9782531083387935
3016396,0.40251824111570805
3018178,-0.9782531083387935
3019960,-0.4097888425711482
3021742,-0.4097888425711482
3023524,0.2823288733586397
3025306,0.635576666248443
3027088,0.033338487871113105
3028870,0.033338487871113105
3002141,-0.5185752866263368
3003923,-0.5185752866263368
3005705,-0.5185752866263368
3007487,1.1477741641750812
3009269,1.1477741641750812
3011051,0.1889249198629933
3012833,-0.23163861005374342
3014615,-0.9782531083387935
3016397,0.40251824111570805
3018179,-0.9782531083387935
3019961,-0.4097888425711482
3021743,-0.4097888425711482
3023525,0.2823288733586397
3025307,0.635576666248443
3027089,0.033338487871113105
3028871,0.033338487871113105
3002142,16.05847533246162
3003924,16.05847533246162
3005706,16.05847533246162
3007488,17.535633846620325
3009270,17.535633846620325
3011052,16.7850698068347
3012834,16.364506276917954
3014616,15.598797510749163
3016398,17.43392254400354
3018180,15.598797510749163
3019962,15.978070839874087
3021744,15.978070839874087
3023526,16.878473760330344
3025308,18.9240124224612
3027090,18.717697280095248
3028872,18.717697280095248
3002143,1.4796412290680179
3003925,1.4796412290680179
3005707,1.4796412290680179
3007489,2.956799743226719
3009271,2.956799743226719
3011053,2.187141435557348
3012835,1.766577905640612
3014617,1.0199634073555617
3016399,1.7385078248670907
3018181,1.0199634073555617
3019963,1.3992367364804894
3021745,1.3992367364804894
3023527,2.2805453890529948
3025309,3.2905926248109365
3027091,2.6883544464336055
3028873,2.6883544464336055
3002144,7.711926413337964
3003926,7.711926413337964
3005708,7.711926413337964
3007490,9.189084927496667
3009272,9.189084927496667
3011054,8.438520887711043
3012836,8.017957357794305
3014618,7.252248591625507
3016400,9.087373624879882
3018182,7.252248591625507
3019964,7.6315219207504335
3021746,7.6315219207504335
3023528,8.53192484120669
3025310,10.577463503337542
3027092,9.956131057076465
3028874,9.956131057076465
3002145,4690.522063843271
3003927,4465.752838271438
3005709,4588.2809563575365
3007491,7265.003294128365
3009273,7285.498988093768
3011055,4623.218001837767
3012837,4699.513677733868
3014619,4719.74456006279
3016401,5698.240365969664
3018183,4575.433352093804
3019965,6968.294731457986
3021747,7238.7615564889975
3023529,4582.239165551446
3025311,4741.9618977785485
3027093,4707.464758792753
3028875,4607.049832981719
3002146,0.8883673945409521
3003928,0.8883673945409521
3005710,0.8883673945409521
3007492,2.3655259086996523
3009274,2.3655259086996523
3011056,1.595867601030283
3012838,1.175304071113547
3014620,0.4286895728284961
3016402,1.1472339903400255
3018184,0.4286895728284961
3019966,0.8079629019534239
3021748,0.8079629019534239
3023530,1.6892715545259298
3025312,2.6993187902838716
3027094,2.09708061190654
3028876,2.09708061190654
3002147,984.2008003719794
3003929,984.2008003719794
3005711,984.2008003719794
3007493,989.3788963981233
3009275,989.3788963981233
3011057,983.033052973716
3012839,939.796352321716
3014621,939.4048787035078
3016403,971.8677152883542
3018185,919.4675438235686
3019967,918.032702174815
3021749,918.032702174815
3023531,921.2554437812497
3025313,896.8473449399165
3027095,894.3372838222721
3028877,894.3372838222721
3002148,16.557853403035637
3003930,16.557853403035637
3005712,16.557853403035637
3007494,18.03501191719434
3009276,18.03501191719434
3011058,17.284447877408713
3012840,16.863884347491975
3014622,16.098175581323176
3016404,17.933300614577554
3018186,16.098175581323176
3019968,16.477448910448107
3021750,16.477448910448107
3023532,17.37785183090436
3025314,19.423390493035214
3027096,19.217075350669262
3028878,19.217075350669262
3002149,2191.7375597471523
3003931,2177.396838171915
3005713,2177.396838171915
3007495,2415.455694603391
3009277,2398.7084645364794
3011059,2191.531572191316
3012841,2126.766659028465
3014623,2189.683284334739
3016405,2251.7677120914577
3018187,2122.3061337789304
3019969,2272.8423908153436
3021751,2310.4175282373126
3023533,2143.0657660772786
3025315,2095.0875968910855
3027097,2088.2153021249237
3028879,2073.8745805496865
3002150,2267.750750076517
3003932,2253.4100285012796
3005714,2253.4100285012796
3007496,2491.4688849327554
3009278,2474.721654865844
3011060,2267.5447625206807
3012842,2202.7798493578293
3014624,2265.6964746641033
3016406,2327.7809024208223
3018188,2198.3193241082954
3019970,2348.855581144708
3021752,2386.430718566677
3023534,2219.0789564066436
3025316,2171.1007872204523
3027098,2164.22849245429
3028880,2149.887770879053
3002151,401.54904112707214
3003933,401.54904112707214
3005715,401.54904112707214
3007497,408.5745891437607
3009279,408.5745891437607
3011061,399.04294827084163
3012843,384.639285140568
3014625,384.1054637463587
3016407,411.01528231004784
3018189,384.1054637463587
3019971,384.95464272673917
3021753,384.95464272673917
3023535,384.51631669990917
3025317,385.9834433785645
3027099,387.82214244572214
3028881,387.82214244572214
3002152,575.7409417690494
3003934,575.7409417690494
3005716,575.7409417690494
3007498,586.1735143739112
3009280,586.1735143739112
3011062,569.6655633579313
3012844,549.6645343540935
3014626,549.2730607358853
3016408,579.0106954371657
3018190,549.2730607358853
3019972,550.0734616794012
3021754,550.0734616794012
3023536,543.6225435863114
3025318,529.6865215121356
3027100,531.6675683552945
3028882,531.6675683552945
3002153,446.1831929588159
3003935,446.1831929588159
3005717,446.1831929588159
3007499,453.20874097550444
3009281,453.20874097550444
3011063,441.4665122773405
3012845,427.06284914706686
3014627,426.52902775285753
3016409,453.4388463165467
3018191,426.52902775285753
3019973,427.3782067332381
3021755,427.3782067332381
3023537,431.53145601194296
3025319,421.30611364359805
3027101,423.1448127107557
3028883,423.1448127107557
3002154,7200.882712262157
3003936,7006.75736989214
3005718,7080.524345922206
3007500,8748.847758819631
3009282,8888.222261914974
3011064,7144.440575140866
3012846,7006.846064746615
3014628,6672.981199391855
3016410,7831.261160592828
3018192,6467.836269891992
3019974,7994.424113121364
3021756,8383.769747282317
3023538,6585.683891101043
3025320,6730.766782955192
3027102,6726.699542418053
3028884,6656.928499808835
3002155,88.49966719543535
3003937,88.49966719543535
3005719,88.49966719543535
3007501,90.27073863340587
3009283,90.27073863340587
3011065,88.99437429784899
3012847,88.57381076793224
3014629,88.0399893737229
3016411,96.24142205869502
3018193,88.0399893737229
3019975,88.71317562665965
3021757,88.71317562665965
3023539,89.08777825134464
3025321,92.53957711440378
3027103,92.56514934399729
3028885,92.56514934399729
3002156,1.902215126602673
3003938,1.902215126602673
3005720,1.902215126602673
3007502,3.379373640761373
3009284,3.379373640761373
3011066,2.609715333092005
3012848,2.1891518031752693
3014630,1.4425373048902166
3016412,2.8501065132912045
3018194,1.4425373048902166
3019976,1.8218106340151439
3021758,1.8218106340151439
3023540,2.703119286587652
3025322,4.1832651290440745
3027104,3.5810269506667436
3028886,3.5810269506667436
3002157,28.041859533643766
3003939,28.041859533643766
3005721,28.041859533643766
3007503,29.51901804780247
3009285,29.51901804780247
3011067,28.518414290130035
3012849,28.097850760213298
3014631,27.58218171193131
3016413,30.784209308048766
3018195,27.58218171193131
3019977,27.961455041056237
3021759,27.961455041056237
3023541,28.61181824362568
3025323,30.657356905756536
3027105,30.70108148127739
3028887,30.70108148127739
3002158,36.9211476971626
3003940,36.9211476971626
3005722,36.9211476971626
3007504,38.398306211321305
3009286,38.398306211321305
3011068,37.41585479957622
3012850,36.99529126965949
3014632,36.46146987545015
3016414,39.663497471567595
3018196,36.46146987545015
3019978,36.84074320457508
3021760,36.84074320457508
3023542,37.50925875307187
3025324,39.554797415202714
3027106,39.58036964479622
3028888,39.58036964479622
3002159,2.48830529489811
3003941,2.48830529489811
3005723,2.48830529489811
3007505,3.9654638090568084
3009287,3.9654638090568084
3011069,3.2148997692711836
3012851,2.7943362393544477
3014633,2.0286274731856535
3016415,4.05680487239451
3018197,2.0286274731856535
3019979,2.407900802310581
3021761,2.407900802310581
3023543,3.3083037227668304
3025325,5.353842384897684
3027107,4.732509938636609
3028889,4.732509938636609
3002160,440.2778858017325
3003942,440.2778858017325
3005724,440.2778858017325
3007506,447.30343381842107
3009288,447.30343381842107
3011070,437.771792945502
3012852,423.3681298152284
3014634,422.83430842101905
3016416,449.7441269847082
3018198,422.83430842101905
3019980,423.68348740139953
3021762,423.68348740139953
3023544,423.24516137456953
3025326,413.0198190062246
3027108,414.85851807338224
3028890,414.85851807338224
3002161,20.597024056509444
3003943,20.597024056509444
3005725,20.597024056509444
3007507,22.074182570668146
3009289,22.074182570668146
3011071,21.32361853088252
3012853,20.903055000965782
3014635,20.137346234796986
3016417,22.165523634005847
3018199,20.137346234796986
3019981,20.516619563921914
3021763,20.516619563921914
3023545,21.417022484378165
3025327,23.46256114650902
3027109,23.25624600414307
3028891,23.25624600414307
3002162,2.48830529489811
3003944,2.48830529489811
3005726,2.48830529489811
3007508,3.9654638090568084
3009290,3.9654638090568084
3011072,3.2148997692711836
3012854,2.7943362393544477
3014636,2.0286274731856535
3016418,4.05680487239451
3018200,2.0286274731856535
3019982,2.407900802310581
3021764,2.407900802310581
3023546,3.3083037227668304
3025328,5.353842384897684
3027110,4.732509938636609
3028892,4.732509938636609
3002163,21.618134456244324
3003945,21.618134456244324
3005727,21.618134456244324
3007509,23.095292970403026
3009291,23.095292970403026
3011073,22.3447289306174
3012855,21.924165400700662
3014637,21.158456634531866
3016419,23.186634033740727
3018201,21.158456634531866
3019983,21.537729963656794
3021765,21.537729963656794
3023547,22.438132884113045
3025329,24.4836715462439
3027111,24.27735640387795
3028893,24.27735640387795
3002164,163.7325378070012
3003946,163.7325378070012
3005728,163.7325378070012
3007510,165.50360924497173
3009292,165.50360924497173
3011074,165.0228878838977
3012856,161.24324262584523
3014638,160.7094212316359
3016420,177.13196939831192
3018202,160.7094212316359
3019984,161.38260748457267
3021766,161.38260748457267
3023548,162.55285308374053
3025330,168.0934492318894
3027112,168.32032146949857
3028894,168.32032146949857
3002165,11.476074909514642
3003947,11.476074909514642
3005729,11.476074909514642
3007511,13.142424360316058
3009293,13.142424360316058
3011075,12.202669383887718
3012857,11.78210585397098
3014639,11.016397087802185
3016421,13.04457448701104
3018203,11.016397087802185
3019985,11.58486135356983
3021767,11.58486135356983
3023549,12.296073337383365
3025331,14.341611999514218
3027113,13.72027955325314
3028895,13.72027955325314
3002166,678.8827908514023
3003948,678.8827908514023
3005730,678.8827908514023
3007512,689.3153634562641
3009294,689.3153634562641
3011076,672.8074124402842
3012858,647.5484413242499
3014640,647.1569677060418
3016422,676.8946024073222
3018204,640.1351569964614
3019986,640.9355579399773
3021768,640.9355579399773
3023550,634.4846398468875
3025332,611.2046474666354
3027114,613.1856943097943
3028896,613.1856943097943
3002167,354.42797334581246
3003949,354.42797334581246
3005731,354.42797334581246
3007513,363.5581356227721
3009295,363.5581356227721
3011077,351.92188048958195
3012859,337.5182173593083
3014641,336.984395965099
3016423,365.99882878905925
3018205,336.984395965099
3019987,339.9381892057506
3021769,339.9381892057506
3023551,337.3952489186495
3025333,336.16335179009167
3027115,338.0020508572493
3028897,338.0020508572493
3002168,30.874385754933147
3003950,30.874385754933147
3005732,30.874385754933147
3007514,32.540735205734556
3009296,32.540735205734556
3011078,31.369092857346754
3012860,30.948529327430016
3014642,30.41470793322069
3016424,33.616735529338115
3018206,30.41470793322069
3019988,30.983172198988335
3021770,30.983172198988335
3023552,31.4624968108424
3025334,33.50803547297323
3027116,33.53360770256674
3028898,33.53360770256674
3002169,30.874385754933147
3003951,30.874385754933147
3005733,30.874385754933147
3007515,32.540735205734556
3009297,32.540735205734556
3011079,31.369092857346754
3012861,30.948529327430016
3014643,30.41470793322069
3016425,33.616735529338115
3018207,30.41470793322069
3019989,30.983172198988335
3021771,30.983172198988335
3023553,31.4624968108424
3025335,33.50803547297323
3027117,33.53360770256674
3028899,33.53360770256674
3002170,1148.293921856167
3003952,1148.293921856167
3005734,1304.0482581540366
3007516,1352.135317528424
3009298,1319.7351920122485
3011080,1168.1525002384606
3012862,1084.7991871361555
3014644,1084.4077135179475
3016426,1213.6802423015529
3018208,1212.0661871075015
3019990,1202.7209718792626
3021772,1224.643213851968
3023554,1067.8283073056555
3025336,1073.16321668044
3027118,1056.7137377418123
3028900,1056.7137377418123
3002171,403.1028579390977
3003953,403.1028579390977
3005735,403.1028579390977
3007517,412.23302021605735
3009299,412.23302021605735
3011081,400.5967650828672
3012863,386.19310195259357
3014645,385.65928055838424
3016427,414.6737133823445
3018209,385.65928055838424
3019991,388.6130737990358
3021773,388.6130737990358
3023555,386.0701335119347
3025337,384.8382363833769
3027119,386.67693545053453
3028901,386.67693545053453
3002172,6168.026246527224
3003954,6004.364867720596
3005736,6109.404929682523
3007518,9493.391819258875
3009300,10622.785336722036
3011082,5866.453499860311
3012864,5781.9978570977855
3014646,5206.966807904894
3016428,5726.273546815435
3018210,5041.028940881593
3019992,8526.11486506819
3021774,10245.418126787015
3023556,5033.050968909158
3025338,5364.0377867231
3027120,5359.970546185961
3028902,5403.38803732987
3002173,14.3973176468335
3003955,14.3973176468335
3005737,14.3973176468335
3007519,16.063667097634916
3009301,16.063667097634916
3011083,15.123912121206574
3012865,14.703348591289837
3014647,13.937639825121042
3016429,15.965817224329903
3018211,13.937639825121042
3019993,14.506104090888687
3021775,14.506104090888687
3023557,15.217316074702222
3025339,17.262854736833077
3027121,16.641522290572002
3028903,16.641522290572002
3002174,118.90214396514875
3003956,118.90214396514875
3005738,118.90214396514875
3007520,120.67321540311927
3009302,120.67321540311927
3011084,119.3968510675624
3012866,118.97628753764565
3014648,118.4424661434363
3016430,128.09276961759008
3018212,118.4424661434363
3019994,119.11565239637305
3021776,119.11565239637305
3023558,119.49025502105805
3025340,123.39221304551073
3027122,123.61908528311987
3028904,123.61908528311987
3002175,16.05847533246162
3003957,16.05847533246162
3005739,16.05847533246162
3007521,17.535633846620325
3009303,17.535633846620325
3011085,16.7850698068347
3012867,16.364506276917954
3014649,15.598797510749163
3016431,17.43392254400354
3018213,15.598797510749163
3019995,15.978070839874087
3021777,15.978070839874087
3023559,16.878473760330344
3025341,18.9240124224612
3027123,18.717697280095248
3028905,18.717697280095248
3002176,1.4796412290680179
3003958,1.4796412290680179
3005740,1.4796412290680179
3007522,2.956799743226719
3009304,2.956799743226719
3011086,2.187141435557348
3012868,1.766577905640612
3014650,1.0199634073555617
3016432,1.7385078248670907
3018214,1.0199634073555617
3019996,1.3992367364804894
3021778,1.3992367364804894
3023560,2.2805453890529948
3025342,3.2905926248109365
3027124,2.6883544464336055
3028906,2.6883544464336055
3002177,10.275947330797258
3003959,10.275947330797258
3005741,10.275947330797258
3007523,11.753105844955957
3009305,11.753105844955957
3011087,11.002541805170335
3012869,10.581978275253597
3014651,9.816269509084801
3016433,11.651394542339174
3018215,9.816269509084801
3019997,10.195542838209729
3021779,10.195542838209729
3023561,11.095945758665982
3025343,13.141484420796834
3027125,12.520151974535757
3028907,12.520151974535757
3002178,3948.5430559650904
3003960,3805.8622469462557
3005742,3840.0261824755094
3007524,5775.3027155945965
3009306,5874.476937422063
3011088,3979.4076325863175
3012870,3789.9457831651616
3014652,3770.2610563776007
3016434,4799.212477836117
3018216,3603.3930078067733
3019998,5183.307668271679
3021780,5554.338155651136
3023562,3734.1539067141603
3025344,3924.8337068557635
3027126,3890.3365678699674
3028908,3788.3632930628555
3002179,0.8883673945409521
3003961,0.8883673945409521
3005743,0.8883673945409521
3007525,2.3655259086996523
3009307,2.3655259086996523
3011089,1.595867601030283
3012871,1.175304071113547
3014653,0.4286895728284961
3016435,1.1472339903400255
3018217,0.4286895728284961
3019999,0.8079629019534239
3021781,0.8079629019534239
3023563,1.6892715545259298
3025345,2.6993187902838716
3027127,2.09708061190654
3028909,2.09708061190654
3002180,805.8505575440633
3003962,805.8505575440633
3005744,805.8505575440633
3007526,816.2831301489251
3009308,816.2831301489251
3011090,804.0010068921629
3012872,764.6837833090482
3014654,764.29230969084
3016436,805.6387434118863
3018218,748.2105797363963
3020000,749.0109806799122
3021782,749.0109806799122
3023564,749.9984796940774
3025346,735.7232547606486
3027128,727.214938848157
3028910,727.214938848157
3002181,31.89748236406475
3003963,31.89748236406475
3005745,31.89748236406475
3007527,33.37464087822345
3009309,33.37464087822345
3011091,32.39218946647837
3012873,31.971625936561644
3014655,31.437804542352293
3016437,34.63983213846974
3018219,31.437804542352293
3020001,31.81707787147723
3021783,31.81707787147723
3023565,32.485593419974016
3025347,34.53113208210486
3027129,34.55670431169837
3028911,34.55670431169837
3002182,2017.699841350838
3003964,2003.3591197756007
3005746,2003.3591197756007
3007528,2154.241451593466
3009310,2230.458685102332
3011092,2014.3403331245431
3012874,1945.9993996298701
3014656,1945.6079260116621
3016438,2092.4228190037156
3018220,1894.5118500538456
3020002,1966.3759158561907
3021784,2096.9155168539373
3023566,1931.6286425008996
3025348,1961.8129199946604
3027130,1954.9406252284984
3028912,1940.5999036532612
3002183,1940.6361846965087
3003965,1926.2954631212715
3005747,1926.2954631212715
3007529,2047.2995145498492
3009311,2123.5167480587156
3011093,1937.276676470214
3012875,1868.935742975541
3014657,1868.544269357333
3016439,2015.3591623493855
3018221,1817.4481933995164
3020003,1859.4339788125756
3021785,1989.9735798103225
3023567,1854.5649858465704
3025349,1884.7492633403313
3027131,1873.0391173328119
3028913,1858.6983957575746
3002184,476.8124718823241
3003966,476.8124718823241
3005748,476.8124718823241
3007530,487.52112421636934
3009312,487.52112421636934
3011094,470.8794412472072
3012876,450.8784122433694
3014658,450.34459084916006
3016440,480.13568113426015
3018222,450.34459084916006
3020004,454.8768741468973
3021786,454.8768741468973
3023568,450.75544380271054
3025350,436.8194217285352
3027132,438.6581207956928
3028914,438.6581207956928
3002185,379.6948238420736
3003967,379.6948238420736
3005749,379.6948238420736
3007531,386.7203718587622
3009313,386.7203718587622
3011095,377.1887309858431
3012877,362.7850678555695
3014659,362.25124646136015
3016441,389.1610650250493
3018223,362.25124646136015
3020005,363.10042544174064
3021787,363.10042544174064
3023569,362.66209941491064
3025351,364.129226093566
3027133,365.9679251607236
3028915,365.9679251607236
3002186,321.7616248763513
3003968,321.7616248763513
3005750,321.7616248763513
3007532,328.78717289303984
3009314,328.78717289303984
3011096,315.03129248038823
3012878,302.64128106460225
3014660,302.1074596703929
3016442,329.0172782340821
3018224,302.1074596703929
3020006,302.9566386507734
3021788,302.9566386507734
3023570,308.54246682803256
3025352,305.87799080092054
3027134,307.71668986807816
3028916,307.71668986807816
3002187,6552.019000607424
3003969,6474.565758205099
3005751,6459.96855167832
3007533,7593.745762744258
3009315,7887.829031933913
3011097,6305.7417433752735
3012879,6181.016933003774
3014661,6377.791227702086
3016443,7390.297387778882
3018225,6200.954215613071
3020007,7067.3610933994705
3021789,7611.415493654734
3023571,6077.522358051357
3025353,6354.26445320667
3027135,6566.656234155404
3028917,6613.557291513878
3002188,44.64663868252041
3003970,44.64663868252041
3005752,44.64663868252041
3007534,46.123797196679114
3009316,46.123797196679114
3011098,45.14134578493403
3012880,44.7207822550173
3014662,44.18696086080796
3016444,47.388988456925404
3018226,44.18696086080796
3020008,44.566234189932885
3021790,44.566234189932885
3023572,45.23474973842968
3025354,47.28028840056052
3027136,47.30586063015403
3028918,47.30586063015403
3002189,1.902215126602673
3003971,1.902215126602673
3005753,1.902215126602673
3007535,3.379373640761373
3009317,3.379373640761373
3011099,2.609715333092005
3012881,2.1891518031752693
3014663,1.4425373048902166
3016445,2.8501065132912045
3018227,1.4425373048902166
3020009,1.8218106340151439
3021791,1.8218106340151439
3023573,2.703119286587652
3025355,4.1832651290440745
3027137,3.5810269506667436
3028919,3.5810269506667436
3002190,61.383912455126236
3003972,61.383912455126236
3005754,61.383912455126236
3007536,62.86107096928494
3009318,62.86107096928494
3011100,61.87861955753986
3012882,61.45805602762312
3014664,60.92423463341378
3016446,65.99435321609302
3018228,60.92423463341378
3020010,61.30350796253871
3021792,61.30350796253871
3023574,61.9720235110355
3025356,64.01756217316635
3027138,64.04313440275986
3028920,64.04313440275986
3002191,13.142275253209288
3003973,13.142275253209288
3005755,13.142275253209288
3007537,14.619433767367987
3009319,14.619433767367987
3011101,13.868869727582364
3012883,13.448306197665627
3014665,12.68259743149683
3016447,14.710774830705688
3018229,12.68259743149683
3020011,13.061870760621758
3021793,13.061870760621758
3023575,13.962273681078011
3025357,16.007812343208865
3027139,15.386479896947789
3028921,15.386479896947789
3002192,4.625934417586878
3003974,4.625934417586878
3005756,4.625934417586878
3007538,6.103092931745578
3009320,6.103092931745578
3011102,5.352528891959952
3012884,4.931965362043213
3014666,4.166256595874421
3016448,6.194433995083277
3018230,4.166256595874421
3020012,4.5455299249993475
3021794,4.5455299249993475
3023576,5.445932845455597
3025358,7.491471507586448
3027140,6.870139061325376
3028922,6.870139061325376
3002193,497.76412419177194
3003975,497.76412419177194
3005757,497.76412419177194
3007539,508.48012402676153
3009321,508.48012402676153
3011103,491.83109355665505
3012885,471.83006455281725
3014667,471.2962431586079
3016449,501.087333443708
3018231,471.2962431586079
3020013,477.4850288099015
3021795,477.4850288099015
3023577,471.7070961121584
3025359,457.77107403798306
3027141,459.6097731051407
3028923,459.6097731051407
3002194,19.14817930865466
3003976,19.14817930865466
3005758,19.14817930865466
3007540,20.625337822813364
3009322,20.625337822813364
3011104,19.874773783027738
3012886,19.454210253111
3014668,18.688501486942204
3016450,20.716678886151065
3018232,18.688501486942204
3020014,19.067774816067132
3021796,19.067774816067132
3023578,19.968177736523383
3025360,22.01371639865424
3027142,21.807401256288287
3028924,21.807401256288287
3002195,6.411144762976895
3003977,6.411144762976895
3005759,6.411144762976895
3007541,7.888303277135594
3009323,7.888303277135594
3011105,7.137739237349972
3012887,6.717175707433234
3014669,5.951466941264438
3016451,7.979644340473296
3018233,5.951466941264438
3020015,6.330740270389365
3021797,6.330740270389365
3023579,7.231143190845618
3025361,9.276681852976475
3027143,8.655349406715398
3028925,8.655349406715398
3002196,1.902215126602673
3003978,1.902215126602673
3005760,1.902215126602673
3007542,3.379373640761373
3009324,3.379373640761373
3011106,2.609715333092005
3012888,2.1891518031752693
3014670,1.4425373048902166
3016452,2.8501065132912045
3018234,1.4425373048902166
3020016,1.8218106340151439
3021798,1.8218106340151439
3023580,2.703119286587652
3025362,4.1832651290440745
3027144,3.5810269506667436
3028926,3.5810269506667436
3002197,76.28631187505626
3003979,76.28631187505626
3005761,76.28631187505626
3007543,77.95266132585768
3009325,77.95266132585768
3011107,76.7810189774699
3012889,76.36045544755315
3014671,75.82663405334381
3016453,82.59680440560145
3018235,75.82663405334381
3020017,76.39509831911145
3021799,76.39509831911145
3023581,76.87442293096555
3025363,78.91996159309639
3027145,78.9455338226899
3028927,78.9455338226899
3002198,7.95425080910706
3003980,7.95425080910706
3005762,7.95425080910706
3007544,9.620600259908477
3009326,9.620600259908477
3011108,8.680845283480137
3012890,8.2602817535634
3014672,7.494572987394597
3016454,9.522750386603459
3018236,7.494572987394597
3020018,8.063037253162248
3021800,8.063037253162248
3023582,8.774249236975784
3025364,10.819787899106636
3027146,10.19845545284556
3028928,10.19845545284556
3002199,1025.5057742589374
3003981,1025.5057742589374
3005763,1046.961718612889
3007545,1057.4396285482937
3009327,1071.9253653841652
3011109,1024.3380268606736
3012891,956.75309742673
3014673,956.3616238085219
3016455,1023.3242877067947
3018237,957.8802332825346
3020019,961.7452055430424
3021801,976.2309423789137
3023583,938.2121888862638
3025365,910.6518406884428
3027147,894.2023617498148
3028929,894.2023617498148
3002200,437.13496775068285
3003982,437.13496775068285
3005764,437.13496775068285
3007546,452.54163878055647
3009328,452.54163878055647
3011110,431.20193711556595
3012892,411.20090811172815
3014674,410.6670867175188
3016456,442.56279126288996
3018238,410.6670867175188
3020020,419.8973887110844
3021802,419.8973887110844
3023584,411.0779396710693
3025366,394.4428937896808
3027148,396.2815928568384
3028930,396.2815928568384
3002201,18.946442787168028
3003983,18.946442787168028
3005765,18.946442787168028
3007547,20.612792237969447
3009329,20.612792237969447
3011111,19.673037261541104
3012893,19.252473731624367
3014675,18.48676496545557
3016457,20.51494236466443
3018239,18.48676496545557
3020021,19.055229231223215
3021803,19.055229231223215
3023585,19.76644121503675
3025367,21.811979877167605
3027149,21.605664734801653
3028931,21.605664734801653
3002202,30.874385754933147
3003984,30.874385754933147
3005766,30.874385754933147
3007548,32.540735205734556
3009330,32.540735205734556
3011112,31.369092857346754
3012894,30.948529327430016
3014676,30.41470793322069
3016458,33.616735529338115
3018240,30.41470793322069
3020022,30.983172198988335
3021804,30.983172198988335
3023586,31.4624968108424
3025368,33.50803547297323
3027150,33.53360770256674
3028932,33.53360770256674
3002203,1142.9410614587755
3003985,1142.9410614587755
3005767,1176.4355589453319
3007549,1224.5226183197192
3009331,1206.4084285172567
3011113,1142.5520958258126
3012895,1074.1883846265675
3014677,1073.7969110083595
3016459,1144.226115608539
3018241,1079.1955457866002
3020023,1069.8503305583613
3021805,1106.0585082447797
3023587,1048.2677300230257
3025369,1030.3019147786738
3027151,1013.852435840046
3028933,1013.852435840046
3002204,318.420341256083
3003986,318.420341256083
3005768,318.420341256083
3007550,327.5505035330427
3009332,327.5505035330427
3011114,313.90059668536486
3012896,301.5105852695789
3014678,300.97676387536956
3016460,329.9911966993298
3018242,300.97676387536956
3020024,303.93055711602113
3021806,303.93055711602113
3023588,302.82019572747424
3025370,300.1557197003622
3027152,301.99441876751985
3028934,301.99441876751985
3002205,6166.520026793546
3003987,5972.394684423529
3005769,6046.161660453595
3007551,8862.213292149088
3009333,9838.064244180572
3011115,6013.393183571559
3012897,6044.85796638865
3014679,6098.599132480727
3016461,7263.687317214862
3018243,5843.330762149486
3020025,8392.012060565443
3021807,9863.958366378141
3023589,6094.286736144624
3025371,6352.135781390336
3027153,6348.068540853197
3028935,6278.297498243979
3002206,10.987689183761082
3003988,10.987689183761082
3005770,10.987689183761082
3007552,12.654038634562498
3009334,12.654038634562498
3011116,11.714283658134159
3012898,11.293720128217421
3014680,10.528011362048625
3016462,12.55618876125748
3018244,10.528011362048625
3020026,11.09647562781627
3021808,11.09647562781627
3023590,11.807687611629806
3025372,13.853226273760658
3027154,13.231893827499581
3028936,13.231893827499581
3002207,93.72905083173528
3003989,93.72905083173528
3005771,93.72905083173528
3007553,95.5001222697058
3009335,95.5001222697058
3011117,94.22375793414892
3012899,93.80319440423217
3014681,93.26937301002283
3016463,101.47080569499495
3018245,93.26937301002283
3020027,93.94255926295958
3021809,93.94255926295958
3023591,94.31716188764457
3025373,97.76896075070371
3027155,97.79453298029722
3028937,97.79453298029722
3002208,10.275947330797258
3003990,10.275947330797258
3005772,10.275947330797258
3007554,11.753105844955957
3009336,11.753105844955957
3011118,11.002541805170335
3012900,10.581978275253597
3014682,9.816269509084801
3016464,11.651394542339174
3018246,9.816269509084801
3020028,10.195542838209729
3021810,10.195542838209729
3023592,11.095945758665982
3025374,13.141484420796834
3027156,12.520151974535757
3028938,12.520151974535757
3002209,1.4796412290680179
3003991,1.4796412290680179
3005773,1.4796412290680179
3007555,2.956799743226719
3009337,2.956799743226719
3011119,2.187141435557348
3012901,1.766577905640612
3014683,1.0199634073555617
3016465,1.7385078248670907
3018247,1.0199634073555617
3020029,1.3992367364804894
3021811,1.3992367364804894
3023593,2.2805453890529948
3025375,3.2905926248109365
3027157,2.6883544464336055
3028939,2.6883544464336055
3002210,3.56935562098799
3003992,3.56935562098799
3005774,3.56935562098799
3007556,5.046514135146687
3009338,5.046514135146687
3011120,4.295950095361065
3012902,3.87538656544433
3014684,3.109677799275534
3016466,4.9448028325299065
3018248,3.109677799275534
3020030,3.4889511284004606
3021812,3.4889511284004606
3023594,4.389354048856714
3025376,6.434892710987564
3027158,5.813560264726489
3028940,5.813560264726489
3002211,3291.4887248162563
3003993,3196.269787832639
3005775,3181.6725813058597
3007557,3787.936241601178
3009339,3900.813236360717
3011121,3295.7583355352085
3012903,3147.8872358414583
3014685,3128.202509053897
3016467,3390.565987078467
3018249,3004.5383366197475
3020031,3363.776730653921
3021813,3536.668029686092
3023595,3081.438728516214
3025377,3157.328488588069
3027159,3137.408315242518
3028941,3082.896912470627
3002212,0.8883673945409521
3003994,0.8883673945409521
3005776,0.8883673945409521
3007558,2.3655259086996523
3009340,2.3655259086996523
3011122,1.595867601030283
3012904,1.175304071113547
3014686,0.4286895728284961
3016468,1.1472339903400255
3018250,0.4286895728284961
3020032,0.8079629019534239
3021814,0.8079629019534239
3023596,1.6892715545259298
3025378,2.6993187902838716
3027160,2.09708061190654
3028942,2.09708061190654
3002213,495.4314883492343
3003995,495.4314883492343
3005777,495.4314883492343
3007559,506.1401406832796
3009341,506.1401406832796
3011123,489.4984577141174
3012905,469.4974287102796
3014687,468.9636073160703
3016469,500.7699338009457
3018251,468.9636073160703
3020033,473.49589061380755
3021815,473.49589061380755
3023597,469.3744602696208
3025379,455.4384381954454
3027161,457.27713726260305
3028943,457.27713726260305
3002214,25.97673357738489
3003996,25.97673357738489
3005778,25.97673357738489
3007560,27.453892091543594
3009342,27.453892091543594
3011124,26.45328833387116
3012906,26.032724803954423
3014688,25.517055755672434
3016470,27.35218078892681
3018252,25.517055755672434
3020034,25.89632908479736
3021816,25.89632908479736
3023598,26.546692287366806
3025380,28.59223094949766
3027162,28.635955525018517
3028944,28.635955525018517
3002215,1402.3902749157971
3003997,1402.3902749157971
3005779,1402.3902749157971
3007561,1449.103290660999
3009343,1432.9392233757287
3011125,1422.2488532980908
3012907,1354.5830648829972
3014689,1354.1915912647892
3016471,1484.2871372936904
3018253,1326.0957285564734
3020035,1315.376469699049
3021817,1353.5347699026597
3023599,1337.6121850524971
3025381,1342.9470944272816
3027163,1326.497615488654
3028945,1326.497615488654
3002216,1110.0093806189375
3003998,1110.0093806189375
3005780,1110.0093806189375
3007562,1156.7223963641393
3009344,1140.558329078869
3011126,1109.6204149859745
3012908,1056.944228473941
3014690,1056.552754855733
3016472,1147.1467677066873
3018254,1036.615419975794
3020036,1025.8961611183697
3021818,1064.0544613219804
3023600,1039.182101698776
3025382,1026.6482944784068
3027164,1010.1988155397784
3028946,1010.1988155397784
3002217,515.0202023906816
3003999,515.0202023906816
3005781,515.0202023906816
3007563,525.736202225671
3009345,525.736202225671
3011127,509.0871717555643
3012909,489.0861427517265
3014691,488.5523213575172
3016473,520.3586478423927
3018255,488.5523213575172
3020037,494.7411070088108
3021819,494.7411070088108
3023601,488.9631743110677
3025383,475.02715223689233
3027165,476.86585130404995
3028947,476.86585130404995
3002218,136.61787157455407
3004000,136.61787157455407
3005782,136.61787157455407
3007564,138.3889430125246
3009346,138.3889430125246
3011128,137.9082216514506
3012910,135.4429157247871
3014692,134.90909433057777
3016474,150.31957613081826
3018256,134.90909433057777
3020038,135.58228058351455
3021820,135.58228058351455
3023602,136.7525261826824
3025384,137.9491814229649
3027166,138.17605366057407
3028948,138.17605366057407
3002219,164.82478146180338
3004001,164.82478146180338
3005783,164.82478146180338
3007565,166.59585289977392
3009347,166.59585289977392
3011129,163.904543713455
3012911,160.12489845540253
3014693,159.5910770611932
3016475,176.01362522786923
3018257,159.5910770611932
3020039,160.26426331412998
3021821,160.26426331412998
3023603,166.0260842188328
3025385,171.56668036698167
3027167,171.79355260459084
3028949,171.79355260459084
3002220,5284.007728642653
3004002,5188.788791659036
3005784,5174.191585132257
3007566,5500.55025114855
3009348,5863.228197397989
3011130,5269.380879051756
3012912,5131.240279423005
3014694,5111.555552635444
3016476,6019.525139534341
3018258,4943.388234043805
3020040,4963.274923505916
3021822,5612.415036297656
3023604,5040.35574408974
3025386,5420.371338110295
3027168,5416.3040975731565
3028950,5361.7926948012655
3002221,32.06862466641316
3004003,32.06862466641316
3005785,32.06862466641316
3007567,33.54578318057186
3009349,33.54578318057186
3011131,32.56333176882678
3012913,32.142768238910044
3014695,31.608946844700704
3016477,34.81097444081815
3018259,31.608946844700704
3020041,31.988220173825635
3021823,31.988220173825635
3023605,32.65673572232242
3025387,34.70227438445327
3027169,34.727846614046776
3028951,34.727846614046776
3002222,0.0825575958325379
3004004,0.0825575958325379
3005786,0.0825575958325379
3007568,1.559716109991238
3009350,1.559716109991238
3011132,0.7900578023218668
3012914,0.36949427240513094
3014696,-0.37712022587991895
3016478,0.5344765575860928
3018260,-0.37712022587991895
3020042,0.0021531032450085937
3021824,0.0021531032450085937
3023606,0.8834617558175136
3025388,1.8935089915754553
3027170,1.2912708131981256
3028952,1.2912708131981256
3002223,6.568085338793985
3004005,6.568085338793985
3005787,6.568085338793985
3007569,8.045243852952687
3009351,8.045243852952687
3011133,7.29467981316706
3012915,6.874116283250322
3014697,6.1084075170815275
3016479,8.136584916290385
3018261,6.1084075170815275
3020043,6.487680846206454
3021825,6.487680846206454
3023607,7.388083766662707
3025389,9.433622428793564
3027171,8.812289982532487
3028953,8.812289982532487
3002224,6.568085338793985
3004006,6.568085338793985
3005788,6.568085338793985
3007570,8.045243852952687
3009352,8.045243852952687
3011134,7.29467981316706
3012916,6.874116283250322
3014698,6.1084075170815275
3016480,8.136584916290385
3018262,6.1084075170815275
3020044,6.487680846206454
3021826,6.487680846206454
3023608,7.388083766662707
3025390,9.433622428793564
3027172,8.812289982532487
3028954,8.812289982532487
3002225,0.0825575958325379
3004007,0.0825575958325379
3005789,0.0825575958325379
3007571,1.559716109991238
3009353,1.559716109991238
3011135,0.7900578023218668
3012917,0.36949427240513094
3014699,-0.37712022587991895
3016481,0.5344765575860928
3018263,-0.37712022587991895
3020045,0.0021531032450085937
3021827,0.0021531032450085937
3023609,0.8834617558175136
3025391,1.8935089915754553
3027173,1.2912708131981256
3028955,1.2912708131981256
3002226,422.61942158767346
3004008,422.61942158767346
3005790,422.61942158767346
3007572,429.644969604362
3009354,429.644969604362
3011136,420.11332873144295
3012918,405.7096656011693
3014700,405.17584420696
3016482,432.08566277064915
3018264,405.17584420696
3020046,406.02502318734054
3021828,406.02502318734054
3023610,405.5866971605105
3025392,407.05382383916583
3027174,408.89252290632345
3028956,408.89252290632345
3002227,48.689877819314376
3004009,48.689877819314376
3005791,48.689877819314376
3007573,50.16703633347308
3009355,50.16703633347308
3011137,49.184584921727996
3012919,48.76402139181126
3014701,48.23019999760192
3016483,51.43222759371937
3018265,48.23019999760192
3020047,48.60947332672685
3021829,48.60947332672685
3023611,49.27798887522364
3025393,51.32352753735449
3027175,51.349099766947994
3028957,51.349099766947994
3002228,8.733860072205038
3004010,8.733860072205038
3005792,8.733860072205038
3007574,10.211018586363737
3009356,10.211018586363737
3011138,9.460454546578115
3012920,9.039891016661377
3014702,8.274182250492581
3016484,10.302359649701437
3018266,8.274182250492581
3020048,8.653455579617509
3021830,8.653455579617509
3023612,9.553858500073762
3025394,11.599397162204614
3027176,10.978064715943537
3028958,10.978064715943537
3002229,6.411144762976895
3004011,6.411144762976895
3005793,6.411144762976895
3007575,7.888303277135594
3009357,7.888303277135594
3011139,7.137739237349972
3012921,6.717175707433234
3014703,5.951466941264438
3016485,7.979644340473296
3018267,5.951466941264438
3020049,6.330740270389365
3021831,6.330740270389365
3023613,7.231143190845618
3025395,9.276681852976475
3027177,8.655349406715398
3028959,8.655349406715398
3002230,93.90129326599568
3004012,93.90129326599568
3005794,93.90129326599568
3007576,95.6723647039662
3009358,95.6723647039662
3011140,94.39600036840932
3012922,93.97543683849257
3014704,93.44161544428323
3016486,101.64304812925535
3018268,93.44161544428323
3020050,94.11480169721997
3021832,94.11480169721997
3023614,94.48940432190497
3025396,97.94120318496411
3027178,97.96677541455762
3028960,97.96677541455762
3002231,0.2659364075853904
3004013,0.2659364075853904
3005795,0.2659364075853904
3007577,1.9322858583868079
3009359,1.9322858583868079
3011141,0.9734366140747193
3012923,0.5528730841579829
3014705,-0.1937414141270664
3016487,0.7178553693389451
3018269,-0.1937414141270664
3020051,0.3747228516405788
3021833,0.3747228516405788
3023615,1.0668405675703663
3025397,2.0768878033283076
3027179,1.474649624950978
3028961,1.474649624950978
3002232,954.4456990832803
3004014,954.4456990832803
3005796,975.9016434372322
3007578,981.0797394633761
3009360,981.0797394633761
3011142,953.2779516850169
3012924,902.1512799495417
3014706,901.7598063313336
3016488,957.098725495095
3018270,903.2784158053463
3020052,901.8435741565927
3021834,901.8435741565927
3023616,883.6103714090755
3025398,844.1757315902919
3027180,841.6656704726474
3028962,841.6656704726474
3002233,474.26010010117596
3004015,474.26010010117596
3005797,474.26010010117596
3007579,489.6741186319939
3009361,489.6741186319939
3011143,468.3270694660591
3012925,448.3260404622213
3014707,447.79221906801195
3016489,481.70315981315844
3018271,447.79221906801195
3020053,458.67902341513394
3021835,458.67902341513394
3023617,448.20307202156243
3025399,431.5680261401739
3027181,433.40672520733153
3028963,433.40672520733153
3002234,13.037999801092685
3004016,13.037999801092685
3005798,13.037999801092685
3007580,14.7043492518941
3009362,14.7043492518941
3011144,13.76459427546576
3012926,13.344030745549022
3014708,12.578321979380227
3016490,14.606499378589081
3018272,12.578321979380227
3020054,13.146786245147872
3021836,13.146786245147872
3023618,13.857998228961407
3025400,15.90353689109226
3027182,15.282204444831184
3028964,15.282204444831184
3002235,18.12670250903481
3004017,18.12670250903481
3005799,18.12670250903481
3007581,19.79305195983623
3009363,19.79305195983623
3011145,18.853296983407887
3012927,18.43273345349115
3014709,17.667024687322353
3016491,19.695202086531214
3018273,17.667024687322353
3020055,18.235488953089998
3021837,18.235488953089998
3023619,18.946700936903532
3025401,20.992239599034388
3027183,20.785924456668436
3028965,20.785924456668436
3002236,817.9803184683485
3004018,817.9803184683485
3005800,829.7163196214789
3007582,843.6275501157974
3009364,843.6275501157974
3011146,816.130767816448
3012928,763.6030279052744
3014710,763.2115542870663
3016492,834.6376882285261
3018274,758.8658254857529
3020056,763.1448843187255
3021838,763.1448843187255
3023620,748.9177242903037
3025402,718.2512132020512
3027184,709.7428972895596
3028966,709.7428972895596
3002237,129.05321100643357
3004019,129.05321100643357
3005801,129.05321100643357
3007583,130.8242824444041
3009365,130.8242824444041
3011147,129.54791810884714
3012929,129.1273545789304
3014711,128.59353318472108
3016493,138.2438366588749
3018275,128.59353318472108
3020057,129.26671943765785
3021839,129.26671943765785
3023621,129.64132206234277
3025403,133.5432800867955
3027185,133.77015232440468
3028967,133.77015232440468
3002238,1900.7828952694647
3004020,1805.563958285847
3005802,1790.9667517590678
3007584,2146.2310588560717
3009366,2449.8731769013957
3011148,1803.0311389697113
3012930,1725.209653844518
3014712,1798.2440731059476
3016494,2079.7359936039693
3018276,1662.9042313121179
3020058,1803.0268205460168
3021840,2742.7354861343865
3023622,2598.4052161196255
3025404,2512.5003727849366
3027186,2522.618624269834
3028968,2427.3996872862167
3002239,7.465865083353497
3004021,7.465865083353497
3005803,7.465865083353497
3007585,9.132214534154917
3009367,9.132214534154917
3011149,8.192459557726577
3012931,7.771896027809836
3014713,7.00618726164104
3016495,9.0343646608499
3018277,7.00618726164104
3020059,7.574651527408682
3021841,7.574651527408682
3023623,8.285863511222225
3025405,10.331402173353077
3027187,9.710069727092
3028969,9.710069727092
3002240,36.72693205108825
3004022,36.72693205108825
3005804,36.72693205108825
3007586,38.39328150188967
3009368,38.39328150188967
3011150,37.22163915350187
3012932,36.801075623585135
3014714,36.267254229375794
3016496,39.46928182549324
3018278,36.267254229375794
3020060,36.83571849514344
3021842,36.83571849514344
3023624,37.315043106997514
3025406,39.36058176912836
3027188,39.386153998721866
3028970,39.386153998721866
3002241,5.918631731159047
3004023,5.918631731159047
3005805,5.918631731159047
3007587,7.395790245317746
3009369,7.395790245317746
3011151,6.645226205532125
3012933,6.224662675615386
3014715,5.458953909446589
3016497,7.294078942700963
3018279,5.458953909446589
3020061,5.838227238571516
3021843,5.838227238571516
3023625,6.73863015902777
3025407,8.784168821158625
3027189,8.162836374897545
3028971,8.162836374897545
3002242,1.4796412290680179
3004024,1.4796412290680179
3005806,1.4796412290680179
3007588,2.956799743226719
3009370,2.956799743226719
3011152,2.187141435557348
3012934,1.766577905640612
3014716,1.0199634073555617
3016498,1.7385078248670907
3018280,1.0199634073555617
3020062,1.3992367364804894
3021844,1.3992367364804894
3023626,2.2805453890529948
3025408,3.2905926248109365
3027190,2.6883544464336055
3028972,2.6883544464336055
3002243,4.968208715088535
3004025,4.968208715088535
3005807,4.968208715088535
3007589,6.445367229247235
3009371,6.445367229247235
3011153,5.694803189461608
3012935,5.274239659544869
3014717,4.508530893376079
3016499,6.3436559266304515
3018281,4.508530893376079
3020063,4.887804222501004
3021845,4.887804222501004
3023627,5.788207142957253
3025409,7.833745805088104
3027191,7.212413358827034
3028973,7.212413358827034
3002244,3626.98663105963
3004026,3484.305822040792
3005808,3518.4697575700457
3007590,5575.040394479861
3009372,5674.214616307328
3011154,3665.21180618779
3012936,3468.3893582596975
3014718,3448.704631472136
3016500,4208.1675491770275
3018282,3281.8365829013087
3020064,5019.6124969827815
3021846,5390.642984362238
3023628,3419.958080315631
3025410,3603.2772819502993
3027192,3568.7801429645033
3028974,3466.806868157392
3002245,0.8883673945409521
3004027,0.8883673945409521
3005809,0.8883673945409521
3007591,2.3655259086996523
3009373,2.3655259086996523
3011155,1.595867601030283
3012937,1.175304071113547
3014719,0.4286895728284961
3016501,1.1472339903400255
3018283,0.4286895728284961
3020065,0.8079629019534239
3021847,0.8079629019534239
3023629,1.6892715545259298
3025411,2.6993187902838716
3027193,2.09708061190654
3028975,2.09708061190654
3002246,693.8313433763844
3004028,693.8313433763844
3005810,693.8313433763844
3007592,704.2639159812462
3009374,704.2639159812462
3011156,687.7559649652663
3012938,662.496993849232
3014720,662.1055202310239
3016502,703.1746146493767
3018284,655.0837095214436
3020066,655.8841104649595
3021848,655.8841104649595
3023630,649.4331923718696
3025412,631.893386412659
3027194,633.8744332558178
3028976,633.8744332558178
3002247,36.621363135487435
3004029,36.621363135487435
3005811,36.621363135487435
3007593,38.09852164964614
3009375,38.09852164964614
3011157,37.116070237901056
3012939,36.69550670798432
3014721,36.16168531377498
3016503,39.36371290989243
3018285,36.16168531377498
3020067,36.54095864289991
3021849,36.54095864289991
3023631,37.2094741913967
3025413,39.255012853527546
3027195,39.28058508312105
3028977,39.28058508312105
3002248,1735.7662531062444
3004030,1721.4255315310072
3005812,1721.4255315310072
3007594,1842.4295829595846
3009376,1826.2655156743144
3011158,1755.6248314885381
3012940,1678.0066077374215
3014722,1677.6151341192135
3016504,1818.1321969036676
3018286,1626.519058161397
3020068,1668.5048435744561
3021850,1706.6631437780668
3023632,1661.295313647297
3025414,1681.8069088613724
3027196,1665.3574299227448
3028978,1651.0167083475076
3002249,1493.9037327231565
3004031,1479.5630111479193
3005813,1479.5630111479193
3007595,1548.6565448559222
3009377,1532.492477570652
3011159,1513.7623111054502
3012941,1428.615959173424
3014723,1428.224485555216
3016505,1610.3825525857735
3018287,1392.8097119812435
3020069,1382.8849796737281
3021851,1421.0432798773388
3023633,1418.6668900525044
3025415,1456.716893607773
3027197,1440.2674146691454
3028979,1425.9266930939082
3002250,379.6948238420736
3004032,379.6948238420736
3005814,379.6948238420736
3007596,386.7203718587622
3009378,386.7203718587622
3011160,377.1887309858431
3012942,362.7850678555695
3014724,362.25124646136015
3016506,389.1610650250493
3018288,362.25124646136015
3020070,363.10042544174064
3021852,363.10042544174064
3023634,362.66209941491064
3025416,364.129226093566
3027198,365.9679251607236
3028980,365.9679251607236
3002251,268.08036960159734
3004033,268.08036960159734
3005815,268.08036960159734
3007597,269.8514410395679
3009379,269.8514410395679
3011161,267.228346754963
3012943,260.34527761106705
3014725,259.8114562168577
3016507,273.94035704508616
3018289,259.8114562168577
3020071,260.4846424697945
3021853,260.4846424697945
3023635,261.6548880689624
3025417,260.02215421837997
3027199,260.4208737548104
3028981,260.4208737548104
3002252,228.43108069958998
3004034,228.43108069958998
3005816,228.43108069958998
3007598,230.20215213756052
3009380,230.20215213756052
3011162,227.5108429512416
3012944,220.6277738073457
3014726,220.09395241313638
3016508,234.76649135241027
3018290,220.09395241313638
3020072,220.76713866607315
3021854,220.76713866607315
3023636,226.52895957077598
3025418,232.06955571892485
3027200,232.46827525535528
3028982,232.46827525535528
3002253,5755.27600939248
3004035,5643.239083575458
3005817,5628.641877048679
3007599,6269.831126119392
3009381,6632.509072368831
3011163,5793.354637747882
3012945,5590.871544568226
3014727,5571.1868177806655
3016509,6744.848163358281
3018291,5386.201510355621
3020073,5665.550720034941
3021855,6300.08493183637
3023637,5552.692487181262
3025419,5815.458260808091
3027201,5811.391020270952
3028983,5740.061628665656
3002254,64.91969328018291
3004036,64.91969328018291
3005818,64.91969328018291
3007600,66.39685179434161
3009382,66.39685179434161
3011164,65.41440038259655
3012946,64.9938368526798
3014728,64.46001545847047
3016510,70.3925190468827
3018292,64.46001545847047
3020074,64.8392887875954
3021856,64.8392887875954
3023638,65.5078043360922
3025420,67.55334299822304
3027202,67.57891522781655
3028984,67.57891522781655
3002255,0.0825575958325379
3004037,0.0825575958325379
3005819,0.0825575958325379
3007601,1.559716109991238
3009383,1.559716109991238
3011165,0.7900578023218668
3012947,0.36949427240513094
3014729,-0.37712022587991895
3016511,0.5344765575860928
3018293,-0.37712022587991895
3020075,0.0021531032450085937
3021857,0.0021531032450085937
3023639,0.8834617558175136
3025421,1.8935089915754553
3027203,1.2912708131981256
3028985,1.2912708131981256
3002256,16.38327438965704
3004038,16.38327438965704
3005820,16.38327438965704
3007602,17.86043290381574
3009384,17.86043290381574
3011166,17.109868864030116
3012948,16.689305334113378
3014730,15.923596567944584
3016512,17.951773967153443
3018294,15.923596567944584
3020076,16.30286989706951
3021858,16.30286989706951
3023640,17.20327281752576
3025422,19.248811479656617
3027204,19.042496337290665
3028986,19.042496337290665
3002257,19.14817930865466
3004039,19.14817930865466
3005821,19.14817930865466
3007603,20.625337822813364
3009385,20.625337822813364
3011167,19.874773783027738
3012949,19.454210253111
3014731,18.688501486942204
3016513,20.716678886151065
3018295,18.688501486942204
3020077,19.067774816067132
3021859,19.067774816067132
3023641,19.968177736523383
3025423,22.01371639865424
3027205,21.807401256288287
3028987,21.807401256288287
3002258,2.48830529489811
3004040,2.48830529489811
3005822,2.48830529489811
3007604,3.9654638090568084
3009386,3.9654638090568084
3011168,3.2148997692711836
3012950,2.7943362393544477
3014732,2.0286274731856535
3016514,4.05680487239451
3018296,2.0286274731856535
3020078,2.407900802310581
3021860,2.407900802310581
3023642,3.3083037227668304
3025424,5.353842384897684
3027206,4.732509938636609
3028988,4.732509938636609
3002259,466.18782957874953
3004041,466.18782957874953
3005823,466.18782957874953
3007605,476.8964819127948
3009387,476.8964819127948
3011169,460.25479894363264
3012951,440.25376993979484
3014733,439.7199485455855
3016515,471.5262750304609
3018297,439.7199485455855
3020079,444.2522318433227
3021861,444.2522318433227
3023643,440.130801499136
3025425,426.19477942496064
3027207,428.03347849211826
3028989,428.03347849211826
3002260,9.93296886338448
3004042,9.93296886338448
3005824,9.93296886338448
3007606,11.410127377543178
3009388,11.410127377543178
3011170,10.659563337757557
3012952,10.23899980784082
3014734,9.473291041672022
3016516,11.501468440880878
3018298,9.473291041672022
3020080,9.85256437079695
3021862,9.85256437079695
3023644,10.752967291253205
3025426,12.798505953384057
3027208,12.177173507122978
3028990,12.177173507122978
3002261,16.38327438965704
3004043,16.38327438965704
3005825,16.38327438965704
3007607,17.86043290381574
3009389,17.86043290381574
3011171,17.109868864030116
3012953,16.689305334113378
3014735,15.923596567944584
3016517,17.951773967153443
3018299,15.923596567944584
3020081,16.30286989706951
3021863,16.30286989706951
3023645,17.20327281752576
3025427,19.248811479656617
3027209,19.042496337290665
3028991,19.042496337290665
3002262,2.48830529489811
3004044,2.48830529489811
3005826,2.48830529489811
3007608,3.9654638090568084
3009390,3.9654638090568084
3011172,3.2148997692711836
3012954,2.7943362393544477
3014736,2.0286274731856535
3016518,4.05680487239451
3018300,2.0286274731856535
3020082,2.407900802310581
3021864,2.407900802310581
3023646,3.3083037227668304
3025428,5.353842384897684
3027210,4.732509938636609
3028992,4.732509938636609
3002263,80.10668382581616
3004045,80.10668382581616
3005827,80.10668382581616
3007609,81.87775526378668
3009391,81.87775526378668
3011173,80.6013909282298
3012955,80.18082739831306
3014737,79.64700600410372
3016519,87.30480057803038
3018301,79.64700600410372
3020083,80.32019225704046
3021865,80.32019225704046
3023647,80.69479488172546
3025429,82.7403335438563
3027211,82.7659057734498
3028993,82.7659057734498
3002264,2.085593938355526
3004046,2.085593938355526
3005828,2.085593938355526
3007610,3.7519433891569434
3009392,3.7519433891569434
3011174,2.793094144844858
3012956,2.372530614928122
3014738,1.6259161166430693
3016520,3.033485325044057
3018302,1.6259161166430693
3020084,2.1943803824107144
3021866,2.1943803824107144
3023648,2.8864980983405046
3025430,4.3666439407969255
3027212,3.7644057624195963
3028994,3.7644057624195963
3002265,596.3535624482463
3004047,596.3535624482463
3005829,596.3535624482463
3007611,606.7861350531081
3009393,606.7861350531081
3011175,590.2781840371282
3012957,570.2771550332903
3014739,569.8856814150822
3016521,610.9547758334351
3018303,569.8856814150822
3020085,570.6860823585981
3021867,570.6860823585981
3023649,564.2351642655083
3025431,550.2991421913325
3027213,552.2801890344914
3028995,552.2801890344914
3002266,469.5767041838263
3004048,469.5767041838263
3005830,469.5767041838263
3007612,484.98337521369996
3009394,484.98337521369996
3011176,463.6436735487094
3012958,443.6426445448716
3014740,443.10882315066226
3016522,477.01976389580875
3018304,443.10882315066226
3020086,452.3391251442279
3021868,452.3391251442279
3023650,443.51967610421275
3025432,426.8846302228242
3027214,428.72332928998185
3028996,428.72332928998185
3002267,18.12670250903481
3004049,18.12670250903481
3005831,18.12670250903481
3007613,19.79305195983623
3009395,19.79305195983623
3011177,18.853296983407887
3012959,18.43273345349115
3014741,17.667024687322353
3016523,19.695202086531214
3018305,17.667024687322353
3020087,18.235488953089998
3021869,18.235488953089998
3023651,18.946700936903532
3025433,20.992239599034388
3027215,20.785924456668436
3028997,20.785924456668436
3002268,18.12670250903481
3004050,18.12670250903481
3005832,18.12670250903481
3007614,19.79305195983623
3009396,19.79305195983623
3011178,18.853296983407887
3012960,18.43273345349115
3014742,17.667024687322353
3016524,19.695202086531214
3018306,17.667024687322353
3020088,18.235488953089998
3021870,18.235488953089998
3023652,18.946700936903532
3025434,20.992239599034388
3027216,20.785924456668436
3028998,20.785924456668436
3002269,841.6124036476194
3004051,841.6124036476194
3005833,853.3484048007498
3007615,867.2596352950683
3009397,867.2596352950683
3011179,839.762852995719
3012961,787.2351130845453
3014743,786.8436394663372
3016525,858.2697734077971
3018307,782.4979106650238
3020089,786.7769694979964
3021871,786.7769694979964
3023653,772.5498094695746
3025435,741.8832983813221
3027217,733.3749824688305
3028999,733.3749824688305
3002270,264.7440812370756
3004052,264.7440812370756
3005834,264.7440812370756
3007616,266.5151526750461
3009398,266.5151526750461
3011180,263.89205839044126
3012962,257.00898924654535
3014744,256.4751678523361
3016526,270.60406868056435
3018308,256.4751678523361
3020090,257.1483541052728
3021872,257.1483541052728
3023654,258.3185997044407
3025436,256.6858658538584
3027218,257.0845853902887
3029000,257.0845853902887
3002271,5082.650256990939
3004053,4970.613331173917
3005835,4956.016124647138
3007617,5989.682024300649
3009399,6283.7652934903035
3011181,5072.883551439538
3012963,4990.004931200939
3014745,5043.746097293016
3016527,6298.988304442066
3018309,4846.033532878928
3020091,5583.3123646380045
3021873,6332.093310364936
3023655,5217.608675933606
3025437,5489.84524620915
3027219,5485.778005672011
3029001,5498.095379615788
3002272,3.0252281738481663
3004054,3.0252281738481663
3005836,3.0252281738481663
3007618,4.691577624649585
3009400,4.691577624649585
3011182,3.7518226482212444
3012964,3.3312591183045046
3014746,2.56555035213571
3016528,4.5937277513445665
3018310,2.56555035213571
3020092,3.1340146179033543
3021874,3.1340146179033543
3023656,3.8452266017168895
3025438,5.89076526384774
3027220,5.269432817586666
3029002,5.269432817586666
3002273,89.66654948051895
3004055,89.66654948051895
3005837,89.66654948051895
3007619,91.43762091848947
3009401,91.43762091848947
3011183,90.1612565829326
3012965,89.74069305301585
3014747,89.2068716588065
3016529,97.40830434377864
3018311,89.2068716588065
3020093,89.88005791174325
3021875,89.88005791174325
3023657,90.25466053642825
3025439,93.70645939948739
3027221,93.7320316290809
3029003,93.7320316290809
3002274,6.754123230389664
3004056,6.754123230389664
3005838,6.754123230389664
3007620,8.231281744548365
3009402,8.231281744548365
3011184,7.480717704762743
3012966,7.060154174846004
3014748,6.294445408677206
3016530,8.129570441931582
3018312,6.294445408677206
3020094,6.673718737802133
3021876,6.673718737802133
3023658,7.574121658258388
3025440,9.619660320389245
3027222,8.998327874128167
3029004,8.998327874128167
3002275,1.4796412290680179
3004057,1.4796412290680179
3005839,1.4796412290680179
3007621,2.956799743226719
3009403,2.956799743226719
3011185,2.187141435557348
3012967,1.766577905640612
3014749,1.0199634073555617
3016531,1.7385078248670907
3018313,1.0199634073555617
3020095,1.3992367364804894
3021877,1.3992367364804894
3023659,2.2805453890529948
3025441,3.2905926248109365
3027223,2.6883544464336055
3029005,2.6883544464336055
3002276,4.968208715088535
3004058,4.968208715088535
3005840,4.968208715088535
3007622,6.445367229247235
3009404,6.445367229247235
3011186,5.694803189461608
3012968,5.274239659544869
3014750,4.508530893376079
3016532,6.3436559266304515
3018314,4.508530893376079
3020096,4.887804222501004
3021878,4.887804222501004
3023660,5.788207142957253
3025442,7.833745805088104
3027224,7.212413358827034
3029006,7.212413358827034
3002277,2555.0599826490916
3004059,2496.575443778167
3005841,2496.575443778167
3007623,2821.8503915540755
3009405,2884.3648521308696
3011187,2551.700474422797
3012969,2491.532518529707
3014751,2491.1410449114987
3016533,2608.184346959175
3018315,2379.6200770600035
3020097,2526.482891199711
3021879,2665.2048537517676
3023661,2453.44226969549
3025443,2405.4641005092985
3027225,2381.493882105021
3029007,2323.0093432340964
3002278,0.8883673945409521
3004060,0.8883673945409521
3005842,0.8883673945409521
3007624,2.3655259086996523
3009406,2.3655259086996523
3011188,1.595867601030283
3012970,1.175304071113547
3014752,0.4286895728284961
3016534,1.1472339903400255
3018316,0.4286895728284961
3020098,0.8079629019534239
3021880,0.8079629019534239
3023662,1.6892715545259298
3025444,2.6993187902838716
3027226,2.09708061190654
3029008,2.09708061190654
3002279,453.1564235142244
3004061,453.1564235142244
3005843,453.1564235142244
3007625,460.18197153091296
3009407,460.18197153091296
3011189,450.6503306579939
3012971,436.24666752772026
3014753,435.71284613351094
3016535,462.6226646972001
3018317,435.71284613351094
3020099,436.5620251138914
3021881,436.5620251138914
3023663,436.1236990870614
3025445,425.8983567187165
3027227,427.73705578587413
3029009,427.73705578587413
3002280,58.91002437760124
3004062,58.91002437760124
3005844,58.91002437760124
3007626,60.38718289175994
3009408,60.38718289175994
3011190,59.40473148001486
3012972,58.984167950098126
3014754,58.450346555888785
3016536,62.66482731545543
3018318,58.450346555888785
3020100,58.82961988501371
3021882,58.82961988501371
3023664,59.498135433510505
3025446,61.54367409564135
3027228,61.56924632523486
3029010,61.56924632523486
3002281,1311.8743809869864
3004063,1311.8743809869864
3005845,1311.8743809869864
3007627,1358.5873967321882
3009409,1342.423329446918
3011191,1331.73295936928
3012973,1264.0671709541864
3014755,1263.6756973359784
3016537,1379.5446733505596
3018319,1235.5798346276626
3020101,1224.8605757702383
3021883,1263.018875973849
3023665,1247.0962911236863
3025447,1236.9684614921068
3027229,1220.5189825534792
3029011,1220.5189825534792
3002282,862.5147253731858
3004064,862.5147253731858
3005846,862.5147253731858
3007628,872.9472979780476
3009410,872.9472979780476
3011192,860.6651747212853
3012974,816.0274058935868
3014756,815.6359322753787
3016538,884.9574519565674
3018320,799.5542023209349
3020102,800.3546032644508
3021884,800.3546032644508
3023666,801.342102278616
3025448,776.4157776114048
3027230,767.9074616989132
3029012,767.9074616989132
3002283,401.54904112707214
3004065,401.54904112707214
3005847,401.54904112707214
3007629,408.5745891437607
3009411,408.5745891437607
3011193,399.04294827084163
3012975,384.639285140568
3014757,384.1054637463587
3016539,411.01528231004784
3018321,384.1054637463587
3020103,384.95464272673917
3021885,384.95464272673917
3023667,384.51631669990917
3025449,385.9834433785645
3027231,387.82214244572214
3029013,387.82214244572214
3002284,102.08643165128343
3004066,102.08643165128343
3005848,102.08643165128343
3007630,103.85750308925395
3009412,103.85750308925395
3011194,102.58113875369708
3012976,102.16057522378033
3014758,101.62675382957099
3016540,110.32228248582226
3018322,101.62675382957099
3020104,102.29994008250773
3021886,102.29994008250773
3023668,102.67454270719273
3025450,106.12634157025187
3027232,106.15191379984537
3029014,106.15191379984537
3002285,127.97452370481977
3004067,127.97452370481977
3005849,127.97452370481977
3007631,129.74559514279034
3009413,129.74559514279034
3011195,126.25864298198853
3012977,125.83807945207182
3014759,125.3042580578625
3016541,134.95456153201624
3018323,125.3042580578625
3020105,125.97744431079927
3021887,125.97744431079927
3023669,130.94362224101909
3025451,134.84558026547182
3027233,135.072452503081
3029015,135.072452503081
3002286,4553.808361878895
3004068,4429.361053981748
3005850,4414.763847454969
3007632,4783.3146228509895
3009414,5072.471004060442
3011196,4538.801549624351
3012978,4387.136369474135
3014760,4367.451642686574
3016542,4961.852809142268
3018324,4189.487335441422
3020106,4251.566134283261
3021888,4827.184682035015
3023670,4315.30325373724
3025452,4607.871836567977
3027234,4603.804596030838
3029016,4520.064822345417
3002287,22.04379623478741
3004069,22.04379623478741
3005851,22.04379623478741
3007633,23.520954748946114
3009415,23.520954748946114
3011197,22.520350991273688
3012979,22.09978746135695
3014761,21.584118413074954
3016543,23.612295812283815
3018325,21.584118413074954
3020107,21.96339174219988
3021889,21.96339174219988
3023671,22.613754944769333
3025453,24.65929360690019
3027235,24.703018182421037
3029017,24.703018182421037
3002288,2.48830529489811
3004070,2.48830529489811
3005852,2.48830529489811
3007634,3.9654638090568084
3009416,3.9654638090568084
3011198,3.2148997692711836
3012980,2.7943362393544477
3014762,2.0286274731856535
3016544,4.05680487239451
3018326,2.0286274731856535
3020108,2.407900802310581
3021890,2.407900802310581
3023672,3.3083037227668304
3025454,5.353842384897684
3027236,4.732509938636609
3029018,4.732509938636609
3002289,24.064390454310477
3004071,24.064390454310477
3005853,24.064390454310477
3007635,25.54154896846918
3009417,25.54154896846918
3011199,24.540945210796746
3012981,24.12038168088001
3014763,23.60471263259802
3016545,25.63289003180688
3018327,23.60471263259802
3020109,23.983985961722947
3021891,23.983985961722947
3023673,24.63434916429239
3025455,26.679887826423247
3027237,26.723612401944102
3029019,26.723612401944102
3002290,11.494893754962511
3004072,11.494893754962511
3005854,11.494893754962511
3007636,12.97205226912121
3009418,12.97205226912121
3011200,12.221488229335588
3012982,11.80092469941885
3014764,11.035215933250054
3016546,13.063393332458908
3018328,11.035215933250054
3020110,11.414489262374982
3021892,11.414489262374982
3023674,12.314892182831235
3025456,14.360430844962087
3027238,13.73909839870101
3029020,13.73909839870101
3002291,1.902215126602673
3004073,1.902215126602673
3005855,1.902215126602673
3007637,3.379373640761373
3009419,3.379373640761373
3011201,2.609715333092005
3012983,2.1891518031752693
3014765,1.4425373048902166
3016547,2.8501065132912045
3018329,1.4425373048902166
3020111,1.8218106340151439
3021893,1.8218106340151439
3023675,2.703119286587652
3025457,4.1832651290440745
3027239,3.5810269506667436
3029021,3.5810269506667436
3002292,395.7600371497
3004074,395.7600371497
3005856,395.7600371497
3007638,402.78558516638856
3009420,402.78558516638856
3011202,393.2539442934695
3012984,378.85028116319586
3014766,378.31645976898653
3016548,405.2262783326757
3018330,378.31645976898653
3020112,379.165638749367
3021894,379.165638749367
3023676,378.727312722537
3025458,380.19443940119237
3027240,382.03313846835
3029022,382.03313846835
3002293,16.38327438965704
3004075,16.38327438965704
3005857,16.38327438965704
3007639,17.86043290381574
3009421,17.86043290381574
3011203,17.109868864030116
3012985,16.689305334113378
3014767,15.923596567944584
3016549,17.951773967153443
3018331,15.923596567944584
3020113,16.30286989706951
3021895,16.30286989706951
3023677,17.20327281752576
3025459,19.248811479656617
3027241,19.042496337290665
3029023,19.042496337290665
3002294,0.0825575958325379
3004076,0.0825575958325379
3005858,0.0825575958325379
3007640,1.559716109991238
3009422,1.559716109991238
3011204,0.7900578023218668
3012986,0.36949427240513094
3014768,-0.37712022587991895
3016550,0.5344765575860928
3018332,-0.37712022587991895
3020114,0.0021531032450085937
3021896,0.0021531032450085937
3023678,0.8834617558175136
3025460,1.8935089915754553
3027242,1.2912708131981256
3029024,1.2912708131981256
3002295,2.48830529489811
3004077,2.48830529489811
3005859,2.48830529489811
3007641,3.9654638090568084
3009423,3.9654638090568084
3011205,3.2148997692711836
3012987,2.7943362393544477
3014769,2.0286274731856535
3016551,4.05680487239451
3018333,2.0286274731856535
3020115,2.407900802310581
3021897,2.407900802310581
3023679,3.3083037227668304
3025461,5.353842384897684
3027243,4.732509938636609
3029025,4.732509938636609
3002296,46.34931208033418
3004078,46.34931208033418
3005860,46.34931208033418
3007642,48.0156615311356
3009424,48.0156615311356
3011206,46.8440191827478
3012988,46.423455652831066
3014770,45.889634258621726
3016552,49.09166185473917
3018334,45.889634258621726
3020116,46.45809852438937
3021898,46.45809852438937
3023680,46.937423136243446
3025462,48.98296179837429
3027244,49.0085340279678
3029026,49.0085340279678
3002297,0.2659364075853904
3004079,0.2659364075853904
3005861,0.2659364075853904
3007643,1.9322858583868079
3009425,1.9322858583868079
3011207,0.9734366140747193
3012989,0.5528730841579829
3014771,-0.1937414141270664
3016553,0.7178553693389451
3018335,-0.1937414141270664
3020117,0.3747228516405788
3021899,0.3747228516405788
3023681,1.0668405675703663
3025463,2.0768878033283076
3027245,1.474649624950978
3029027,1.474649624950978
3002298,717.3861388982112
3004080,717.3861388982112
3005862,717.3861388982112
3007644,727.818711503073
3009426,727.818711503073
3011208,713.4531334106241
3012990,675.7176315415329
3014772,675.3261579233248
3016554,725.8543900513117
3018336,668.3043472137444
3020118,669.1047481572604
3021900,669.1047481572604
3023682,662.6538300641705
3025464,645.1409074817215
3027246,647.1219543248803
3029028,647.1219543248803
3002299,357.2455549114312
3004081,357.2455549114312
3005863,357.2455549114312
3007645,366.37571718839087
3009427,366.37571718839087
3011209,354.7394620552007
3012991,340.3357989249271
3014773,339.80197753071775
3016555,368.816410354678
3018337,339.80197753071775
3020119,342.7557707713693
3021901,342.7557707713693
3023683,340.21283048426824
3025465,338.9809333557104
3027247,340.81963242286804
3029029,340.81963242286804
3002300,10.2769661183352
3004082,10.2769661183352
3005864,10.2769661183352
3007646,11.943315569136615
3009428,11.943315569136615
3011210,11.003560592708277
3012992,10.58299706279154
3014774,9.817288296622742
3016556,11.845465695831596
3018338,9.817288296622742
3020120,10.385752562390387
3021902,10.385752562390387
3023684,11.096964546203925
3025466,13.142503208334777
3027248,12.521170762073698
3029030,12.521170762073698
3002301,25.807818573688248
3004083,25.807818573688248
3005865,25.807818573688248
3007647,27.474168024489668
3009429,27.474168024489668
3011211,26.284373330174517
3012993,25.86380980025778
3014775,25.34814075197579
3016557,27.376318151184652
3018339,25.34814075197579
3020121,25.916605017743436
3021903,25.916605017743436
3023685,26.377777283670163
3025467,28.42331594580102
3027249,28.467040521321874
3029031,28.467040521321874
3002302,601.7052924432503
3004084,601.7052924432503
3005866,601.7052924432503
3007648,615.6165229375688
3009430,615.6165229375688
3011212,595.6299140321322
3012994,575.6288850282943
3014776,575.2374114100862
3016558,618.4111200887102
3018340,575.2374114100862
3020122,579.5164702430588
3021904,579.5164702430588
3023686,569.5868942605123
3025468,552.9518483791234
3027250,554.9328952222822
3029032,554.9328952222822
3002303,110.52106815028122
3004085,110.52106815028122
3005867,110.52106815028122
3007649,112.29213958825174
3009431,112.29213958825174
3011213,111.01577525269487
3012995,110.59521172277812
3014777,110.06139032856878
3016559,118.7569189848201
3018341,110.06139032856878
3020123,110.73457658150552
3021905,110.73457658150552
3023687,111.10917920619052
3025469,114.56097806924966
3027251,114.7878503068588
3029033,114.7878503068588
3002304,1598.2044518734447
3004086,1716.116457201527
3005868,1977.31729617062
3007650,2057.6832109061156
3009432,2118.247548965718
3011214,1594.8449436471499
3012996,1510.8164854652655
3014778,1510.4250118470575
3016560,1761.4177820313173
3018342,1852.7825017616535
3020124,1854.1301504816308
3021906,1969.0168560301138
3023688,1496.445728336295
3025470,1538.0440898550803
3027252,1531.1717950889183
3029034,1649.0838004170007
3002305,5.528303556357747
3004087,5.528303556357747
3005869,5.528303556357747
3007651,7.194653007159165
3009433,7.194653007159165
3011215,6.254898030730824
3012997,5.8343345008140854
3014779,5.068625734645289
3016561,7.096803133854146
3018343,5.068625734645289
3020125,5.637090000412934
3021907,5.637090000412934
3023689,6.348301984226469
3025471,8.393840646357326
3027253,7.7725082000962455
3029035,7.7725082000962455
3002306,22.441876277240887
3004088,22.441876277240887
3005870,22.441876277240887
3007652,24.108225728042306
3009434,24.108225728042306
3011216,22.918431033727163
3012998,22.497867503810426
3014780,21.98219845552843
3016562,24.01037585473729
3018344,21.98219845552843
3020126,22.550662721296074
3021908,22.550662721296074
3023690,23.01183498722281
3025472,25.057373649353664
3027254,25.101098224874512
3029036,25.101098224874512
3002307,5.937822255929705
3004089,5.937822255929705
3005871,5.937822255929705
3007653,7.4149807700884045
3009435,7.4149807700884045
3011217,6.664416730302784
3012999,6.243853200386045
3014781,5.478144434217247
3016563,7.313269467471622
3018345,5.478144434217247
3020127,5.857417763342174
3021909,5.857417763342174
3023691,6.757820683798429
3025473,8.803359345929286
3027255,8.182026899668205
3029037,8.182026899668205
3002308,0.663340254608059
3004090,0.663340254608059
3005872,0.663340254608059
3007654,2.14049876876676
3009436,2.14049876876676
3011218,1.3708404610973888
3013000,0.9502769311806523
3014782,0.20366243289560226
3016564,0.9222068504071311
3018346,0.20366243289560226
3020128,0.5829357620205299
3021910,0.5829357620205299
3023692,1.4642444145930353
3025474,2.4742916503509766
3027256,1.8720534719736468
3029038,1.8720534719736468
3002309,6.094762831746794
3004091,6.094762831746794
3005873,6.094762831746794
3007655,7.571921345905494
3009437,7.571921345905494
3011219,6.8213573061198725
3013001,6.400793776203134
3014783,5.635085010034337
3016565,7.470210043288711
3018347,5.635085010034337
3020129,6.014358339159264
3021911,6.014358339159264
3023693,6.914761259615518
3025475,8.960299921746373
3027257,8.338967475485296
3029039,8.338967475485296
3002310,3695.2140745904276
3004092,3553.9487778598755
3005874,3539.3515713330958
3007656,5159.445718829099
3009438,5258.619940656566
3011220,3776.806496527251
3013002,3548.2538173951
3014784,3528.5690906075392
3016566,4268.9365334876275
3018348,3331.6880744963205
3020130,4645.310245438144
3021912,5030.946633807912
3023694,3525.8625061089165
3025476,3670.5179528400627
3027258,3636.020813854267
3029040,3535.463051335441
3002311,0.07206642008099352
3004093,0.07206642008099352
3005875,0.07206642008099352
3007657,1.5492249342396944
3009439,1.5492249342396944
3011221,0.7795666265703235
3013003,0.3590030966535877
3014785,-0.387611401631463
3016567,0.330933015880066
3018349,-0.387611401631463
3020131,-0.00833807250653517
3021913,-0.00833807250653517
3023695,0.8729705800659705
3025477,1.8830178158239121
3027259,1.2807796374465814
3029041,1.2807796374465814
3002312,708.6653623497881
3004094,708.6653623497881
3005876,708.6653623497881
3007658,719.0979349546499
3009440,719.0979349546499
3011222,702.58998393867
3013004,677.3310128226357
3014786,676.9395392044275
3016568,718.0086336227804
3018350,669.9177284948472
3020132,670.7181294383631
3021914,670.7181294383631
3023696,664.2672113452733
3025478,646.7274053860626
3027260,648.7084522292215
3029042,648.7084522292215
3002313,43.65919540571205
3004095,43.65919540571205
3005877,43.65919540571205
3007659,45.13635391987075
3009441,45.13635391987075
3011223,44.15390250812567
3013005,43.733338978208934
3014787,43.199517583999594
3016569,46.40154518011704
3018351,43.199517583999594
3020133,43.57879091312452
3021915,43.57879091312452
3023697,44.247306461621314
3025479,46.29284512375216
3027261,46.318417353345666
3029043,46.318417353345666
3002314,1270.034541285131
3004096,1270.034541285131
3005878,1270.034541285131
3007660,1316.7475570303327
3009442,1300.5834897450625
3011224,1275.8764964798727
3013006,1216.9693891401344
3014788,1216.5779155219263
3016570,1311.0298550647306
3018352,1188.4820528136106
3020134,1177.7627939561862
3021916,1215.921094159797
3023698,1185.9818861220824
3025480,1187.6969885770902
3027262,1171.2475096384626
3029044,1171.2475096384626
3002315,1561.3404022703546
3004097,1546.9996806951174
3005879,1546.9996806951174
3007661,1647.7525402266467
3009443,1631.5884729413765
3011225,1567.1823574650964
3013007,1509.533978592423
3014789,1509.142504974215
3016571,1674.3476056229858
3018353,1458.0464290163984
3020135,1479.7810225324095
3021917,1517.9393227360201
3023699,1469.8869839001075
3025481,1504.4152023017348
3027263,1487.9657233631071
3029045,1473.62500178787
3002316,250.47152964171474
3004098,250.47152964171474
3005880,250.47152964171474
3007662,252.24260107968527
3009444,252.24260107968527
3011226,249.61950679508035
3013008,242.73643765118445
3014790,242.20261625697512
3016572,256.3315170852034
3018354,242.20261625697512
3020136,242.8758025099119
3021918,242.8758025099119
3023700,244.04604810907975
3025482,242.41331425849728
3027264,242.81203379492771
3029046,242.81203379492771
3002317,350.36078479420746
3004099,350.36078479420746
3005881,350.36078479420746
3007663,357.386332810896
3009445,357.386332810896
3011227,347.85469193797695
3013009,333.4510288077033
3014791,332.917207413494
3016573,359.82702597718315
3018355,332.917207413494
3020137,333.76638639387454
3021919,333.76638639387454
3023701,333.3280603670445
3025483,332.09616323848667
3027265,333.9348623056443
3029047,333.9348623056443
3002318,265.03908331632323
3004100,265.03908331632323
3005882,265.03908331632323
3007664,266.81015475429376
3009446,266.81015475429376
3011228,261.976472644444
3013010,255.09340350054802
3014792,254.5595821063387
3016574,268.68848293456716
3018356,254.5595821063387
3020138,255.23276835927547
3021920,255.23276835927547
3023702,260.99458926397836
3025484,259.3618554133959
3027266,259.7605749498263
3029048,259.7605749498263
3002319,4697.088216146355
3004101,4572.640908249208
3005883,4558.043701722429
3007665,4929.561896807717
3009447,5173.361033927215
3011229,4682.081403891811
3013011,4530.416223741595
3014793,4510.731496954034
3016575,5000.175683310027
3018357,4330.66846967622
3020139,4395.714688207327
3021921,4925.975991869126
3023703,4421.824445593901
3025485,4743.472067002212
3027267,4739.404826465073
3029049,4655.665052779652
3002320,57.76082481308086
3004102,57.76082481308086
3005884,57.76082481308086
3007666,59.23798332723956
3009448,59.23798332723956
3011230,58.25553191549448
3013012,57.834968385577746
3014794,57.301146991368405
3016576,61.51562775093506
3018358,57.301146991368405
3020140,57.68042032049333
3021922,57.68042032049333
3023704,58.348935868990125
3025486,60.39447453112097
3027268,60.42004676071448
3029050,60.42004676071448
3002321,1.085914152142714
3004103,1.085914152142714
3005885,1.085914152142714
3007667,2.563072666301414
3009449,2.563072666301414
3011231,1.7934143586320461
3013013,1.3728508287153096
3014795,0.6262363304302575
3016577,2.0338055388312455
3018359,0.6262363304302575
3020141,1.0055096595551853
3021923,1.0055096595551853
3023705,1.8868183121276934
3025487,3.3669641545841165
3027269,2.7647259762067846
3029051,2.7647259762067846
3002322,9.11666788892452
3004104,9.11666788892452
3005886,9.11666788892452
3007668,10.593826403083218
3009450,10.593826403083218
3011232,9.843262363297598
3013014,9.42269883338086
3014796,8.656990067212062
3016578,10.685167466420918
3018360,8.656990067212062
3020142,9.03626339633699
3021924,9.03626339633699
3023706,9.936666316793245
3025488,11.982204978924097
3027270,11.360872532663018
3029052,11.360872532663018
3002323,4.760056459197439
3004105,4.760056459197439
3005887,4.760056459197439
3007669,6.237214973356139
3009451,6.237214973356139
3011233,5.486650933570516
3013015,5.0660874036537775
3014797,4.3003786374849815
3016579,6.328556036693837
3018361,4.3003786374849815
3020143,4.679651966609908
3021925,4.679651966609908
3023707,5.5800548870661615
3025489,7.625593549197013
3027271,7.004261102935937
3029053,7.004261102935937
3002324,-0.7337433786274213
3004106,-0.7337433786274213
3005888,-0.7337433786274213
3007670,0.7434151355312787
3009452,0.7434151355312787
3011234,-0.026243172138091415
3013016,-0.44680670205482814
3014798,-1.1934212003398776
3016580,-0.281824416873866
3018362,-1.1934212003398776
3020144,-0.8141478712149506
3021926,-0.8141478712149506
3023708,0.06716078135755503
3025490,1.077208017115496
3027272,0.4749698387381664
3029054,0.4749698387381664
3002325,292.24501985816823
3004107,292.24501985816823
3005889,292.24501985816823
3007671,294.01609129613877
3009453,294.01609129613877
3011235,291.3929970115339
3013017,280.4040537714464
3014799,279.8702323772371
3016581,297.76963596473706
3018363,279.8702323772371
3020145,279.7550709387138
3021927,279.7550709387138
3023709,281.71366422934176
3025491,275.34014355172025
3027273,275.73886308815065
3029055,275.73886308815065
3002326,18.331878334194702
3004108,18.331878334194702
3005890,18.331878334194702
3007672,19.809036848353404
3009454,19.809036848353404
3011236,19.058472808567778
3013018,18.63790927865104
3014800,17.872200512482245
3016582,19.900377911691105
3018364,17.872200512482245
3020146,18.251473841607172
3021928,18.251473841607172
3023710,19.151876762063424
3025492,21.19741542419428
3027274,20.991100281828327
3029056,20.991100281828327
3002327,9.11666788892452
3004109,9.11666788892452
3005891,9.11666788892452
3007673,10.593826403083218
3009455,10.593826403083218
3011237,9.843262363297598
3013019,9.42269883338086
3014801,8.656990067212062
3016583,10.685167466420918
3018365,8.656990067212062
3020147,9.03626339633699
3021929,9.03626339633699
3023711,9.936666316793245
3025493,11.982204978924097
3027275,11.360872532663018
3029057,11.360872532663018
3002328,3.80963344312692
3004110,3.80963344312692
3005892,3.80963344312692
3007674,5.286791957285619
3009456,5.286791957285619
3011238,4.536227917499993
3013020,4.115664387583254
3014802,3.3499556214144626
3016584,5.378133020623318
3018366,3.3499556214144626
3020148,3.72922895053939
3021930,3.72922895053939
3023712,4.629631870995638
3025494,6.675170533126489
3027276,6.053838086865417
3029058,6.053838086865417
3002329,111.9772371592041
3004111,111.9772371592041
3005893,111.9772371592041
3007675,113.74830859717461
3009457,113.74830859717461
3011239,112.47194426161774
3013021,112.05138073170099
3014803,111.51755933749165
3016585,120.21308799374295
3018367,111.51755933749165
3020149,112.19074559042839
3021931,112.19074559042839
3023713,112.56534821511339
3025495,116.01714707817253
3027277,116.24401931578167
3029059,116.24401931578167
3002330,4.856428287092643
3004112,4.856428287092643
3005894,4.856428287092643
3007676,6.522777737894061
3009458,6.522777737894061
3011240,5.58302276146572
3013022,5.162459231548982
3014804,4.396750465380186
3016586,6.4249278645890415
3018368,4.396750465380186
3020150,4.965214731147831
3021932,4.965214731147831
3023714,5.676426714961366
3025496,7.721965377092218
3027278,7.100632930831141
3029060,7.100632930831141
3002331,472.50915008893827
3004113,472.50915008893827
3005895,472.50915008893827
3007677,483.21780242298354
3009459,483.21780242298354
3011241,466.5761194538214
3013023,446.5750904499836
3014805,446.04126905577425
3016587,477.84759554064965
3018369,446.04126905577425
3020151,450.5735523535115
3021933,450.5735523535115
3023715,446.45212200932474
3025497,432.5160999351494
3027279,434.354799002307
3029061,434.354799002307
3002332,300.0396737599113
3004114,300.0396737599113
3005896,300.0396737599113
3007678,309.16983603687095
3009460,309.16983603687095
3011242,295.51992918919314
3013024,283.12991777340716
3014806,282.59609637919783
3016588,311.6105292031581
3018370,282.59609637919783
3020152,286.8207917932153
3021934,286.8207917932153
3023716,284.4395282313025
3025498,281.7750522041905
3027280,283.6137512713481
3029062,283.6137512713481
3002333,8.0957530175954
3004115,8.0957530175954
3005897,8.0957530175954
3007679,9.762102468396815
3009461,9.762102468396815
3011243,8.822347491968475
3013025,8.401783962051738
3014807,7.636075195882938
3016589,9.664252595091796
3018371,7.636075195882938
3020153,8.204539461650587
3021935,8.204539461650587
3023717,8.915751445464123
3025499,10.961290107594975
3027281,10.339957661333898
3029063,10.339957661333898
3002334,27.203645283977856
3004116,27.203645283977856
3005898,27.203645283977856
3007680,28.869994734779276
3009462,28.869994734779276
3011244,27.680200040464126
3013026,27.259636510547388
3014808,26.7439674622654
3016590,28.77214486147426
3018372,26.7439674622654
3020154,27.312431728033044
3021936,27.312431728033044
3023718,27.77360399395977
3025500,29.819142656090627
3027282,29.86286723161148
3029064,29.86286723161148
3002335,643.0180098788164
3004117,643.0180098788164
3005899,643.0180098788164
3007681,656.9292403731349
3009463,656.9292403731349
3011245,636.9426314676983
3013027,616.9416024638605
3014809,616.5501288456524
3016591,659.7238375242763
3018373,616.5501288456524
3020155,620.829187678625
3021937,620.829187678625
3023719,610.8996116960784
3025501,594.2645658146895
3027283,596.2456126578484
3029065,596.2456126578484
3002336,280.2314177072683
3004118,280.2314177072683
3005900,280.2314177072683
3007682,282.0024891452388
3009464,282.0024891452388
3011246,279.37939486063397
3013028,270.3453774082608
3014810,269.81155601405146
3016592,285.06165398802636
3018374,269.81155601405146
3020156,269.69639457552825
3021938,269.69639457552825
3023720,271.65498786615615
3025502,268.7710873046543
3027284,269.1698068410847
3029066,269.1698068410847
3002337,4462.254859134766
3004119,4355.573245818911
3005901,4340.976039292133
3007683,6498.330000482532
3009465,6673.534460542247
3011247,4469.996514663742
3013029,4369.609533344766
3014811,4423.350699436843
3016593,5521.795109757369
3018375,4248.326109751278
3020157,6109.2930030472435
3021939,6739.195139644235
3023721,4597.3943590070285
3025503,4733.03929643423
3027285,4728.972055897091
3029067,4746.644742342036
3002338,3.678542368302303
3004120,3.678542368302303
3005902,3.678542368302303
3007684,5.34489181910372
3009466,5.34489181910372
3011248,4.405136842675377
3013030,3.9845733127586387
3014812,3.2188645465898453
3016594,5.247041945798701
3018376,3.2188645465898453
3020158,3.78732881235749
3021940,3.78732881235749
3023722,4.498540796171023
3025504,6.544079458301874
3027286,5.9227470120408
3029068,5.9227470120408
3002339,82.63742697197036
3004121,82.63742697197036
3005903,82.63742697197036
3007685,84.40849840994088
3009467,84.40849840994088
3011249,83.132134074384
3013031,82.71157054446725
3014813,82.17774915025791
3016595,89.83554372418456
3018377,82.17774915025791
3020159,82.85093540319465
3021941,82.85093540319465
3023723,83.22553802787965
3025505,85.27107669001049
3027287,85.296648919604
3029069,85.296648919604
3002373,11.02157124791533
3004155,11.02157124791533
3005937,11.02157124791533
3007719,12.49872976207403
3009501,12.49872976207403
3011283,11.748165722288407
3013065,11.32760219237167
3014847,10.561893426202873
3016629,12.397018459457245
3018411,10.561893426202873
3020193,10.941166755327801
3021975,10.941166755327801
3023757,11.841569675784054
3025539,13.887108337914906
3027321,13.26577589165383
3029103,13.26577589165383
3002374,0.663340254608059
3004156,0.663340254608059
3005938,0.663340254608059
3007720,2.14049876876676
3009502,2.14049876876676
3011284,1.3708404610973888
3013066,0.9502769311806523
3014848,0.20366243289560226
3016630,0.9222068504071311
3018412,0.20366243289560226
3020194,0.5829357620205299
3021976,0.5829357620205299
3023758,1.4642444145930353
3025540,2.4742916503509766
3027322,1.8720534719736468
3029104,1.8720534719736468
3002375,2.16696447823259
3004157,2.16696447823259
3005939,2.16696447823259
3007721,3.64412299239129
3009503,3.64412299239129
3011285,2.87446468472192
3013067,2.4539011548051834
3014849,1.7072866565201326
3016631,2.921803498966638
3018413,1.7072866565201326
3020195,2.086559985645061
3021977,2.086559985645061
3023759,2.9678686382175665
3025541,4.448014480673989
3027323,3.845776302296659
3029105,3.845776302296659
3002376,2663.7913284617207
3004158,2605.306789590796
3005940,2590.709583064017
3007722,2920.2728058864404
3009504,2982.7872664632346
3011286,2681.8429391514123
3013068,2606.5701737683494
3014850,2570.1703747073757
3016632,2683.690932524857
3018414,2458.6494068558804
3020196,2609.800496042103
3021978,2748.5224585941596
3023760,2506.42607461243
3025542,2492.207011085759
3027324,2432.228467238716
3029106,2373.7439283677913
3002377,0.07206642008099352
3004159,0.07206642008099352
3005941,0.07206642008099352
3007723,1.5492249342396944
3009505,1.5492249342396944
3011287,0.7795666265703235
3013069,0.3590030966535877
3014851,-0.387611401631463
3016633,0.330933015880066
3018415,-0.387611401631463
3020197,-0.00833807250653517
3021979,-0.00833807250653517
3023761,0.8729705800659705
3025543,1.8830178158239121
3027325,1.2807796374465814
3029107,1.2807796374465814
3002378,433.57608494937034
3004160,433.57608494937034
3005942,433.57608494937034
3007724,440.6016329660589
3009506,440.6016329660589
3011288,431.06999209313983
3013070,416.6663289628662
3014852,416.1325075686569
3016634,443.04232613234603
3018416,416.1325075686569
3020198,416.98168654903736
3021980,416.98168654903736
3023762,416.54336052220737
3025544,414.5322165757297
3027326,416.3709156428873
3029108,416.3709156428873
3002379,15.741552428575678
3004161,15.741552428575678
3005943,15.741552428575678
3007725,17.21871094273438
3009507,17.21871094273438
3011289,16.468146902948753
3013071,16.047583373032015
3014853,15.281874606863221
3016635,17.116999640117594
3018417,15.281874606863221
3020199,15.661147935988149
3021981,15.661147935988149
3023763,16.5615508564444
3025545,18.607089518575254
3027327,18.400774376209302
3029109,18.400774376209302
3002380,1235.2972825632883
3004162,1235.2972825632883
3005944,1235.2972825632883
3007726,1282.01029830849
3009508,1265.8462310232198
3011290,1241.13923775803
3013072,1182.2321304182917
3014854,1181.8406568000837
3016636,1251.108288857912
3018418,1153.744794091768
3020200,1143.0255352343436
3021982,1181.1838354379543
3023764,1151.2446274002398
3025546,1141.4650704563678
3027328,1125.0155915177402
3029110,1125.0155915177402
3002381,876.6910669866318
3004163,876.6910669866318
3005945,876.6910669866318
3007727,887.1236395914935
3009509,887.1236395914935
3011291,874.8415163347313
3013073,830.2037475070327
3014855,829.8122738888246
3016637,885.9659406052638
3018419,813.7305439343809
3020201,814.5309448778968
3021983,814.5309448778968
3023765,815.518443892062
3025547,790.592119224851
3027329,782.0838033123594
3029111,782.0838033123594
3002382,367.687908551728
3004164,367.687908551728
3005946,367.687908551728
3007728,374.7134565684166
3009510,374.7134565684166
3011292,365.1818156954975
3013074,350.7781525652239
3014856,350.24433117101455
3016638,377.1541497347037
3018420,350.24433117101455
3020202,351.0935101513951
3021984,351.0935101513951
3023766,350.65518412456504
3025548,345.9450163708742
3027330,347.78371543803183
3029112,347.78371543803183
3002383,86.31872450518321
3004165,86.31872450518321
3005947,86.31872450518321
3007729,88.08979594315373
3009511,88.08979594315373
3011293,86.81343160759685
3013075,86.3928680776801
3014857,85.85904668347077
3016639,93.51684125739742
3018421,85.85904668347077
3020203,86.53223293640751
3021985,86.53223293640751
3023767,86.9068355610925
3025549,88.95237422322334
3027331,88.97794645281685
3029113,88.97794645281685
3002384,124.59532325426032
3004166,124.59532325426032
3005948,124.59532325426032
3007730,126.36639469223084
3009512,126.36639469223084
3011294,122.87944253142908
3013076,122.45887900151233
3014858,121.92505760730299
3016640,131.5753610814568
3018422,121.92505760730299
3020204,122.59824386023973
3021986,122.59824386023973
3023768,127.5644217904597
3025550,131.46637981491233
3027332,131.69325205252156
3029114,131.69325205252156
3002385,4512.738093985349
3004167,4417.519157001732
3005949,4402.9219504749535
3007731,4726.313196801979
3009513,4970.112333921477
3011295,4497.731281730805
3013077,4346.066101580589
3014859,4326.381374793028
3016641,4764.554501706962
3018423,4194.9781006887615
3020205,4211.8973704616055
3021987,4742.158674123405
3023769,4256.905705692912
3025551,4490.726353247759
3027333,4486.65911271062
3029115,4432.147709938729
3002386,16.7324350090573
3004168,16.7324350090573
3005950,16.7324350090573
3007732,18.209593523216004
3009514,18.209593523216004
3011296,17.459029483430378
3013078,17.03846595351364
3014860,16.272757187344844
3016642,18.300934586553705
3018424,16.272757187344844
3020206,16.65203051646977
3021988,16.65203051646977
3023770,17.552433436926023
3025552,19.59797209905688
3027334,19.391656956690927
3029116,19.391656956690927
3002387,1.085914152142714
3004169,1.085914152142714
3005951,1.085914152142714
3007733,2.563072666301414
3009515,2.563072666301414
3011297,1.7934143586320461
3013079,1.3728508287153096
3014861,0.6262363304302575
3016643,2.0338055388312455
3018425,0.6262363304302575
3020207,1.0055096595551853
3021989,1.0055096595551853
3023771,1.8868183121276934
3025553,3.3669641545841165
3027335,2.7647259762067846
3029117,2.7647259762067846
3002388,57.92048322307321
3004170,57.92048322307321
3005952,57.92048322307321
3007734,59.397641737231915
3009516,59.397641737231915
3011298,58.41519032548683
3013080,57.9946267955701
3014862,57.46080540136076
3016644,61.67528616092741
3018426,57.46080540136076
3020208,57.840078730485686
3021990,57.840078730485686
3023772,58.50859427898248
3025554,60.55413294111332
3027336,60.57970517070683
3029118,60.57970517070683
3002389,32.99639463891499
3004171,32.99639463891499
3005953,32.99639463891499
3007735,34.473553153073695
3009517,34.473553153073695
3011299,33.49110174132861
3013081,33.07053821141188
3014863,32.53671681720254
3016645,35.738744413319985
3018427,32.53671681720254
3020209,32.91599014632747
3021991,32.91599014632747
3023773,33.58450569482426
3025555,35.6300443569551
3027337,35.65561658654861
3029119,35.65561658654861
3002390,1.6720043204381503
3004172,1.6720043204381503
3005954,1.6720043204381503
3007736,3.1491628345968508
3009518,3.1491628345968508
3011300,2.3985987948112255
3013082,1.9780352648944899
3014864,1.2123264987256939
3016646,3.2405038979345506
3018428,1.2123264987256939
3020210,1.5915998278506216
3021992,1.5915998278506216
3023774,2.4920027483068723
3025556,4.537541410437725
3027338,3.916208964176651
3029120,3.916208964176651
3002391,282.37211867036945
3004173,282.37211867036945
3005955,282.37211867036945
3007737,284.14319010834
3009519,284.14319010834
3011301,281.5200958237351
3013083,272.48607837136194
3014865,271.9522569771526
3016647,287.2023549511275
3018429,271.9522569771526
3020211,271.8370955386294
3021993,271.8370955386294
3023775,273.7956888292573
3025557,267.43351764262246
3027339,267.83223717905287
3029121,267.83223717905287
3002392,19.780723082049484
3004174,19.780723082049484
3005956,19.780723082049484
3007738,21.257881596208186
3009520,21.257881596208186
3011302,20.50731755642256
3013084,20.086754026505822
3014866,19.321045260337026
3016648,21.349222659545887
3018430,19.321045260337026
3020212,19.700318589461954
3021994,19.700318589461954
3023776,20.600721509918205
3025558,22.64626017204906
3027340,22.43994502968311
3029122,22.43994502968311
3002393,1.085914152142714
3004175,1.085914152142714
3005957,1.085914152142714
3007739,2.563072666301414
3009521,2.563072666301414
3011303,1.7934143586320461
3013085,1.3728508287153096
3014867,0.6262363304302575
3016649,2.0338055388312455
3018431,0.6262363304302575
3020213,1.0055096595551853
3021995,1.0055096595551853
3023777,1.8868183121276934
3025559,3.3669641545841165
3027341,2.7647259762067846
3029123,2.7647259762067846
3002394,5.594843788516936
3004176,5.594843788516936
3005958,5.594843788516936
3007740,7.072002302675636
3009522,7.072002302675636
3011304,6.321438262890013
3013086,5.900874732973275
3014868,5.135165966804479
3016650,7.163343366013334
3018432,5.135165966804479
3020214,5.514439295929406
3021996,5.514439295929406
3023778,6.414842216385659
3025560,8.460380878516515
3027342,7.839048432255433
3029124,7.839048432255433
3002395,65.80606570353675
3004177,65.80606570353675
3005959,65.80606570353675
3007741,67.47241515433817
3009523,67.47241515433817
3011305,66.30077280595039
3013087,65.88020927603364
3014869,65.3463878818243
3016651,71.27889147023653
3018433,65.3463878818243
3020215,65.91485214759194
3021997,65.91485214759194
3023779,66.39417675944604
3025561,68.43971542157688
3027343,68.46528765117039
3029125,68.46528765117039
3002396,6.303162505327602
3004178,6.303162505327602
3005960,6.303162505327602
3007742,7.969511956129021
3009524,7.969511956129021
3011306,7.0297569797006805
3013088,6.609193449783942
3014870,5.843484683615145
3016652,7.871662082823999
3018434,5.843484683615145
3020216,6.41194894938279
3021998,6.41194894938279
3023780,7.123160933196326
3025562,9.16869959532718
3027344,8.547367149066103
3029126,8.547367149066103
3002397,644.1682127716666
3004179,644.1682127716666
3005961,644.1682127716666
3007743,654.6007853765284
3009525,654.6007853765284
3011307,638.0928343605485
3013089,618.0918053567107
3014871,617.7003317385025
3016653,645.6015731921058
3018435,617.7003317385025
3020217,618.5007326820185
3021999,618.5007326820185
3023781,612.0498145889286
3025563,598.1137925147528
3027345,600.0948393579117
3029127,600.0948393579117
3002398,308.4080135067955
3004180,308.4080135067955
3005962,308.4080135067955
3007744,317.53817578375515
3009526,317.53817578375515
3011308,303.88826893607734
3013090,291.49825752029136
3014872,290.96443612608203
3016654,319.9788689500423
3018436,290.96443612608203
3020218,295.1891315400995
3022000,295.1891315400995
3023782,292.8078679781867
3025564,286.6651213259417
3027346,288.5038203930993
3029128,288.5038203930993
3002399,7.137949834647099
3004181,7.137949834647099
3005963,7.137949834647099
3007745,8.804299285448517
3009527,8.804299285448517
3011309,7.864544309020174
3013091,7.443980779103434
3014873,6.678272012934642
3016655,8.706449412143499
3018437,6.678272012934642
3020219,7.2467362787022855
3022001,7.2467362787022855
3023783,7.9579482625158215
3025565,10.003486924646676
3027347,9.3821544783856
3029129,9.3821544783856
3002400,30.058084780473187
3004182,30.058084780473187
3005964,30.058084780473187
3007746,31.724434231274607
3009528,31.724434231274607
3011310,30.552791882886805
3013092,30.132228352970067
3014874,29.59840695876073
3016656,32.80043455487816
3018438,29.59840695876073
3020220,30.166871224528375
3022002,30.166871224528375
3023784,30.64619583638245
3025566,32.69173449851328
3027348,32.71730672810679
3029130,32.71730672810679
3002401,452.40054693465464
3004183,452.40054693465464
3005965,452.40054693465464
3007747,461.5307092116143
3009529,461.5307092116143
3011311,449.89445407842413
3013093,428.5790857431973
3014875,428.045264348988
3016657,461.9562050941345
3018439,428.045264348988
3020221,430.99905758963956
3022003,430.99905758963956
3023785,428.4561173025385
3025567,411.82107142114995
3027349,413.6597704883076
3029131,413.6597704883076
3002402,123.82967858370233
3004184,123.82967858370233
3005966,123.82967858370233
3007748,125.60075002167285
3009530,125.60075002167285
3011312,124.32438568611597
3013094,123.90382215619923
3014876,123.37000076198989
3016658,133.02030423614366
3018440,123.37000076198989
3020222,124.04318701492663
3022004,124.04318701492663
3023786,124.41778963961163
3025568,128.31974766406424
3027350,128.54661990167344
3029132,128.54661990167344
3002403,1690.3396502076666
3004185,1808.251655535749
3005967,1973.3949736223358
3007749,2184.7397788744283
3009531,2313.8987939938156
3011313,1722.9884674241373
3013095,1656.4405727591854
3014877,1620.040773698212
3016659,1814.1739042646723
3018441,1850.059668132311
3020223,1967.8339312387627
3022005,2151.3153138470293
3023787,1930.772395010438
3025569,1891.5875333141992
3027351,1848.7069131052717
3029133,1966.618918433354
3002404,6.806504684710628
3004186,6.806504684710628
3005968,6.806504684710628
3007750,8.472854135512046
3009532,8.472854135512046
3011314,7.5330991590837035
3013096,7.112535629166967
3014878,6.346826862998171
3016660,8.375004262207028
3018442,6.346826862998171
3020224,6.915291128765816
3022006,6.915291128765816
3023788,7.626503112579351
3025570,9.672041774710205
3027352,9.050709328449129
3029134,9.050709328449129
3002405,28.175246091821233
3004187,28.175246091821233
3005969,28.175246091821233
3007751,29.841595542622652
3009533,29.841595542622652
3011315,28.66995319423485
3013097,28.249389664318112
3014879,27.715568270108776
3016661,30.917595866226225
3018443,27.715568270108776
3020225,28.28403253587642
3022007,28.28403253587642
3023789,28.763357147730495
3025571,30.80889580986135
3027353,30.83446803945486
3029135,30.83446803945486
3002406,6.895625438878005
3004188,6.895625438878005
3005970,6.895625438878005
3007752,8.372783953036707
3009534,8.372783953036707
3011316,7.622219913251083
3013098,7.2016563833343445
3014880,6.435947617165548
3016662,8.27107265041992
3018444,6.435947617165548
3020226,6.8152209462904745
3022008,6.8152209462904745
3023790,7.7156238667467285
3025572,9.761162528877582
3027354,9.139830082616506
3029136,9.139830082616506
3002407,0.663340254608059
3004189,0.663340254608059
3005971,0.663340254608059
3007753,2.14049876876676
3009535,2.14049876876676
3011317,1.3708404610973888
3013099,0.9502769311806523
3014881,0.20366243289560226
3016663,0.9222068504071311
3018445,0.20366243289560226
3020227,0.5829357620205299
3022009,0.5829357620205299
3023791,1.4642444145930353
3025573,2.4742916503509766
3027355,1.8720534719736468
3029137,1.8720534719736468
3002408,3.4343491751284203
3004190,3.4343491751284203
3005972,3.4343491751284203
3007754,4.9115076892871175
3009536,4.9115076892871175
3011318,4.160943649501497
3013100,3.740380119584761
3014882,2.974671353415964
3016664,4.809796386670338
3018446,2.974671353415964
3020228,3.3539446825408916
3022010,3.3539446825408916
3023792,4.254347602997144
3025574,6.299886265127995
3027356,5.678553818866919
3029138,5.678553818866919
3002409,3453.6897363991384
3004191,3358.470799415521
3005973,3343.8735928887418
3007755,4043.439722172808
3009537,4142.613944000273
3011319,3582.2274392988456
3013101,3292.8249360187006
3014883,3273.140209231139
3016665,3678.219994978158
3018447,3141.7369351268726
3020229,3608.830074279917
3022011,3906.2548332303895
3023793,3368.4890567673533
3025575,3292.058282470031
3027357,3257.561143484235
3029139,3203.049740712344
3002410,0.07206642008099352
3004192,0.07206642008099352
3005974,0.07206642008099352
3007756,1.5492249342396944
3009538,1.5492249342396944
3011320,0.7795666265703235
3013102,0.3590030966535877
3014884,-0.387611401631463
3016666,0.330933015880066
3018448,-0.387611401631463
3020230,-0.00833807250653517
3022012,-0.00833807250653517
3023794,0.8729705800659705
3025576,1.8830178158239121
3027358,1.2807796374465814
3029140,1.2807796374465814
3002411,605.5938114411166
3004193,605.5938114411166
3005975,605.5938114411166
3007757,616.0263840459784
3009539,616.0263840459784
3011321,599.5184330299985
3013103,579.5174040261606
3014885,579.1259304079525
3016667,607.0271718615558
3018449,579.1259304079525
3020231,579.9263313514684
3022013,579.9263313514684
3023795,573.4754132583786
3025577,559.5393911842028
3027359,561.5204380273617
3029141,561.5204380273617
3002412,9.291246902303119
3004194,9.291246902303119
3005976,9.291246902303119
3007758,10.768405416461817
3009540,10.768405416461817
3011322,10.017841376676195
3013104,9.597277846759457
3014886,8.831569080590661
3016668,10.666694113845033
3018450,8.831569080590661
3020232,9.210842409715589
3022014,9.210842409715589
3023796,10.111245330171842
3025578,12.156783992302694
3027360,11.535451546041617
3029142,11.535451546041617
3002413,1277.937122814708
3004195,1277.937122814708
3005977,1277.937122814708
3007759,1324.6501385599097
3009541,1336.8292221057418
3011323,1283.7790780094497
3013105,1224.8719706697113
3014887,1224.4804970515033
3016669,1305.764583629558
3018451,1196.3846343431876
3020233,1185.6653754857632
3022015,1252.1668265204762
3023797,1193.8844676516594
3025579,1195.5995701066672
3027361,1179.1500911680396
3029143,1179.1500911680396
3002414,1241.2332189662895
3004196,1241.2332189662895
3005978,1241.2332189662895
3007760,1287.9462347114913
3009542,1271.7821674262211
3011324,1247.0751741610313
3013106,1188.168066821293
3014888,1187.776593203085
3016670,1257.0442252609132
3018452,1159.6807304947693
3020234,1148.9614716373449
3022016,1187.1197718409555
3023798,1157.180563803241
3025580,1150.0217833944405
3027362,1133.5723044558129
3029144,1133.5723044558129
3002415,210.82757895667532
3004197,210.82757895667532
3005979,210.82757895667532
3007761,212.59865039464586
3009543,212.59865039464586
3011325,212.11792903357184
3013107,205.23485988967593
3014889,204.7010384954666
3016671,219.37357743474055
3018453,204.7010384954666
3020235,205.37422474840338
3022017,205.37422474840338
3023799,206.54447034757123
3025581,212.08506649572016
3027363,212.4837860321506
3029145,212.4837860321506
3002416,279.4604404161525
3004198,279.4604404161525
3005980,279.4604404161525
3007762,281.231511854123
3009544,281.231511854123
3011326,278.60841756951817
3013108,269.574400117145
3014890,269.04057872293566
3016672,284.29067669691057
3018454,269.04057872293566
3020236,268.92541728441245
3022018,268.92541728441245
3023800,270.88401057504035
3025582,268.0001100135385
3027364,268.3988295499689
3029146,268.3988295499689
3002417,203.87435889663178
3004199,203.87435889663178
3005981,203.87435889663178
3007763,205.6454303346023
3009545,205.6454303346023
3011327,202.9541211482834
3013109,196.0710520043875
3014891,195.53723061017817
3016673,210.20976954945212
3018455,195.53723061017817
3020237,196.21041686311494
3022019,196.21041686311494
3023801,201.97223776781777
3025583,207.5128339159667
3027365,207.91155345239713
3029147,207.91155345239713
3002418,4047.1300746173365
3004200,3951.911137633719
3005982,3937.31393110694
3007764,4205.38511622636
3009546,4449.184253345857
3011328,4045.5924933119654
3013110,3880.4580822125754
3014892,3860.773355425014
3016674,4298.9464823389435
3018456,3729.3700813207474
3020238,3764.968276309147
3022020,4207.017950551648
3023802,3821.7016862307514
3025584,3969.390221213169
3027366,3965.3229806760296
3029148,3910.811577904138
3002419,21.22749526032745
3004201,21.22749526032745
3005983,21.22749526032745
3007765,22.704653774486154
3009547,22.704653774486154
3011329,21.704050016813728
3013111,21.28348648689699
3014893,20.767817438614994
3016675,22.795994837823855
3018457,20.767817438614994
3020239,21.147090767739922
3022021,21.147090767739922
3023803,21.797453970309373
3025585,23.84299263244023
3027367,23.886717207961077
3029149,23.886717207961077
3002420,1.6720043204381503
3004202,1.6720043204381503
3005984,1.6720043204381503
3007766,3.1491628345968508
3009548,3.1491628345968508
3011330,2.3985987948112255
3013112,1.9780352648944899
3014894,1.2123264987256939
3016676,3.2405038979345506
3018458,1.2123264987256939
3020240,1.5915998278506216
3022022,1.5915998278506216
3023804,2.4920027483068723
3025586,4.537541410437725
3027368,3.916208964176651
3029150,3.916208964176651
3002421,221.53406181852702
3004203,221.53406181852702
3005985,221.53406181852702
3007767,223.30513325649756
3009549,223.30513325649756
3011331,222.82441189542354
3013113,215.94134275152763
3014895,215.4075213573183
3016677,230.0800602965922
3018459,215.4075213573183
3020241,216.08070761025508
3022023,216.08070761025508
3023805,217.25095320942293
3025587,222.7915493575718
3027369,223.19026889400223
3029151,223.19026889400223
3002422,15.566973415197085
3004204,15.566973415197085
3005986,15.566973415197085
3007768,17.044131929355782
3009550,17.044131929355782
3011332,16.293567889570156
3013114,15.87300435965342
3014896,15.10729559348462
3016678,17.135472992693483
3018460,15.10729559348462
3020242,15.486568922609557
3022024,15.486568922609557
3023806,16.3869718430658
3025588,18.432510505196657
3027370,18.226195362830705
3029152,18.226195362830705
3002423,2.7761732295314276
3004205,2.7761732295314276
3005987,2.7761732295314276
3007769,4.253331743690128
3009551,4.253331743690128
3011333,3.502767703904504
3013115,3.0822041739877664
3014897,2.3164954078189712
3016679,4.344672807027828
3018461,2.3164954078189712
3020243,2.695768736943898
3022025,2.695768736943898
3023807,3.59617165740015
3025589,5.641710319531001
3027371,5.020377873269927
3029153,5.020377873269927
3002424,240.28382239315746
3004206,240.28382239315746
3005988,240.28382239315746
3007770,242.054893831128
3009552,242.054893831128
3011334,241.57417247005398
3013116,234.69110332615807
3014898,234.15728193194875
3016680,248.2861827601772
3018462,234.15728193194875
3020244,234.83046818488552
3022026,234.83046818488552
3023808,236.00071378405337
3025590,234.36797993347096
3027372,234.7666994699014
3029154,234.7666994699014
3002425,4.760056459197439
3004207,4.760056459197439
3005989,4.760056459197439
3007771,6.237214973356139
3009553,6.237214973356139
3011335,5.486650933570516
3013117,5.0660874036537775
3014899,4.3003786374849815
3016681,6.328556036693837
3018463,4.3003786374849815
3020245,4.679651966609908
3022027,4.679651966609908
3023809,5.5800548870661615
3025591,7.625593549197013
3027373,7.004261102935937
3029155,7.004261102935937
3002426,5.751784364334026
3004208,5.751784364334026
3005990,5.751784364334026
3007772,7.228942878492726
3009554,7.228942878492726
3011336,6.478378838707102
3013118,6.057815308790364
3014900,5.2921065426215685
3016682,7.320283941830423
3018464,5.2921065426215685
3020246,5.671379871746495
3022028,5.671379871746495
3023810,6.571782792202748
3025592,8.617321454333604
3027374,7.995989008072525
3029156,7.995989008072525
3002427,4.760056459197439
3004209,4.760056459197439
3005991,4.760056459197439
3007773,6.237214973356139
3009555,6.237214973356139
3011337,5.486650933570516
3013119,5.0660874036537775
3014901,4.3003786374849815
3016683,6.328556036693837
3018465,4.3003786374849815
3020247,4.679651966609908
3022029,4.679651966609908
3023811,5.5800548870661615
3025593,7.625593549197013
3027375,7.004261102935937
3029157,7.004261102935937
3002428,124.07902706559996
3004210,124.07902706559996
3005992,124.07902706559996
3007774,125.85009850357048
3009556,125.85009850357048
3011338,124.5737341680136
3013120,124.15317063809685
3014902,123.61934924388751
3016684,133.26965271804124
3018466,123.61934924388751
3020248,124.29253549682426
3022030,124.29253549682426
3023812,124.66713812150925
3025594,128.56909614596182
3027376,128.79596838357105
3029158,128.79596838357105
3002429,7.294890410464187
3004211,7.294890410464187
3005993,7.294890410464187
3007775,8.961239861265605
3009557,8.961239861265605
3011339,8.021484884837266
3013121,7.600921354920525
3014903,6.83521258875173
3016685,8.863389987960588
3018467,6.83521258875173
3020249,7.403676854519373
3022031,7.403676854519373
3023813,8.114888838332913
3025595,10.160427500463765
3027377,9.539095054202688
3029159,9.539095054202688
3002430,578.2076781651865
3004212,578.2076781651865
3005994,578.2076781651865
3007776,588.6402507700483
3009558,588.6402507700483
3011340,572.1322997540684
3013122,552.1312707502306
3014904,551.7397971320224
3016686,579.6410385856257
3018468,551.7397971320224
3020250,552.5401980755383
3022032,552.5401980755383
3023814,546.0892799824485
3025596,532.1532579082727
3027378,534.1343047514316
3029160,534.1343047514316
3002431,257.3881199303232
3004213,257.3881199303232
3005995,257.3881199303232
3007777,259.15919136829376
3009559,259.15919136829376
3011341,256.536097083689
3013123,249.65302793979313
3014905,249.1192065455838
3016687,263.24810737381205
3018469,249.1192065455838
3020251,249.79239279852058
3022033,249.79239279852058
3023815,250.96263839768844
3025597,249.32990454710603
3027379,249.72862408353646
3029161,249.72862408353646
3002432,20.075306453572477
3004214,20.075306453572477
3005996,20.075306453572477
3007778,21.741655904373896
3009560,21.741655904373896
3011342,20.801900927945553
3013124,20.381337398028815
3014906,19.61562863186002
3016688,21.64380603106888
3018470,19.61562863186002
3020252,20.184092897627664
3022034,20.184092897627664
3023816,20.8953048814412
3025598,22.940843543572054
3027380,22.734528401206102
3029162,22.734528401206102
3002433,8.0957530175954
3004215,8.0957530175954
3005997,8.0957530175954
3007779,9.762102468396815
3009561,9.762102468396815
3011343,8.822347491968475
3013125,8.401783962051738
3014907,7.636075195882938
3016689,9.664252595091796
3018471,7.636075195882938
3020253,8.204539461650587
3022035,8.204539461650587
3023817,8.915751445464123
3025599,10.961290107594975
3027381,10.339957661333898
3029163,10.339957661333898
3002434,2061.028225957321
3004216,2002.5436870863962
3005998,2052.43886225398
3007780,2338.265360643475
3009562,2543.4546139951076
3011344,2057.668717731026
3013126,2003.607751419311
3014908,2076.6421706807405
3016690,2221.3059471479414
3018472,2015.016377996829
3020254,2122.430742750123
3022036,2979.8797413474317
3023818,2919.979292713361
3025600,2883.4152075521943
3027382,2889.8748875965734
3029164,2831.390348725649
3002435,156.34730475725948
3004217,156.34730475725948
3005999,156.34730475725948
3007781,158.11837619523
3009563,158.11837619523
3011345,157.637654834156
3013127,153.8580095761035
3014909,153.3241881818942
3016691,167.35962504606385
3018473,153.3241881818942
3020255,153.99737443483096
3022037,153.99737443483096
3023819,155.16762003399882
3025601,160.70821618214768
3027383,160.93508841975685
3029165,160.93508841975685
3002436,4746.776475030158
3004218,4711.2887439114875
3006000,4696.691537384709
3007782,6583.668582027332
3009564,6758.873042087047
3011346,4825.7120127563185
3013128,4725.325031437342
3014910,4779.066197529419
3016692,5827.806966951037
3018474,4604.041607843854
3020256,6194.6315845920435
3022038,6824.533721189035
3023820,4953.109857099605
3025602,5088.754794526806
3027384,5084.687553989667
3029166,5102.360240434612
3002437,2.2089271993882074
3004219,2.2089271993882074
3006001,2.2089271993882074
3007783,3.8752766501896243
3009565,3.8752766501896243
3011347,2.9355216737612815
3013129,2.5149581438445456
3014911,1.7492493776757507
3016693,3.7774267768846084
3018475,1.7492493776757507
3020257,2.317713643443396
3022039,2.317713643443396
3023821,3.0289256272569283
3025603,5.074464289387781
3027385,4.453131843126706
3029167,4.453131843126706
3002438,66.40729703212108
3004220,66.40729703212108
3006002,66.40729703212108
3007784,68.0736464829225
3009566,68.0736464829225
3011348,66.90200413453472
3013130,66.48144060461797
3014912,65.94761921040863
3016694,71.88012279882086
3018476,65.94761921040863
3020258,66.51608347617628
3022040,66.51608347617628
3023822,66.99540808803037
3025604,69.04094675016121
3027386,69.06651897975472
3029168,69.06651897975472
3002439,-0.09147716963945328
3004221,-0.09147716963945328
3006003,-0.09147716963945328
3007785,1.385681344519247
3009567,1.385681344519247
3011349,0.6160230368498764
3013131,0.19545950693313974
3014913,-0.55115499135191
3016695,0.16738942615961905
3018477,-0.55115499135191
3020259,-0.17188166222698242
3022041,-0.17188166222698242
3023823,0.7094269903455229
3025605,1.7194742261034643
3027387,1.1172360477261343
3029169,1.1172360477261343
3002440,-0.09147716963945328
3004222,-0.09147716963945328
3006004,-0.09147716963945328
3007786,1.385681344519247
3009568,1.385681344519247
3011350,0.6160230368498764
3013132,0.19545950693313974
3014914,-0.55115499135191
3016696,0.16738942615961905
3018478,-0.55115499135191
3020260,-0.17188166222698242
3022042,-0.17188166222698242
3023824,0.7094269903455229
3025606,1.7194742261034643
3027388,1.1172360477261343
3029170,1.1172360477261343
3002441,-0.09147716963945328
3004223,-0.09147716963945328
3006005,-0.09147716963945328
3007787,1.385681344519247
3009569,1.385681344519247
3011351,0.6160230368498764
3013133,0.19545950693313974
3014915,-0.55115499135191
3016697,0.16738942615961905
3018479,-0.55115499135191
3020261,-0.17188166222698242
3022043,-0.17188166222698242
3023825,0.7094269903455229
3025607,1.7194742261034643
3027389,1.1172360477261343
3029171,1.1172360477261343
3002442,2.6717873523296403
3004224,2.6717873523296403
3006006,2.6717873523296403
3007788,4.148945866488338
3009570,4.148945866488338
3011352,3.37928755881897
3013134,2.9587240289022336
3014916,2.2121095306171843
3016698,2.9306539481287124
3018480,2.2121095306171843
3020262,2.5913828597421107
3022044,2.5913828597421107
3023826,3.4726915123146163
3025608,4.482738748072557
3027390,3.880500569695228
3029172,3.880500569695228
3002443,-0.6827510041665187
3004225,-0.6827510041665187
3006007,-0.6827510041665187
3007789,0.7944075099921813
3009571,0.7944075099921813
3011353,0.02474920232281104
3013135,-0.39581432759392554
3014917,-1.142428825878975
3016699,-0.42388440836744656
3018481,-1.142428825878975
3020263,-0.7631554967540478
3022045,-0.7631554967540478
3023827,0.11815315581845733
3025609,1.1282003915763987
3027391,0.525962213199069
3029173,0.525962213199069
3002444,-0.6827510041665187
3004226,-0.6827510041665187
3006008,-0.6827510041665187
3007790,0.7944075099921813
3009572,0.7944075099921813
3011354,0.02474920232281104
3013136,-0.39581432759392554
3014918,-1.142428825878975
3016700,-0.42388440836744656
3018482,-1.142428825878975
3020264,-0.7631554967540478
3022046,-0.7631554967540478
3023828,0.11815315581845733
3025610,1.1282003915763987
3027392,0.525962213199069
3029174,0.525962213199069
3002445,-0.6827510041665187
3004227,-0.6827510041665187
3006009,-0.6827510041665187
3007791,0.7944075099921813
3009573,0.7944075099921813
3011355,0.02474920232281104
3013137,-0.39581432759392554
3014919,-1.142428825878975
3016701,-0.42388440836744656
3018483,-1.142428825878975
3020265,-0.7631554967540478
3022047,-0.7631554967540478
3023829,0.11815315581845733
3025611,1.1282003915763987
3027393,0.525962213199069
3029175,0.525962213199069
3002446,1.1422701940374218
3004228,1.1422701940374218
3006010,1.1422701940374218
3007792,2.6194287081961223
3009574,2.6194287081961223
3011356,1.8497704005267535
3013138,1.429206870610017
3014920,0.6825923723249653
3016702,1.4011367898364948
3018484,0.6825923723249653
3020266,1.0618657014498938
3022048,1.0618657014498938
3023830,1.9431743540224002
3025612,2.953221589780342
3027394,2.3509834114030093
3029176,2.3509834114030093
3002447,0.6462348407548855
3004229,0.6462348407548855
3006011,0.6462348407548855
3007793,2.123393354913586
3009575,2.123393354913586
3011357,1.3537350472442173
3013139,0.9331715173274806
3014921,0.18655701904242944
3016703,0.9051014365539585
3018485,0.18655701904242944
3020267,0.5658303481673574
3022049,0.5658303481673574
3023831,1.4471390007398641
3025613,2.457186236497806
3027395,1.8549480581204731
3029177,1.8549480581204731
3002448,0.48521084768423856
3004230,0.48521084768423856
3006012,0.48521084768423856
3007794,1.962369361842939
3009576,1.962369361842939
3011358,1.1927110541735702
3013140,0.7721475242568338
3014922,0.025533025971782586
3016704,0.7440774434833114
3018486,0.025533025971782586
3020268,0.40480635509671065
3022050,0.40480635509671065
3023832,1.2861150076692174
3025614,2.2961622434271587
3027396,1.6939240650498268
3029178,1.6939240650498268
3002449,0.48521084768423856
3004231,0.48521084768423856
3006013,0.48521084768423856
3007795,1.962369361842939
3009577,1.962369361842939
3011359,1.1927110541735702
3013141,0.7721475242568338
3014923,0.025533025971782586
3016705,0.7440774434833114
3018487,0.025533025971782586
3020269,0.40480635509671065
3022051,0.40480635509671065
3023833,1.2861150076692174
3025615,2.2961622434271587
3027397,1.6939240650498268
3029179,1.6939240650498268
3002450,1.6852768631623587
3004232,1.6852768631623587
3006014,1.6852768631623587
3007796,3.1624353773210587
3009578,3.1624353773210587
3011360,0.18218924440680373
3013142,-0.23837428550993228
3014924,-0.9849887837949842
3016706,-0.26644436628345486
3018488,-0.9849887837949842
3020270,-0.6057154546700558
3022052,-0.6057154546700558
3023834,4.867168503437423
3025616,5.877215739195364
3027398,5.274977560818033
3029180,5.274977560818033
3002451,36.23123114112102
3004233,36.23123114112102
3006015,36.23123114112102
3007797,37.708389655279724
3009579,37.708389655279724
3011361,31.13153932328678
3013143,30.71097579337005
3014925,29.964361295085002
3016707,30.682905712596533
3018489,29.964361295085002
3020271,30.34363462420993
3022053,30.34363462420993
3023835,35.81651858231741
3025617,36.826565818075345
3027399,36.22432763969802
3029181,36.22432763969802
3002452,-0.5458232432492204
3004234,-0.5458232432492204
3006016,-0.5458232432492204
3007798,0.93133527090948
3009580,0.93133527090948
3011362,0.16167696324010972
3013144,-0.25888656667662713
3014926,-1.005501064961677
3016708,-0.09390428149566533
3018490,-1.005501064961677
3020272,-0.6262277358367496
3022054,-0.6262277358367496
3023836,0.25508091673575595
3025618,1.265128152493697
3027400,0.6628899741163675
3029182,0.6628899741163675
3002453,-1.207446207071549
3004235,-1.207446207071549
3006017,-1.207446207071549
3007799,0.26971230708715094
3009581,0.26971230708715094
3011363,-0.4999460005822195
3013145,-0.9205095304989562
3014927,-1.667124028784006
3016709,-0.7555272453179942
3018491,-1.667124028784006
3020273,-1.2878506996590777
3022055,-1.2878506996590777
3023837,-0.40654204708657304
3025619,0.6035051886713684
3027401,0.001267010294038314
3029183,0.001267010294038314
3002454,-1.207446207071549
3004236,-1.207446207071549
3006018,-1.207446207071549
3007800,0.26971230708715094
3009582,0.26971230708715094
3011364,-0.4999460005822195
3013146,-0.9205095304989562
3014928,-1.667124028784006
3016710,-0.7555272453179942
3018492,-1.667124028784006
3020274,-1.2878506996590777
3022056,-1.2878506996590777
3023838,-0.40654204708657304
3025620,0.6035051886713684
3027402,0.001267010294038314
3029184,0.001267010294038314
3002455,-1.207446207071549
3004237,-1.207446207071549
3006019,-1.207446207071549
3007801,0.26971230708715094
3009583,0.26971230708715094
3011365,-0.4999460005822195
3013147,-0.9205095304989562
3014929,-1.667124028784006
3016711,-0.7555272453179942
3018493,-1.667124028784006
3020275,-1.2878506996590777
3022057,-1.2878506996590777
3023839,-0.40654204708657304
3025621,0.6035051886713684
3027403,0.001267010294038314
3029185,0.001267010294038314
3002456,-1.207446207071549
3004238,-1.207446207071549
3006020,-1.207446207071549
3007802,0.26971230708715094
3009584,0.26971230708715094
3011366,-0.4999460005822195
3013148,-0.9205095304989562
3014930,-1.667124028784006
3016712,-0.7555272453179942
3018494,-1.667124028784006
3020276,-1.2878506996590777
3022058,-1.2878506996590777
3023840,-0.40654204708657304
3025622,0.6035051886713684
3027404,0.001267010294038314
3029186,0.001267010294038314
3002457,-1.207446207071549
3004239,-1.207446207071549
3006021,-1.207446207071549
3007803,0.26971230708715094
3009585,0.26971230708715094
3011367,-0.4999460005822195
3013149,-0.9205095304989562
3014931,-1.667124028784006
3016713,-0.7555272453179942
3018495,-1.667124028784006
3020277,-1.2878506996590777
3022059,-1.2878506996590777
3023841,-0.40654204708657304
3025623,0.6035051886713684
3027405,0.001267010294038314
3029187,0.001267010294038314
3002458,-1.207446207071549
3004240,-1.207446207071549
3006022,-1.207446207071549
3007804,0.26971230708715094
3009586,0.26971230708715094
3011368,-0.4999460005822195
3013150,-0.9205095304989562
3014932,-1.667124028784006
3016714,-0.7555272453179942
3018496,-1.667124028784006
3020278,-1.2878506996590777
3022060,-1.2878506996590777
3023842,-0.40654204708657304
3025624,0.6035051886713684
3027406,0.001267010294038314
3029188,0.001267010294038314
3002459,-1.207446207071549
3004241,-1.207446207071549
3006023,-1.207446207071549
3007805,0.26971230708715094
3009587,0.26971230708715094
3011369,-0.4999460005822195
3013151,-0.9205095304989562
3014933,-1.667124028784006
3016715,-0.7555272453179942
3018497,-1.667124028784006
3020279,-1.2878506996590777
3022061,-1.2878506996590777
3023843,-0.40654204708657304
3025625,0.6035051886713684
3027407,0.001267010294038314
3029189,0.001267010294038314
3002460,-1.207446207071549
3004242,-1.207446207071549
3006024,-1.207446207071549
3007806,0.26971230708715094
3009588,0.26971230708715094
3011370,-0.4999460005822195
3013152,-0.9205095304989562
3014934,-1.667124028784006
3016716,-0.7555272453179942
3018498,-1.667124028784006
3020280,-1.2878506996590777
3022062,-1.2878506996590777
3023844,-0.40654204708657304
3025626,0.6035051886713684
3027408,0.001267010294038314
3029190,0.001267010294038314
3002461,-0.3627230648897945
3004243,-0.3627230648897945
3006025,-0.3627230648897945
3007807,1.3036263859116233
3009589,1.3036263859116233
3011371,0.3447771415995349
3013153,-0.07578638831720165
3014935,-0.8224008866022513
3016717,0.08919589686376071
3018499,-0.8224008866022513
3020281,-0.253936620834606
3022063,-0.253936620834606
3023845,0.4381810950951812
3025627,1.4482283308531225
3027409,0.845990152475793
3029191,0.845990152475793
3002462,-1.024067395318697
3004244,-1.024067395318697
3006026,-1.024067395318697
3007808,0.6422820554827207
3009590,0.6422820554827207
3011372,-0.3165671888293675
3013154,-0.7371307187461044
3014936,-1.4837452170311536
3016718,-0.5721484335651419
3018500,-1.4837452170311536
3020282,-0.9152809512635085
3022064,-0.9152809512635085
3023846,-0.22316323533372096
3025628,0.7868840004242201
3027410,0.18464582204689076
3029192,0.18464582204689076
3002463,-1.024067395318697
3004245,-1.024067395318697
3006027,-1.024067395318697
3007809,0.6422820554827207
3009591,0.6422820554827207
3011373,-0.3165671888293675
3013155,-0.7371307187461044
3014937,-1.4837452170311536
3016719,-0.5721484335651419
3018501,-1.4837452170311536
3020283,-0.9152809512635085
3022065,-0.9152809512635085
3023847,-0.22316323533372096
3025629,0.7868840004242201
3027411,0.18464582204689076
3029193,0.18464582204689076
3002464,-1.024067395318697
3004246,-1.024067395318697
3006028,-1.024067395318697
3007810,0.6422820554827207
3009592,0.6422820554827207
3011374,-0.3165671888293675
3013156,-0.7371307187461044
3014938,-1.4837452170311536
3016720,-0.5721484335651419
3018502,-1.4837452170311536
3020284,-0.9152809512635085
3022066,-0.9152809512635085
3023848,-0.22316323533372096
3025630,0.7868840004242201
3027412,0.18464582204689076
3029194,0.18464582204689076
3002465,-1.024067395318697
3004247,-1.024067395318697
3006029,-1.024067395318697
3007811,0.6422820554827207
3009593,0.6422820554827207
3011375,-0.3165671888293675
3013157,-0.7371307187461044
3014939,-1.4837452170311536
3016721,-0.5721484335651419
3018503,-1.4837452170311536
3020285,-0.9152809512635085
3022067,-0.9152809512635085
3023849,-0.22316323533372096
3025631,0.7868840004242201
3027413,0.18464582204689076
3029195,0.18464582204689076
3002466,-1.024067395318697
3004248,-1.024067395318697
3006030,-1.024067395318697
3007812,0.6422820554827207
3009594,0.6422820554827207
3011376,-0.3165671888293675
3013158,-0.7371307187461044
3014940,-1.4837452170311536
3016722,-0.5721484335651419
3018504,-1.4837452170311536
3020286,-0.9152809512635085
3022068,-0.9152809512635085
3023850,-0.22316323533372096
3025632,0.7868840004242201
3027414,0.18464582204689076
3029196,0.18464582204689076
3002467,-1.024067395318697
3004249,-1.024067395318697
3006031,-1.024067395318697
3007813,0.6422820554827207
3009595,0.6422820554827207
3011377,-0.3165671888293675
3013159,-0.7371307187461044
3014941,-1.4837452170311536
3016723,-0.5721484335651419
3018505,-1.4837452170311536
3020287,-0.9152809512635085
3022069,-0.9152809512635085
3023851,-0.22316323533372096
3025633,0.7868840004242201
3027415,0.18464582204689076
3029197,0.18464582204689076
3002468,-1.1684931005135513
3004250,-1.1684931005135513
3006032,-1.1684931005135513
3007814,0.49785635028786596
3009596,0.49785635028786596
3011378,-0.46099289402422206
3013160,-0.8815564239409589
3014942,-1.6281709222260081
3016724,-0.7165741387599966
3018506,-1.6281709222260081
3020288,-1.059706656458363
3022070,-1.059706656458363
3023852,-0.3675889405285756
3025634,0.6424582952293657
3027416,0.04022011685203592
3029198,0.04022011685203592
3002469,-1.1684931005135513
3004251,-1.1684931005135513
3006033,-1.1684931005135513
3007815,0.49785635028786596
3009597,0.49785635028786596
3011379,-0.46099289402422206
3013161,-0.8815564239409589
3014943,-1.6281709222260081
3016725,-0.7165741387599966
3018507,-1.6281709222260081
3020289,-1.059706656458363
3022071,-1.059706656458363
3023853,-0.3675889405285756
3025635,0.6424582952293657
3027417,0.04022011685203592
3029199,0.04022011685203592
3002470,-1.1684931005135513
3004252,-1.1684931005135513
3006034,-1.1684931005135513
3007816,0.49785635028786596
3009598,0.49785635028786596
3011380,-0.46099289402422206
3013162,-0.8815564239409589
3014944,-1.6281709222260081
3016726,-0.7165741387599966
3018508,-1.6281709222260081
3020290,-1.059706656458363
3022072,-1.059706656458363
3023854,-0.3675889405285756
3025636,0.6424582952293657
3027418,0.04022011685203592
3029200,0.04022011685203592
3002471,-1.1684931005135513
3004253,-1.1684931005135513
3006035,-1.1684931005135513
3007817,0.49785635028786596
3009599,0.49785635028786596
3011381,-0.46099289402422206
3013163,-0.8815564239409589
3014945,-1.6281709222260081
3016727,-0.7165741387599966
3018509,-1.6281709222260081
3020291,-1.059706656458363
3022073,-1.059706656458363
3023855,-0.3675889405285756
3025637,0.6424582952293657
3027419,0.04022011685203592
3029201,0.04022011685203592
3002472,-0.19322945647163814
3004254,-0.19322945647163814
3006036,-0.19322945647163814
3007818,1.2839290576870621
3009600,1.2839290576870621
3011382,0.5142707500176918
3013164,0.09370722010095521
3014946,-0.6529072781840951
3016728,0.06563713932743422
3018510,-0.6529072781840951
3020292,-0.27363394905916727
3022074,-0.27363394905916727
3023856,0.6076747035133382
3025638,0.9609224964031414
3027420,0.3586843180258115
3029202,0.3586843180258115
3002473,-0.19322945647163814
3004255,-0.19322945647163814
3006037,-0.19322945647163814
3007819,1.2839290576870621
3009601,1.2839290576870621
3011383,0.5142707500176918
3013165,0.09370722010095521
3014947,-0.6529072781840951
3016729,0.06563713932743422
3018511,-0.6529072781840951
3020293,-0.27363394905916727
3022075,-0.27363394905916727
3023857,0.6076747035133382
3025639,0.9609224964031414
3027421,0.3586843180258115
3029203,0.3586843180258115
3002474,-0.19322945647163814
3004256,-0.19322945647163814
3006038,-0.19322945647163814
3007820,1.2839290576870621
3009602,1.2839290576870621
3011384,0.5142707500176918
3013166,0.09370722010095521
3014948,-0.6529072781840951
3016730,0.06563713932743422
3018512,-0.6529072781840951
3020294,-0.27363394905916727
3022076,-0.27363394905916727
3023858,0.6076747035133382
3025640,0.9609224964031414
3027422,0.3586843180258115
3029204,0.3586843180258115
3002475,2.570035065497455
3004257,2.570035065497455
3006039,2.570035065497455
3007821,4.047193579656153
3009603,4.047193579656153
3011385,3.2775352719867854
3013167,2.856971742070049
3014949,2.110357243784998
3016731,2.828901661296528
3018513,2.110357243784998
3020295,2.489630572909926
3022077,2.489630572909926
3023859,3.3709392254824317
3025641,3.724187018372236
3027423,3.1219488399949045
3029205,3.1219488399949045
3002476,-0.7845032909987034
3004258,-0.7845032909987034
3006040,-0.7845032909987034
3007822,0.6926552231599973
3009604,0.6926552231599973
3011386,-0.07700308450937353
3013168,-0.4975666144261103
3014950,-1.24418111271116
3016732,-0.525636695199631
3018514,-1.24418111271116
3020296,-0.8649077835862324
3022078,-0.8649077835862324
3023860,0.016400868986273118
3025642,0.3696486618760766
3027424,-0.23258951650125365
3029206,-0.23258951650125365
3002477,-0.7845032909987034
3004259,-0.7845032909987034
3006041,-0.7845032909987034
3007823,0.6926552231599973
3009605,0.6926552231599973
3011387,-0.07700308450937353
3013169,-0.4975666144261103
3014951,-1.24418111271116
3016733,-0.525636695199631
3018515,-1.24418111271116
3020297,-0.8649077835862324
3022079,-0.8649077835862324
3023861,0.016400868986273118
3025643,0.3696486618760766
3027425,-0.23258951650125365
3029207,-0.23258951650125365
3002478,-0.7845032909987034
3004260,-0.7845032909987034
3006042,-0.7845032909987034
3007824,0.6926552231599973
3009606,0.6926552231599973
3011388,-0.07700308450937353
3013170,-0.4975666144261103
3014952,-1.24418111271116
3016734,-0.525636695199631
3018516,-1.24418111271116
3020298,-0.8649077835862324
3022080,-0.8649077835862324
3023862,0.016400868986273118
3025644,0.3696486618760766
3027426,-0.23258951650125365
3029208,-0.23258951650125365
3002479,1.0405179072052373
3004261,1.0405179072052373
3006043,1.0405179072052373
3007825,2.5176764213639378
3009607,2.5176764213639378
3011389,1.748018113694569
3013171,1.327454583777832
3014953,0.5808400854927805
3016735,1.2993845030043094
3018517,0.5808400854927805
3020299,0.9601134146177084
3022081,0.9601134146177084
3023863,1.8414220671902153
3025645,2.194669860080019
3027427,1.5924316817026871
3029209,1.5924316817026871
3002480,1.0405179072052373
3004262,1.0405179072052373
3006044,1.0405179072052373
3007826,2.5176764213639378
3009608,2.5176764213639378
3011390,1.748018113694569
3013172,1.327454583777832
3014954,0.5808400854927805
3016736,1.2993845030043094
3018518,0.5808400854927805
3020300,0.9601134146177084
3022082,0.9601134146177084
3023864,1.8414220671902153
3025646,2.194669860080019
3027428,1.5924316817026871
3029210,1.5924316817026871
3002481,0.8794939141345901
3004263,0.8794939141345901
3006045,0.8794939141345901
3007827,2.3566524282932906
3009609,2.3566524282932906
3011391,1.5869941206239213
3013173,1.1664305907071848
3014955,0.4198160924221337
3016737,1.1383605099336622
3018519,0.4198160924221337
3020301,0.7990894215470612
3022083,0.7990894215470612
3023865,1.680398074119568
3025647,2.0336458670093718
3027429,1.4314076886320404
3029211,1.4314076886320404
3002482,0.8794939141345901
3004264,0.8794939141345901
3006046,0.8794939141345901
3007828,2.3566524282932906
3009610,2.3566524282932906
3011392,1.5869941206239213
3013174,1.1664305907071848
3014956,0.4198160924221337
3016738,1.1383605099336622
3018520,0.4198160924221337
3020302,0.7990894215470612
3022084,0.7990894215470612
3023866,1.680398074119568
3025648,2.0336458670093718
3027430,1.4314076886320404
3029212,1.4314076886320404
3002483,2.079559929612711
3004265,2.079559929612711
3006047,2.079559929612711
3007829,3.556718443771409
3009611,3.556718443771409
3011393,0.5764723108571547
3013175,0.15590878094041877
3014957,-0.5907057173446321
3016739,0.1278387001668962
3018521,-0.5907057173446321
3020303,-0.21143238821970506
3022085,-0.21143238821970506
3023867,5.261451569887773
3025649,5.614699362777577
3027431,5.012461184400245
3029213,5.012461184400245
3002484,36.62551420757139
3004266,36.62551420757139
3006048,36.62551420757139
3007830,38.102672721730094
3009612,38.102672721730094
3011394,31.525822389737147
3013176,31.105258859820417
3014958,30.35864436153537
3016740,31.0771887790469
3018522,30.35864436153537
3020304,30.737917690660296
3022086,30.737917690660296
3023868,36.21080164876778
3025650,36.56404944165758
3027432,35.961811263280254
3029214,35.961811263280254
3002485,-0.15154017679886894
3004267,-0.15154017679886894
3006049,-0.15154017679886894
3007831,1.3256183373598318
3009613,1.3256183373598318
3011395,0.5559600296904608
3013177,0.1353964997737243
3014959,-0.6112179985113259
3016741,0.3003787849546862
3018523,-0.6112179985113259
3020305,-0.2319446693863978
3022087,-0.2319446693863978
3023869,0.6493639831861069
3025651,1.0026117760759108
3027433,0.40037359769858066
3029215,0.40037359769858066
3002486,-0.9728215506135505
3004268,-0.9728215506135505
3006050,-0.9728215506135505
3007832,0.5043369635451497
3009614,0.5043369635451497
3011396,-0.26532134412422065
3013178,-0.6858848740409574
3014960,-1.432499372326007
3016742,-0.5209025888599952
3018524,-1.432499372326007
3020306,-1.0532260432010792
3022088,-1.0532260432010792
3023870,-0.17191739062857425
3025652,0.18133040226122915
3027434,-0.4209077761161008
3029216,-0.4209077761161008
3002487,-0.9728215506135505
3004269,-0.9728215506135505
3006051,-0.9728215506135505
3007833,0.5043369635451497
3009615,0.5043369635451497
3011397,-0.26532134412422065
3013179,-0.6858848740409574
3014961,-1.432499372326007
3016743,-0.5209025888599952
3018525,-1.432499372326007
3020307,-1.0532260432010792
3022089,-1.0532260432010792
3023871,-0.17191739062857425
3025653,0.18133040226122915
3027435,-0.4209077761161008
3029217,-0.4209077761161008
3002488,-0.9728215506135505
3004270,-0.9728215506135505
3006052,-0.9728215506135505
3007834,0.5043369635451497
3009616,0.5043369635451497
3011398,-0.26532134412422065
3013180,-0.6858848740409574
3014962,-1.432499372326007
3016744,-0.5209025888599952
3018526,-1.432499372326007
3020308,-1.0532260432010792
3022090,-1.0532260432010792
3023872,-0.17191739062857425
3025654,0.18133040226122915
3027436,-0.4209077761161008
3029218,-0.4209077761161008
3002489,-0.9728215506135505
3004271,-0.9728215506135505
3006053,-0.9728215506135505
3007835,0.5043369635451497
3009617,0.5043369635451497
3011399,-0.26532134412422065
3013181,-0.6858848740409574
3014963,-1.432499372326007
3016745,-0.5209025888599952
3018527,-1.432499372326007
3020309,-1.0532260432010792
3022091,-1.0532260432010792
3023873,-0.17191739062857425
3025655,0.18133040226122915
3027437,-0.4209077761161008
3029219,-0.4209077761161008
3002490,-0.9728215506135505
3004272,-0.9728215506135505
3006054,-0.9728215506135505
3007836,0.5043369635451497
3009618,0.5043369635451497
3011400,-0.26532134412422065
3013182,-0.6858848740409574
3014964,-1.432499372326007
3016746,-0.5209025888599952
3018528,-1.432499372326007
3020310,-1.0532260432010792
3022092,-1.0532260432010792
3023874,-0.17191739062857425
3025656,0.18133040226122915
3027438,-0.4209077761161008
3029220,-0.4209077761161008
3002491,-0.9728215506135505
3004273,-0.9728215506135505
3006055,-0.9728215506135505
3007837,0.5043369635451497
3009619,0.5043369635451497
3011401,-0.26532134412422065
3013183,-0.6858848740409574
3014965,-1.432499372326007
3016747,-0.5209025888599952
3018529,-1.432499372326007
3020311,-1.0532260432010792
3022093,-1.0532260432010792
3023875,-0.17191739062857425
3025657,0.18133040226122915
3027439,-0.4209077761161008
3029221,-0.4209077761161008
3002492,-0.9728215506135505
3004274,-0.9728215506135505
3006056,-0.9728215506135505
3007838,0.5043369635451497
3009620,0.5043369635451497
3011402,-0.26532134412422065
3013184,-0.6858848740409574
3014966,-1.432499372326007
3016748,-0.5209025888599952
3018530,-1.432499372326007
3020312,-1.0532260432010792
3022094,-1.0532260432010792
3023876,-0.17191739062857425
3025658,0.18133040226122915
3027440,-0.4209077761161008
3029222,-0.4209077761161008
3002493,-0.9728215506135505
3004275,-0.9728215506135505
3006057,-0.9728215506135505
3007839,0.5043369635451497
3009621,0.5043369635451497
3011403,-0.26532134412422065
3013185,-0.6858848740409574
3014967,-1.432499372326007
3016749,-0.5209025888599952
3018531,-1.432499372326007
3020313,-1.0532260432010792
3022095,-1.0532260432010792
3023877,-0.17191739062857425
3025659,0.18133040226122915
3027441,-0.4209077761161008
3029223,-0.4209077761161008
3002494,-0.8478524098756102
3004276,-0.8478524098756102
3006058,-0.8478524098756102
3007840,0.8184970409258074
3009622,0.8184970409258074
3011404,-0.14035220338628032
3013186,-0.560915733303017
3014968,-1.3075302315880666
3016750,-0.3959334481220548
3018532,-1.3075302315880666
3020314,-0.7390659658204217
3022096,-0.7390659658204217
3023878,-0.04694824989063388
3025660,0.30629954299916945
3027442,-0.2959386353781603
3029224,-0.2959386353781603
3002495,-0.8478524098756102
3004277,-0.8478524098756102
3006059,-0.8478524098756102
3007841,0.8184970409258074
3009623,0.8184970409258074
3011405,-0.14035220338628032
3013187,-0.560915733303017
3014969,-1.3075302315880666
3016751,-0.3959334481220548
3018533,-1.3075302315880666
3020315,-0.7390659658204217
3022097,-0.7390659658204217
3023879,-0.04694824989063388
3025661,0.30629954299916945
3027443,-0.2959386353781603
3029225,-0.2959386353781603
3002496,-0.8478524098756102
3004278,-0.8478524098756102
3006060,-0.8478524098756102
3007842,0.8184970409258074
3009624,0.8184970409258074
3011406,-0.14035220338628032
3013188,-0.560915733303017
3014970,-1.3075302315880666
3016752,-0.3959334481220548
3018534,-1.3075302315880666
3020316,-0.7390659658204217
3022098,-0.7390659658204217
3023880,-0.04694824989063388
3025662,0.30629954299916945
3027444,-0.2959386353781603
3029226,-0.2959386353781603
3002497,-0.8478524098756102
3004279,-0.8478524098756102
3006061,-0.8478524098756102
3007843,0.8184970409258074
3009625,0.8184970409258074
3011407,-0.14035220338628032
3013189,-0.560915733303017
3014971,-1.3075302315880666
3016753,-0.3959334481220548
3018535,-1.3075302315880666
3020317,-0.7390659658204217
3022099,-0.7390659658204217
3023881,-0.04694824989063388
3025663,0.30629954299916945
3027445,-0.2959386353781603
3029227,-0.2959386353781603
3002498,-0.8478524098756102
3004280,-0.8478524098756102
3006062,-0.8478524098756102
3007844,0.8184970409258074
3009626,0.8184970409258074
3011408,-0.14035220338628032
3013190,-0.560915733303017
3014972,-1.3075302315880666
3016754,-0.3959334481220548
3018536,-1.3075302315880666
3020318,-0.7390659658204217
3022100,-0.7390659658204217
3023882,-0.04694824989063388
3025664,0.30629954299916945
3027446,-0.2959386353781603
3029228,-0.2959386353781603
3002499,-0.8478524098756102
3004281,-0.8478524098756102
3006063,-0.8478524098756102
3007845,0.8184970409258074
3009627,0.8184970409258074
3011409,-0.14035220338628032
3013191,-0.560915733303017
3014973,-1.3075302315880666
3016755,-0.3959334481220548
3018537,-1.3075302315880666
3020319,-0.7390659658204217
3022101,-0.7390659658204217
3023883,-0.04694824989063388
3025665,0.30629954299916945
3027447,-0.2959386353781603
3029229,-0.2959386353781603
3002500,-0.8478524098756102
3004282,-0.8478524098756102
3006064,-0.8478524098756102
3007846,0.8184970409258074
3009628,0.8184970409258074
3011410,-0.14035220338628032
3013192,-0.560915733303017
3014974,-1.3075302315880666
3016756,-0.3959334481220548
3018538,-1.3075302315880666
3020320,-0.7390659658204217
3022102,-0.7390659658204217
3023884,-0.04694824989063388
3025666,0.30629954299916945
3027448,-0.2959386353781603
3029230,-0.2959386353781603
3002501,-0.9922781150704649
3004283,-0.9922781150704649
3006065,-0.9922781150704649
3007847,0.6740713357309528
3009629,0.6740713357309528
3011411,-0.2847779085811351
3013193,-0.7053414384978719
3014975,-1.4519559367829216
3016757,-0.5403591533169096
3018539,-1.4519559367829216
3020321,-0.8834916710152765
3022103,-0.8834916710152765
3023885,-0.1913739550854886
3025667,0.16187383780431475
3027449,-0.44036434057301527
3029231,-0.44036434057301527
3002502,-0.9922781150704649
3004284,-0.9922781150704649
3006066,-0.9922781150704649
3007848,0.6740713357309528
3009630,0.6740713357309528
3011412,-0.2847779085811351
3013194,-0.7053414384978719
3014976,-1.4519559367829216
3016758,-0.5403591533169096
3018540,-1.4519559367829216
3020322,-0.8834916710152765
3022104,-0.8834916710152765
3023886,-0.1913739550854886
3025668,0.16187383780431475
3027450,-0.44036434057301527
3029232,-0.44036434057301527
3002503,-0.9922781150704649
3004285,-0.9922781150704649
3006067,-0.9922781150704649
3007849,0.6740713357309528
3009631,0.6740713357309528
3011413,-0.2847779085811351
3013195,-0.7053414384978719
3014977,-1.4519559367829216
3016759,-0.5403591533169096
3018541,-1.4519559367829216
3020323,-0.8834916710152765
3022105,-0.8834916710152765
3023887,-0.1913739550854886
3025669,0.16187383780431475
3027451,-0.44036434057301527
3029233,-0.44036434057301527
3002504,-0.9922781150704649
3004286,-0.9922781150704649
3006068,-0.9922781150704649
3007850,0.6740713357309528
3009632,0.6740713357309528
3011414,-0.2847779085811351
3013196,-0.7053414384978719
3014978,-1.4519559367829216
3016760,-0.5403591533169096
3018542,-1.4519559367829216
3020324,-0.8834916710152765
3022106,-0.8834916710152765
3023888,-0.1913739550854886
3025670,0.16187383780431475
3027452,-0.44036434057301527
3029234,-0.44036434057301527
3002505,-0.48737500151091506
3004287,-0.48737500151091506
3006069,-0.48737500151091506
3007851,0.9897835126477852
3009633,0.9897835126477852
3011415,0.22012520497841442
3013197,-0.20043832493832214
3014979,-0.9470528232233719
3016761,-0.22850840571184255
3018543,-0.9470528232233719
3020325,-0.5677794940984442
3022107,-0.5677794940984442
3023889,0.3135291584740609
3025671,0.6667769513638643
3027453,0.06453877298653478
3029235,0.06453877298653478
3002506,-0.48737500151091506
3004288,-0.48737500151091506
3006070,-0.48737500151091506
3007852,0.9897835126477852
3009634,0.9897835126477852
3011416,0.22012520497841442
3013198,-0.20043832493832214
3014980,-0.9470528232233719
3016762,-0.22850840571184255
3018544,-0.9470528232233719
3020326,-0.5677794940984442
3022108,-0.5677794940984442
3023890,0.3135291584740609
3025672,0.6667769513638643
3027454,0.06453877298653478
3029236,0.06453877298653478
3002507,-0.48737500151091506
3004289,-0.48737500151091506
3006071,-0.48737500151091506
3007853,0.9897835126477852
3009635,0.9897835126477852
3011417,0.22012520497841442
3013199,-0.20043832493832214
3014981,-0.9470528232233719
3016763,-0.22850840571184255
3018545,-0.9470528232233719
3020327,-0.5677794940984442
3022109,-0.5677794940984442
3023891,0.3135291584740609
3025673,0.6667769513638643
3027455,0.06453877298653478
3029237,0.06453877298653478
3002508,873.1278818378786
3004290,873.1278818378786
3006072,873.1278818378786
3007854,883.5604544427404
3009636,883.5604544427404
3011418,871.2783311859781
3013200,826.6405623582796
3014982,826.2490887400714
3016764,882.4027554565106
3018546,810.1673587856277
3020328,810.9677597291436
3022110,810.9677597291436
3023892,811.9552587433088
3025674,782.0281937253634
3027456,773.5198778128718
3029238,773.5198778128718
3002509,-1.0786488360379805
3004291,-1.0786488360379805
3006073,-1.0786488360379805
3007855,0.3985096781207196
3009637,0.3985096781207196
3011419,-0.3711486295486507
3013201,-0.7917121594653874
3014983,-1.538326657750437
3016765,-0.8197822402389083
3018547,-1.538326657750437
3020329,-1.1590533286255094
3022111,-1.1590533286255094
3023893,-0.27774467605300435
3025675,0.07550311683679918
3027457,-0.5267350615405307
3029239,-0.5267350615405307
3002510,144.32125710807767
3004292,144.32125710807767
3006074,144.32125710807767
3007856,146.0923285460482
3009638,146.0923285460482
3011420,145.6116071849742
3013202,143.1463012583107
3014984,142.61247986410137
3016766,155.5074739877683
3018548,142.61247986410137
3020330,143.28566611703815
3022112,143.28566611703815
3023894,144.455911716206
3025676,144.99576751362034
3027458,145.2226397512295
3029240,145.2226397512295
3002511,1.1228432465913303
3004293,1.1228432465913303
3006075,1.1228432465913303
3007857,2.6000017607500303
3009639,2.6000017607500303
3011421,1.8494377209644077
3013203,1.4288741910476717
3014985,0.6631654248788738
3016767,2.4982904581332464
3018549,0.6631654248788738
3020331,1.0424387540038011
3022113,1.0424387540038011
3023895,1.942841674460055
3025677,3.331580893722769
3027459,2.710248447461692
3029241,2.710248447461692
3002512,616.19478908552
3004294,616.19478908552
3006076,616.19478908552
3007858,626.6273616903818
3009640,626.6273616903818
3011422,610.1194106744019
3013204,590.1183816705641
3014986,589.726908052356
3016768,617.6281495059592
3018550,589.726908052356
3020332,590.5273089958719
3022114,590.5273089958719
3023896,584.076390902782
3025678,565.1396284778718
3027460,567.1206753210307
3029242,567.1206753210307
3002513,134.63552458546465
3004295,134.63552458546465
3006077,134.63552458546465
3007859,136.40659602343518
3009641,136.40659602343518
3011423,135.92587466236117
3013205,133.46056873569768
3014987,132.92674734148835
3016769,145.82174146515527
3018551,132.92674734148835
3020333,133.59993359442512
3022115,133.59993359442512
3023897,134.77017919359298
3025679,135.3100349910073
3027461,135.53690722861649
3029243,135.53690722861649
3002514,96.33633785615253
3004296,96.33633785615253
3006078,96.33633785615253
3007860,98.10740929412304
3009642,98.10740929412304
3011424,96.83104495856617
3013206,96.41048142864942
3014988,95.87666003444008
3016770,103.06563955596299
3018552,95.87666003444008
3020334,96.54984628737682
3022116,96.54984628737682
3023898,96.92444891206182
3025680,99.71944833225282
3027462,99.74502056184633
3029244,99.74502056184633
3002515,71.69667749050856
3004297,71.69667749050856
3006079,71.69667749050856
3007861,73.17383600466727
3009643,73.17383600466727
3011425,72.1913845929222
3013207,71.77082106300546
3014989,71.23699966879612
3016771,77.16950325720835
3018553,71.23699966879612
3020335,71.61627299792104
3022117,71.61627299792104
3023899,72.28478854641786
3025681,73.67352776568056
3027463,73.69909999527407
3029245,73.69909999527407
3002516,9.917263766325457
3004298,9.917263766325457
3006080,9.917263766325457
3007862,11.394422280484156
3009644,11.394422280484156
3011426,8.433270415453647
3013208,8.012706885536907
3014990,7.246998119368109
3016772,9.082123152622483
3018554,7.246998119368109
3020336,7.6262714484930365
3022118,7.6262714484930365
3023900,13.118249674484266
3025682,14.50698889374698
3027464,13.885656447485903
3029246,13.885656447485903
3002517,1730.668524319285
3004299,1716.3278027440479
3006081,1716.3278027440479
3007863,1792.7557720641475
3009645,1774.641582261685
3011427,1730.7032874897034
3013209,1657.3673839298185
3014991,1656.9759103116105
3016773,1757.9291943829705
3018555,1605.879834353794
3020337,1603.2895376583754
3022119,1639.4977153447937
3023901,1622.311964543038
3025683,1652.4962420367988
3027465,1636.0467630981711
3029247,1621.706041522934
3002518,4.843990158600716
3004300,4.843990158600716
3006082,4.843990158600716
3007864,6.321148672759416
3009646,6.321148672759416
3011428,5.570584632973794
3013210,5.150021103057055
3014992,4.384312336888259
3016774,6.412489736097114
3018556,4.384312336888259
3020338,4.763585666013186
3022120,4.763585666013186
3023902,5.663988586469439
3025684,7.052727805732154
3027466,6.431395359471078
3029248,6.431395359471078
3002519,1.2505582941220854
3004301,1.2505582941220854
3006083,1.2505582941220854
3007865,2.7277168082807854
3009647,2.7277168082807854
3011429,1.9771527684951604
3013211,1.5565892385784235
3014993,0.7908804724096286
3016775,2.819057871618485
3018557,0.7908804724096286
3020339,1.1701538015345567
3022121,1.1701538015345567
3023903,2.070556721990807
3025685,3.459295941253523
3027467,2.8379634949924477
3029249,2.8379634949924477
3002520,2.3547272032153623
3004302,2.3547272032153623
3006084,2.3547272032153623
3007866,3.831885717374062
3009648,3.831885717374062
3011430,3.081321677588436
3013212,2.6607581476717
3014994,1.8950493815029057
3016776,3.923226780711763
3018558,1.8950493815029057
3020340,2.274322710627833
3022122,2.274322710627833
3023904,3.174725631084083
3025686,4.563464850346797
3027468,3.9421324040857244
3029250,3.9421324040857244
3002521,6.131200945149168
3004303,6.131200945149168
3006085,6.131200945149168
3007867,7.608359459307867
3009649,7.608359459307867
3011431,6.857795419522245
3013213,6.437231889605506
3014995,5.67152312343671
3016777,7.699700522645564
3018559,5.67152312343671
3020341,6.050796452561637
3022123,6.050796452561637
3023905,6.95119937301789
3025687,8.33993859228061
3027469,7.71860614601953
3029251,7.71860614601953
3002522,-1.2669670956528272
3004304,-1.2669670956528272
3006086,-1.2669670956528272
3007868,0.21019141850587303
3009650,0.21019141850587303
3011432,-0.5594668891634975
3013214,-0.9800304190802342
3014996,-1.726644917365284
3016778,-0.8150481338992722
3018560,-1.726644917365284
3020342,-1.347371588240356
3022124,-1.347371588240356
3023906,-0.466062935667851
3025688,-0.11281514277804759
3027470,-0.7150533211553775
3029252,-0.7150533211553775
3002523,127.45384250437145
3004305,127.45384250437145
3006087,127.45384250437145
3007869,129.22491394234206
3009651,129.22491394234206
3011433,127.94854960678511
3013215,127.52798607686833
3014997,126.99416468265902
3016779,136.64446815681285
3018561,126.99416468265902
3020343,127.66735093559578
3022125,127.66735093559578
3023907,128.04195356028072
3025689,131.2871121418653
3027471,131.51398437947446
3029253,131.51398437947446
3002524,-1.2669670956528272
3004306,-1.2669670956528272
3006088,-1.2669670956528272
3007870,0.21019141850587303
3009652,0.21019141850587303
3011434,-0.5594668891634975
3013216,-0.9800304190802342
3014998,-1.726644917365284
3016780,-0.8150481338992722
3018562,-1.726644917365284
3020344,-1.347371588240356
3022126,-1.347371588240356
3023908,-0.466062935667851
3025690,-0.11281514277804759
3027472,-0.7150533211553775
3029254,-0.7150533211553775
3002525,-1.2669670956528272
3004307,-1.2669670956528272
3006089,-1.2669670956528272
3007871,0.21019141850587303
3009653,0.21019141850587303
3011435,-0.5594668891634975
3013217,-0.9800304190802342
3014999,-1.726644917365284
3016781,-0.8150481338992722
3018563,-1.726644917365284
3020345,-1.347371588240356
3022127,-1.347371588240356
3023909,-0.466062935667851
3025691,-0.11281514277804759
3027473,-0.7150533211553775
3029255,-0.7150533211553775
3002526,2.3547272032153623
3004308,2.3547272032153623
3006090,2.3547272032153623
3007872,3.831885717374062
3009654,3.831885717374062
3011436,3.081321677588436
3013218,2.6607581476717
3015000,1.8950493815029057
3016782,3.923226780711763
3018564,1.8950493815029057
3020346,2.274322710627833
3022128,2.274322710627833
3023910,3.174725631084083
3025692,4.563464850346797
3027474,3.9421324040857244
3029256,3.9421324040857244
3002527,28.48913098123059
3004309,28.48913098123059
3006091,28.48913098123059
3007873,30.15548043203201
3009655,30.15548043203201
3011437,28.96568573771686
3013219,28.545122207800123
3015001,28.029453159518134
3016783,31.231480755635594
3018565,28.029453159518134
3020347,28.59791742528578
3022129,28.59791742528578
3023911,29.059089691212506
3025693,30.447828910475227
3027475,30.491553485996082
3029257,30.491553485996082
3002528,0.7894372665645888
3004310,0.7894372665645888
3006092,0.7894372665645888
3007874,2.455786717366006
3009656,2.455786717366006
3011438,1.4969374730539213
3013220,1.076373943137185
3015002,0.3297594448521328
3016784,1.7373286532531198
3018566,0.3297594448521328
3020348,0.8982237106197777
3022130,0.8982237106197777
3023912,1.5903414265495677
3025694,2.4136878261378536
3027476,1.8114496477605215
3029258,1.8114496477605215
3002529,29.57822908314221
3004311,29.57822908314221
3006093,29.57822908314221
3007875,31.24457853394363
3009657,31.24457853394363
3011439,30.07293618555583
3013221,29.65237265563909
3015003,29.118551261429754
3016785,32.320578857547204
3018567,29.118551261429754
3020349,29.6870155271974
3022131,29.6870155271974
3023913,30.166340139051474
3025695,31.555079358314174
3027477,31.58065158790768
3029259,31.58065158790768
3002530,149.80601987779886
3004312,149.80601987779886
3006094,149.80601987779886
3007876,151.5770913157694
3009658,151.5770913157694
3011440,151.09636995469538
3013222,147.3167246966429
3015004,146.78290330243357
3016786,160.66503944787056
3018568,146.78290330243357
3020350,147.45608955537034
3022132,147.45608955537034
3023914,148.6263351545382
3025696,149.16619095195253
3027478,149.3930631895617
3029260,149.3930631895617
3002531,-1.1419979549148866
3004313,-1.1419979549148866
3006095,-1.1419979549148866
3007877,0.5243514958865308
3009659,0.5243514958865308
3011441,-0.4344977484255574
3013223,-0.8550612783422942
3015005,-1.6016757766273435
3016787,-0.6900789931613317
3018569,-1.6016757766273435
3020351,-1.0332115108596982
3022133,-1.0332115108596982
3023915,-0.34109379492991093
3025697,0.012153997959892533
3027479,-0.5900841804174369
3029261,-0.5900841804174369
3002532,3.343112376166178
3004314,3.343112376166178
3006096,3.343112376166178
3007878,5.009461826967596
3009660,5.009461826967596
3011442,4.069706850539253
3013224,3.649143320622517
3015006,2.8834345544537214
3016788,4.911611953662577
3018570,2.8834345544537214
3020352,3.4518988202213663
3022134,3.4518988202213663
3023916,4.163110804034899
3025698,5.551850023297613
3027480,4.930517577036539
3029262,4.930517577036539
3002533,53.86915699061177
3004315,53.86915699061177
3006097,53.86915699061177
3007879,55.53550644141319
3009661,55.53550644141319
3011443,54.36386409302539
3013225,53.94330056310866
3015007,53.40947916889932
3016789,56.61150676501676
3018571,53.40947916889932
3020353,53.97794343466696
3022135,53.97794343466696
3023917,54.45726804652104
3025699,55.84600726578375
3027481,55.871579495377254
3029263,55.871579495377254
3002534,21.489679626008645
3004316,21.489679626008645
3006098,21.489679626008645
3007880,23.156029076810064
3009662,23.156029076810064
3011444,21.96623438249492
3013226,21.545670852578183
3015008,21.030001804296187
3016790,23.05817920350505
3018572,21.030001804296187
3020354,21.598466070063832
3022136,21.598466070063832
3023918,22.059638335990567
3025700,23.448377555253284
3027482,23.492102130774132
3029264,23.492102130774132
3002535,304.8288731291897
3004317,304.8288731291897
3006099,304.8288731291897
3007881,313.9590354061493
3009663,313.9590354061493
3011445,300.3091285584715
3013227,287.91911714268554
3015009,287.3852957484762
3016791,313.8842408958629
3018573,287.3852957484762
3020355,290.3390889891278
3022137,290.3390889891278
3023919,289.2287276005809
3025701,281.5635112227343
3027483,283.4022102898919
3029265,283.4022102898919
3002536,-1.2864236601097416
3004318,-1.2864236601097416
3006100,-1.2864236601097416
3007882,0.37992579069167615
3009664,0.37992579069167615
3011446,-0.5789234536204121
3013228,-0.9994869835371486
3015010,-1.7461014818221985
3016792,-0.8345046983561867
3018574,-1.7461014818221985
3020356,-1.177637216054553
3022138,-1.177637216054553
3023920,-0.4855195001247655
3025702,-0.13227170723496212
3027484,-0.7345098856122919
3029266,-0.7345098856122919
3002537,-1.2864236601097416
3004319,-1.2864236601097416
3006101,-1.2864236601097416
3007883,0.37992579069167615
3009665,0.37992579069167615
3011447,-0.5789234536204121
3013229,-0.9994869835371486
3015011,-1.7461014818221985
3016793,-0.8345046983561867
3018575,-1.7461014818221985
3020357,-1.177637216054553
3022139,-1.177637216054553
3023921,-0.4855195001247655
3025703,-0.13227170723496212
3027485,-0.7345098856122919
3029267,-0.7345098856122919
